representation,method,id,label,dim_1,dim_2
One-hot,UMAP,seq_1,1,10.490484,1.5982176
One-hot,UMAP,seq_2,1,10.324208,3.1251626
One-hot,UMAP,seq_3,1,10.559269,2.2651894
One-hot,UMAP,seq_4,1,-3.2888315,0.5909743
One-hot,UMAP,seq_5,1,10.45768,1.9579124
One-hot,UMAP,seq_6,1,10.868708,1.8931624
One-hot,UMAP,seq_7,1,-3.2972465,0.59948516
One-hot,UMAP,seq_8,1,10.437423,1.8925517
One-hot,UMAP,seq_9,1,-3.2947397,0.5969921
One-hot,UMAP,seq_10,1,-3.2870877,0.590365
One-hot,UMAP,seq_11,1,-3.2900915,0.5925004
One-hot,UMAP,seq_12,1,10.32671,1.8696632
One-hot,UMAP,seq_13,1,11.057477,1.1921937
One-hot,UMAP,seq_14,1,10.105873,2.5701346
One-hot,UMAP,seq_15,1,-7.970226,2.8259861
One-hot,UMAP,seq_16,1,7.1142344,4.2175565
One-hot,UMAP,seq_17,1,7.1283665,4.2421846
One-hot,UMAP,seq_18,1,8.154617,4.8708067
One-hot,UMAP,seq_19,1,8.166956,4.856481
One-hot,UMAP,seq_20,1,8.169916,4.8589516
One-hot,UMAP,seq_21,1,9.345805,-11.664661
One-hot,UMAP,seq_22,1,10.360576,2.991345
One-hot,UMAP,seq_23,1,-3.887562,15.041285
One-hot,UMAP,seq_24,1,9.345803,-11.664714
One-hot,UMAP,seq_25,1,26.292976,5.833342
One-hot,UMAP,seq_26,1,10.531019,3.5970922
One-hot,UMAP,seq_27,1,10.471509,3.5837042
One-hot,UMAP,seq_28,1,7.984042,2.970057
One-hot,UMAP,seq_29,1,10.617959,2.801397
One-hot,UMAP,seq_30,1,10.383143,2.5977027
One-hot,UMAP,seq_31,1,11.752029,2.2864015
One-hot,UMAP,seq_32,1,11.623442,2.4960027
One-hot,UMAP,seq_33,1,12.443189,1.3640949
One-hot,UMAP,seq_34,1,10.797088,2.979698
One-hot,UMAP,seq_35,1,10.283725,1.7675644
One-hot,UMAP,seq_36,1,10.490264,2.3587298
One-hot,UMAP,seq_37,1,10.936531,2.1447957
One-hot,UMAP,seq_38,1,10.525239,2.8277445
One-hot,UMAP,seq_39,1,10.168391,2.8516781
One-hot,UMAP,seq_40,1,10.911517,1.9178118
One-hot,UMAP,seq_41,1,-7.9898534,2.8457992
One-hot,UMAP,seq_42,1,-7.977438,2.8332965
One-hot,UMAP,seq_43,1,-8.007798,2.8637464
One-hot,UMAP,seq_44,1,-7.978854,2.83482
One-hot,UMAP,seq_45,1,13.621802,4.3038526
One-hot,UMAP,seq_46,1,13.638971,4.3062983
One-hot,UMAP,seq_47,1,13.6266365,4.3017426
One-hot,UMAP,seq_48,1,13.633417,4.30553
One-hot,UMAP,seq_49,1,13.616205,4.3024073
One-hot,UMAP,seq_50,1,-7.974479,2.8302834
One-hot,UMAP,seq_51,1,7.056073,3.4157166
One-hot,UMAP,seq_52,1,-9.34014,5.155354
One-hot,UMAP,seq_53,1,-9.309856,5.186263
One-hot,UMAP,seq_54,1,-9.288671,5.209083
One-hot,UMAP,seq_55,1,4.433736,4.744464
One-hot,UMAP,seq_56,1,4.432235,4.743751
One-hot,UMAP,seq_57,1,11.840355,1.5968915
One-hot,UMAP,seq_58,1,4.439829,4.7419066
One-hot,UMAP,seq_59,1,4.435534,4.7430077
One-hot,UMAP,seq_60,1,-9.326595,5.1699233
One-hot,UMAP,seq_61,1,-9.290019,5.2060895
One-hot,UMAP,seq_62,1,-9.310544,5.1858096
One-hot,UMAP,seq_63,1,-9.323765,5.172486
One-hot,UMAP,seq_64,1,-9.313796,5.182915
One-hot,UMAP,seq_65,1,-9.306976,5.1896405
One-hot,UMAP,seq_66,1,-9.303842,5.1946177
One-hot,UMAP,seq_67,1,-9.324349,5.1714296
One-hot,UMAP,seq_68,1,-9.306041,5.1903234
One-hot,UMAP,seq_69,1,-9.3059025,5.191204
One-hot,UMAP,seq_70,1,-9.290962,5.206924
One-hot,UMAP,seq_71,1,-9.280671,5.2162423
One-hot,UMAP,seq_72,1,-9.264119,5.232754
One-hot,UMAP,seq_73,1,-9.286451,5.2084265
One-hot,UMAP,seq_74,1,-9.300427,5.195986
One-hot,UMAP,seq_75,1,-9.27289,5.2238064
One-hot,UMAP,seq_76,1,-9.307054,5.189761
One-hot,UMAP,seq_77,1,-9.278827,5.2184086
One-hot,UMAP,seq_78,1,-9.27935,5.2170978
One-hot,UMAP,seq_79,1,-9.301804,5.194859
One-hot,UMAP,seq_80,1,-9.311882,5.18423
One-hot,UMAP,seq_81,1,10.2489195,2.4412034
One-hot,UMAP,seq_82,1,-9.290574,5.205867
One-hot,UMAP,seq_83,1,-9.322436,5.1746545
One-hot,UMAP,seq_84,1,10.403327,2.0034466
One-hot,UMAP,seq_85,1,-9.300829,5.1973352
One-hot,UMAP,seq_86,1,4.428899,4.745081
One-hot,UMAP,seq_87,1,-9.299596,5.196382
One-hot,UMAP,seq_88,1,-9.2979145,5.199327
One-hot,UMAP,seq_89,1,10.605175,2.7249398
One-hot,UMAP,seq_90,1,-9.313962,5.182211
One-hot,UMAP,seq_91,1,10.52496,2.757906
One-hot,UMAP,seq_92,1,11.163389,1.9723858
One-hot,UMAP,seq_93,1,10.333826,2.8731644
One-hot,UMAP,seq_94,1,10.549249,2.3176477
One-hot,UMAP,seq_95,1,7.727784,3.6813622
One-hot,UMAP,seq_96,1,7.7153425,3.6722
One-hot,UMAP,seq_97,1,11.004514,0.7811514
One-hot,UMAP,seq_98,1,11.308491,2.6159902
One-hot,UMAP,seq_99,1,10.888278,4.0691524
One-hot,UMAP,seq_100,1,10.827895,4.0191145
One-hot,UMAP,seq_101,1,10.38002,2.2450738
One-hot,UMAP,seq_102,1,10.77369,1.27779
One-hot,UMAP,seq_103,1,-5.4177976,7.948788
One-hot,UMAP,seq_104,1,10.959613,1.9816003
One-hot,UMAP,seq_105,1,10.997408,2.082778
One-hot,UMAP,seq_106,1,11.643523,2.0690877
One-hot,UMAP,seq_107,1,11.351029,1.6422971
One-hot,UMAP,seq_108,1,7.93052,3.4869313
One-hot,UMAP,seq_109,1,10.605819,2.7051282
One-hot,UMAP,seq_110,1,7.260618,4.923323
One-hot,UMAP,seq_111,1,7.2528543,4.9258432
One-hot,UMAP,seq_112,1,10.36593,2.1958673
One-hot,UMAP,seq_113,1,10.93692,1.5184036
One-hot,UMAP,seq_114,1,11.990784,1.8378108
One-hot,UMAP,seq_115,1,10.20306,2.042296
One-hot,UMAP,seq_116,1,11.594733,1.2773027
One-hot,UMAP,seq_117,1,10.168252,3.0385375
One-hot,UMAP,seq_118,1,10.262204,2.9733174
One-hot,UMAP,seq_119,1,10.362637,2.4086657
One-hot,UMAP,seq_120,1,10.484634,2.1791384
One-hot,UMAP,seq_121,1,10.187357,2.1377482
One-hot,UMAP,seq_122,1,10.674135,1.5104139
One-hot,UMAP,seq_123,1,10.694104,3.1910398
One-hot,UMAP,seq_124,1,11.564253,1.5939795
One-hot,UMAP,seq_125,1,10.707064,2.7631757
One-hot,UMAP,seq_126,1,7.7166767,3.6810017
One-hot,UMAP,seq_127,1,10.572178,2.243545
One-hot,UMAP,seq_128,1,11.103605,1.5524257
One-hot,UMAP,seq_129,1,10.569845,1.6208596
One-hot,UMAP,seq_130,1,10.339833,2.62067
One-hot,UMAP,seq_131,1,10.648429,3.1625218
One-hot,UMAP,seq_132,1,10.308143,1.9422772
One-hot,UMAP,seq_133,1,13.687942,1.663105
One-hot,UMAP,seq_134,1,11.12757,1.5837367
One-hot,UMAP,seq_135,1,10.442813,2.705455
One-hot,UMAP,seq_136,1,-5.412133,7.9432273
One-hot,UMAP,seq_137,1,10.188373,2.50707
One-hot,UMAP,seq_138,1,11.753348,2.3527963
One-hot,UMAP,seq_139,1,7.883235,4.1455383
One-hot,UMAP,seq_140,1,7.842553,4.168225
One-hot,UMAP,seq_141,1,8.744035,7.4204836
One-hot,UMAP,seq_142,1,10.383261,2.2261808
One-hot,UMAP,seq_143,1,-5.4008865,7.9325247
One-hot,UMAP,seq_144,1,10.57833,1.8689934
One-hot,UMAP,seq_145,1,7.9272137,3.4971626
One-hot,UMAP,seq_146,1,7.9230204,3.49963
One-hot,UMAP,seq_147,1,10.917744,1.6830344
One-hot,UMAP,seq_148,1,11.394497,4.395104
One-hot,UMAP,seq_149,1,10.32793,2.6515503
One-hot,UMAP,seq_150,1,10.115901,2.1827674
One-hot,UMAP,seq_151,1,10.925447,1.5050012
One-hot,UMAP,seq_152,1,20.337467,-5.6220617
One-hot,UMAP,seq_153,1,18.004301,18.930872
One-hot,UMAP,seq_154,1,18.009644,18.932362
One-hot,UMAP,seq_155,1,10.721598,1.6316808
One-hot,UMAP,seq_156,1,8.831141,7.2544336
One-hot,UMAP,seq_157,1,10.508975,2.020807
One-hot,UMAP,seq_158,1,10.7775135,2.2131178
One-hot,UMAP,seq_159,1,27.01847,10.005418
One-hot,UMAP,seq_160,1,27.015764,10.008975
One-hot,UMAP,seq_161,1,7.737991,21.313976
One-hot,UMAP,seq_162,1,10.652939,1.4731032
One-hot,UMAP,seq_163,1,10.419733,1.5147867
One-hot,UMAP,seq_164,1,-7.979685,2.8355286
One-hot,UMAP,seq_165,1,-7.987506,2.8432617
One-hot,UMAP,seq_166,1,18.015448,7.122677
One-hot,UMAP,seq_167,1,10.595008,1.1972995
One-hot,UMAP,seq_168,1,10.271231,1.8859404
One-hot,UMAP,seq_169,1,10.906636,1.3130151
One-hot,UMAP,seq_170,1,18.03559,7.118019
One-hot,UMAP,seq_171,1,18.059153,7.142418
One-hot,UMAP,seq_172,1,18.033361,7.1141944
One-hot,UMAP,seq_173,1,18.034733,7.118181
One-hot,UMAP,seq_174,1,18.031458,7.11381
One-hot,UMAP,seq_175,1,18.030611,7.1134963
One-hot,UMAP,seq_176,1,10.852138,1.4695307
One-hot,UMAP,seq_177,1,11.407084,2.7920105
One-hot,UMAP,seq_178,1,10.718111,2.978119
One-hot,UMAP,seq_179,1,10.640319,2.8556113
One-hot,UMAP,seq_180,1,10.629522,1.6127272
One-hot,UMAP,seq_181,1,10.318952,1.9196384
One-hot,UMAP,seq_182,1,10.41526,2.4595492
One-hot,UMAP,seq_183,1,8.772673,7.36902
One-hot,UMAP,seq_184,1,13.028283,3.0551744
One-hot,UMAP,seq_185,1,10.778709,1.8806751
One-hot,UMAP,seq_186,1,10.4361315,2.0886335
One-hot,UMAP,seq_187,1,13.056198,3.0615437
One-hot,UMAP,seq_188,1,13.042184,3.05793
One-hot,UMAP,seq_189,1,10.710003,2.750435
One-hot,UMAP,seq_190,1,13.05739,3.0660865
One-hot,UMAP,seq_191,1,13.682987,1.6658276
One-hot,UMAP,seq_192,1,12.671184,6.7456436
One-hot,UMAP,seq_193,1,10.923906,1.0368315
One-hot,UMAP,seq_194,1,10.910139,1.0492295
One-hot,UMAP,seq_195,1,11.622901,1.7014017
One-hot,UMAP,seq_196,1,11.810242,4.47367
One-hot,UMAP,seq_197,1,10.834397,2.0331578
One-hot,UMAP,seq_198,1,8.770308,7.3786225
One-hot,UMAP,seq_199,1,10.906378,1.4485345
One-hot,UMAP,seq_200,1,10.652388,1.6642596
One-hot,UMAP,seq_201,1,7.106132,2.6951983
One-hot,UMAP,seq_202,1,7.102073,2.7043605
One-hot,UMAP,seq_203,1,7.082896,2.7028296
One-hot,UMAP,seq_204,1,7.0777135,2.7010155
One-hot,UMAP,seq_205,1,7.992081,6.605354
One-hot,UMAP,seq_206,1,7.991961,6.6049438
One-hot,UMAP,seq_207,1,8.000532,6.59908
One-hot,UMAP,seq_208,1,7.997371,6.600491
One-hot,UMAP,seq_209,1,7.991963,6.609981
One-hot,UMAP,seq_210,1,11.031001,1.2776046
One-hot,UMAP,seq_211,1,10.687614,2.081521
One-hot,UMAP,seq_212,1,11.045015,1.7110671
One-hot,UMAP,seq_213,1,8.740406,7.4276233
One-hot,UMAP,seq_214,1,11.721793,4.4150753
One-hot,UMAP,seq_215,1,11.736662,4.4014153
One-hot,UMAP,seq_216,1,10.217166,2.903027
One-hot,UMAP,seq_217,1,11.156243,1.2034781
One-hot,UMAP,seq_218,1,10.729802,1.8147731
One-hot,UMAP,seq_219,1,10.16064,2.8055933
One-hot,UMAP,seq_220,1,10.448369,2.819504
One-hot,UMAP,seq_221,1,11.802707,1.5727285
One-hot,UMAP,seq_222,1,10.288377,2.6378071
One-hot,UMAP,seq_223,1,10.470347,0.75747174
One-hot,UMAP,seq_224,1,6.3279133,6.8934164
One-hot,UMAP,seq_225,1,17.598135,6.814383
One-hot,UMAP,seq_226,1,17.597244,6.814234
One-hot,UMAP,seq_227,1,18.014128,7.0977335
One-hot,UMAP,seq_228,1,18.086233,18.42428
One-hot,UMAP,seq_229,1,18.088957,18.422049
One-hot,UMAP,seq_230,1,18.090578,18.407312
One-hot,UMAP,seq_231,1,18.08309,18.426214
One-hot,UMAP,seq_232,1,18.084444,18.412413
One-hot,UMAP,seq_233,1,17.60549,6.8184314
One-hot,UMAP,seq_234,1,10.816654,1.3673023
One-hot,UMAP,seq_235,1,7.2590184,4.928424
One-hot,UMAP,seq_236,1,17.968094,7.064665
One-hot,UMAP,seq_237,1,10.615118,1.7639551
One-hot,UMAP,seq_238,1,11.055629,1.7348917
One-hot,UMAP,seq_239,1,8.826675,7.2639585
One-hot,UMAP,seq_240,1,10.096508,3.0316563
One-hot,UMAP,seq_241,1,10.804909,6.7958703
One-hot,UMAP,seq_242,1,10.340541,1.9879006
One-hot,UMAP,seq_243,1,10.816423,1.7362478
One-hot,UMAP,seq_244,1,11.411938,4.416394
One-hot,UMAP,seq_245,1,11.44146,4.405185
One-hot,UMAP,seq_246,1,12.414794,3.703829
One-hot,UMAP,seq_247,1,10.510363,1.682854
One-hot,UMAP,seq_248,1,11.051909,1.4330165
One-hot,UMAP,seq_249,1,11.095229,1.3906636
One-hot,UMAP,seq_250,1,-7.970872,2.8269045
One-hot,UMAP,seq_251,1,9.345761,-11.665611
One-hot,UMAP,seq_252,1,10.518051,2.2907212
One-hot,UMAP,seq_253,1,10.464881,3.0811217
One-hot,UMAP,seq_254,1,10.917713,2.276299
One-hot,UMAP,seq_255,1,12.758918,3.94736
One-hot,UMAP,seq_256,1,10.145833,2.1394105
One-hot,UMAP,seq_257,1,11.243909,1.4210945
One-hot,UMAP,seq_258,1,10.708402,2.8118703
One-hot,UMAP,seq_259,1,10.494805,2.597381
One-hot,UMAP,seq_260,1,10.761934,2.5745897
One-hot,UMAP,seq_261,1,11.363784,1.273858
One-hot,UMAP,seq_262,1,11.301515,1.1000063
One-hot,UMAP,seq_263,1,11.324457,1.0790225
One-hot,UMAP,seq_264,1,10.631856,1.5198711
One-hot,UMAP,seq_265,1,10.434664,2.6630645
One-hot,UMAP,seq_266,1,11.089742,-0.60293823
One-hot,UMAP,seq_267,1,11.08686,-0.5765305
One-hot,UMAP,seq_268,1,11.088328,-0.58662224
One-hot,UMAP,seq_269,1,10.951739,1.7138613
One-hot,UMAP,seq_270,1,11.293501,1.4585397
One-hot,UMAP,seq_271,1,10.8480015,2.02909
One-hot,UMAP,seq_272,1,11.311909,2.3658657
One-hot,UMAP,seq_273,1,12.706169,2.4758394
One-hot,UMAP,seq_274,1,27.008692,10.019221
One-hot,UMAP,seq_275,1,10.445974,2.0654893
One-hot,UMAP,seq_276,1,10.704915,2.7706187
One-hot,UMAP,seq_277,1,10.608479,1.9831
One-hot,UMAP,seq_278,1,11.004747,1.4943874
One-hot,UMAP,seq_279,1,10.895235,1.5484879
One-hot,UMAP,seq_280,1,10.381007,2.6796808
One-hot,UMAP,seq_281,1,10.678869,1.2088463
One-hot,UMAP,seq_282,1,10.156723,2.1494234
One-hot,UMAP,seq_283,1,11.222374,2.2065024
One-hot,UMAP,seq_284,1,12.288714,3.7324555
One-hot,UMAP,seq_285,1,11.253538,1.2360222
One-hot,UMAP,seq_286,1,11.266013,1.2260584
One-hot,UMAP,seq_287,1,10.618858,1.6924709
One-hot,UMAP,seq_288,1,7.454669,3.2176042
One-hot,UMAP,seq_289,1,7.457095,3.2161374
One-hot,UMAP,seq_290,1,7.460254,3.2174354
One-hot,UMAP,seq_291,1,7.477735,3.2010968
One-hot,UMAP,seq_292,1,7.487542,3.2104933
One-hot,UMAP,seq_293,1,10.23359,2.7124674
One-hot,UMAP,seq_294,1,10.371717,2.958184
One-hot,UMAP,seq_295,1,10.372301,1.8310297
One-hot,UMAP,seq_296,1,10.441863,1.8473926
One-hot,UMAP,seq_297,1,10.483905,2.9806986
One-hot,UMAP,seq_298,1,10.486717,2.8850486
One-hot,UMAP,seq_299,1,10.395935,2.828634
One-hot,UMAP,seq_300,1,12.25392,1.743096
One-hot,UMAP,seq_301,1,12.186447,1.7854631
One-hot,UMAP,seq_302,1,12.202559,1.7565459
One-hot,UMAP,seq_303,1,10.9095745,1.7469057
One-hot,UMAP,seq_304,1,10.710243,2.0849764
One-hot,UMAP,seq_305,1,10.530217,2.3862925
One-hot,UMAP,seq_306,1,10.853467,2.3275795
One-hot,UMAP,seq_307,1,11.397153,1.2990025
One-hot,UMAP,seq_308,1,9.698763,2.6896224
One-hot,UMAP,seq_309,1,9.816401,2.6049047
One-hot,UMAP,seq_310,1,10.952154,1.2342432
One-hot,UMAP,seq_311,1,11.77125,1.2287424
One-hot,UMAP,seq_312,1,-3.9213438,15.022356
One-hot,UMAP,seq_313,1,-5.7107387,-2.0471396
One-hot,UMAP,seq_314,1,10.635882,2.6966488
One-hot,UMAP,seq_315,1,10.569295,2.340629
One-hot,UMAP,seq_316,1,10.427802,1.8565046
One-hot,UMAP,seq_317,1,10.710125,2.0273445
One-hot,UMAP,seq_318,1,10.537749,2.3422449
One-hot,UMAP,seq_319,1,10.3250265,2.2869823
One-hot,UMAP,seq_320,1,11.85729,1.0458226
One-hot,UMAP,seq_321,1,12.432159,1.3672912
One-hot,UMAP,seq_322,1,10.330773,2.5432522
One-hot,UMAP,seq_323,1,10.99306,2.4988813
One-hot,UMAP,seq_324,1,10.842556,2.99681
One-hot,UMAP,seq_325,1,18.031937,18.892572
One-hot,UMAP,seq_326,1,18.005802,18.929152
One-hot,UMAP,seq_327,1,17.986189,18.942041
One-hot,UMAP,seq_328,1,11.966872,1.356959
One-hot,UMAP,seq_329,1,11.099936,1.3602047
One-hot,UMAP,seq_330,1,11.066439,1.4493177
One-hot,UMAP,seq_331,1,18.053106,7.1177077
One-hot,UMAP,seq_332,1,10.477386,2.3869326
One-hot,UMAP,seq_333,1,10.890616,1.5876306
One-hot,UMAP,seq_334,1,10.518636,2.07193
One-hot,UMAP,seq_335,1,10.589401,2.7361162
One-hot,UMAP,seq_336,1,7.240104,4.153767
One-hot,UMAP,seq_337,1,11.1706705,1.0065835
One-hot,UMAP,seq_338,1,11.199948,1.084033
One-hot,UMAP,seq_339,1,10.6021185,2.03719
One-hot,UMAP,seq_340,1,10.540528,2.7997887
One-hot,UMAP,seq_341,1,10.473338,2.8193948
One-hot,UMAP,seq_342,1,10.5619335,2.7875247
One-hot,UMAP,seq_343,1,7.961977,2.9667206
One-hot,UMAP,seq_344,1,10.271158,2.2410872
One-hot,UMAP,seq_345,1,11.263041,1.383833
One-hot,UMAP,seq_346,1,7.1675105,4.201982
One-hot,UMAP,seq_347,1,11.157206,1.3194445
One-hot,UMAP,seq_348,1,7.106265,4.221776
One-hot,UMAP,seq_349,1,11.557315,0.91066605
One-hot,UMAP,seq_350,1,10.340519,2.3501713
One-hot,UMAP,seq_351,1,10.613226,2.289266
One-hot,UMAP,seq_352,1,11.917244,1.4033302
One-hot,UMAP,seq_353,1,7.947429,2.979986
One-hot,UMAP,seq_354,1,27.015863,10.009076
One-hot,UMAP,seq_355,1,18.040781,7.097371
One-hot,UMAP,seq_356,1,10.683604,2.329248
One-hot,UMAP,seq_357,1,10.601306,1.7057415
One-hot,UMAP,seq_358,1,10.663609,2.0999014
One-hot,UMAP,seq_359,1,10.825452,1.309726
One-hot,UMAP,seq_360,1,10.307828,3.0220041
One-hot,UMAP,seq_361,1,11.323277,1.4037948
One-hot,UMAP,seq_362,1,9.345776,-11.665079
One-hot,UMAP,seq_363,1,10.943876,2.2175338
One-hot,UMAP,seq_364,1,9.34578,-11.665037
One-hot,UMAP,seq_365,1,9.345777,-11.665113
One-hot,UMAP,seq_366,1,9.345731,-11.666124
One-hot,UMAP,seq_367,1,10.759714,1.4704043
One-hot,UMAP,seq_368,1,9.34577,-11.665287
One-hot,UMAP,seq_369,1,11.4962,1.012222
One-hot,UMAP,seq_370,1,11.775852,1.4984363
One-hot,UMAP,seq_371,1,9.345778,-11.66526
One-hot,UMAP,seq_372,1,10.752279,1.7966383
One-hot,UMAP,seq_373,1,10.515717,1.9858007
One-hot,UMAP,seq_374,1,10.346008,1.9354571
One-hot,UMAP,seq_375,1,11.558081,0.9026435
One-hot,UMAP,seq_376,1,11.166565,1.7185055
One-hot,UMAP,seq_377,1,10.691142,2.8970084
One-hot,UMAP,seq_378,1,10.895612,2.0343869
One-hot,UMAP,seq_379,1,10.508563,2.4152238
One-hot,UMAP,seq_380,1,10.641177,3.0584362
One-hot,UMAP,seq_381,1,10.980498,2.802852
One-hot,UMAP,seq_382,1,10.986954,1.599094
One-hot,UMAP,seq_383,1,10.576004,2.4851007
One-hot,UMAP,seq_384,1,10.710784,2.3681889
One-hot,UMAP,seq_385,1,10.812506,6.8000574
One-hot,UMAP,seq_386,1,10.667533,2.067841
One-hot,UMAP,seq_387,1,10.489027,2.2996
One-hot,UMAP,seq_388,1,10.381997,2.251464
One-hot,UMAP,seq_389,1,10.750224,1.8412194
One-hot,UMAP,seq_390,1,11.312934,1.549556
One-hot,UMAP,seq_391,1,11.26149,1.4295585
One-hot,UMAP,seq_392,1,5.7796564,3.893831
One-hot,UMAP,seq_393,1,18.150818,18.46567
One-hot,UMAP,seq_394,1,10.062526,2.2400286
One-hot,UMAP,seq_395,1,11.696556,1.6115814
One-hot,UMAP,seq_396,1,10.888371,2.9254863
One-hot,UMAP,seq_397,1,9.914663,7.049018
One-hot,UMAP,seq_398,1,12.766609,3.9515455
One-hot,UMAP,seq_399,1,10.974221,1.1683416
One-hot,UMAP,seq_400,1,9.920548,7.041253
One-hot,UMAP,seq_401,1,9.917376,7.047739
One-hot,UMAP,seq_402,1,9.921244,7.032378
One-hot,UMAP,seq_403,1,9.917778,7.0407753
One-hot,UMAP,seq_404,1,9.921589,7.0351963
One-hot,UMAP,seq_405,1,12.764082,3.9507916
One-hot,UMAP,seq_406,1,12.755568,3.9513285
One-hot,UMAP,seq_407,1,10.831063,1.81171
One-hot,UMAP,seq_408,1,11.4222975,1.3409164
One-hot,UMAP,seq_409,1,11.803637,2.0417097
One-hot,UMAP,seq_410,1,11.240676,1.1737738
One-hot,UMAP,seq_411,1,11.656975,1.3856223
One-hot,UMAP,seq_412,1,10.564454,2.8159907
One-hot,UMAP,seq_413,1,11.831453,1.205266
One-hot,UMAP,seq_414,1,11.5322,1.0929024
One-hot,UMAP,seq_415,1,10.583946,2.4258187
One-hot,UMAP,seq_416,1,10.655724,2.326664
One-hot,UMAP,seq_417,1,12.428661,1.3895816
One-hot,UMAP,seq_418,1,11.357008,1.5960147
One-hot,UMAP,seq_419,1,10.787256,1.8461035
One-hot,UMAP,seq_420,1,10.614376,1.7818495
One-hot,UMAP,seq_421,1,10.514785,3.2856574
One-hot,UMAP,seq_422,1,7.5104775,2.7367518
One-hot,UMAP,seq_423,1,7.5052867,2.735341
One-hot,UMAP,seq_424,1,7.490756,2.729674
One-hot,UMAP,seq_425,1,10.631416,1.2946825
One-hot,UMAP,seq_426,1,10.526577,2.826411
One-hot,UMAP,seq_427,1,6.351043,6.869676
One-hot,UMAP,seq_428,1,11.143954,2.0667615
One-hot,UMAP,seq_429,1,10.984784,1.7183813
One-hot,UMAP,seq_430,1,11.614907,1.369808
One-hot,UMAP,seq_431,1,10.790513,2.5148144
One-hot,UMAP,seq_432,1,11.4299755,1.5643381
One-hot,UMAP,seq_433,1,10.809139,1.7687254
One-hot,UMAP,seq_434,1,10.820786,1.7851232
One-hot,UMAP,seq_435,1,10.635221,2.5659194
One-hot,UMAP,seq_436,1,11.579805,1.1090363
One-hot,UMAP,seq_437,1,10.820875,2.0415125
One-hot,UMAP,seq_438,1,11.373828,1.3137102
One-hot,UMAP,seq_439,1,11.998988,1.1806918
One-hot,UMAP,seq_440,1,11.02789,1.35704
One-hot,UMAP,seq_441,1,10.502846,1.6508507
One-hot,UMAP,seq_442,1,11.708302,1.5290909
One-hot,UMAP,seq_443,1,11.112762,1.3291426
One-hot,UMAP,seq_444,1,7.0640645,2.8754723
One-hot,UMAP,seq_445,1,10.631823,1.9391656
One-hot,UMAP,seq_446,1,10.909991,1.8485193
One-hot,UMAP,seq_447,1,10.764129,1.875259
One-hot,UMAP,seq_448,1,11.218198,1.4418261
One-hot,UMAP,seq_449,1,10.60967,2.7153573
One-hot,UMAP,seq_450,1,11.462086,1.8425205
One-hot,UMAP,seq_451,1,10.605907,2.2556944
One-hot,UMAP,seq_452,1,11.25895,1.5655271
One-hot,UMAP,seq_453,1,11.2158985,1.6630322
One-hot,UMAP,seq_454,1,10.452109,2.274277
One-hot,UMAP,seq_455,1,10.640511,2.8430324
One-hot,UMAP,seq_456,1,10.669646,2.1122735
One-hot,UMAP,seq_457,1,11.3894,1.0975379
One-hot,UMAP,seq_458,1,11.461419,1.5899601
One-hot,UMAP,seq_459,1,11.611762,1.4332907
One-hot,UMAP,seq_460,1,10.641088,2.1952703
One-hot,UMAP,seq_461,1,10.45702,0.7352682
One-hot,UMAP,seq_462,1,10.80698,1.7465041
One-hot,UMAP,seq_463,1,11.155035,2.0428507
One-hot,UMAP,seq_464,1,11.245862,2.008051
One-hot,UMAP,seq_465,1,7.080656,2.8750653
One-hot,UMAP,seq_466,1,7.070098,2.877121
One-hot,UMAP,seq_467,1,7.109296,2.848295
One-hot,UMAP,seq_468,1,11.403109,1.6040359
One-hot,UMAP,seq_469,1,10.592792,1.550407
One-hot,UMAP,seq_470,1,10.842525,1.5760134
One-hot,UMAP,seq_471,1,11.159007,1.4572481
One-hot,UMAP,seq_472,1,11.5512495,1.071209
One-hot,UMAP,seq_473,1,10.5692215,2.485008
One-hot,UMAP,seq_474,1,10.745666,3.2417696
One-hot,UMAP,seq_475,1,10.594082,2.505098
One-hot,UMAP,seq_476,1,10.538951,2.2157965
One-hot,UMAP,seq_477,1,11.3511,1.4932265
One-hot,UMAP,seq_478,1,11.118059,1.5060507
One-hot,UMAP,seq_479,1,10.680961,2.489048
One-hot,UMAP,seq_480,1,11.622313,1.0548275
One-hot,UMAP,seq_481,1,11.998428,1.257587
One-hot,UMAP,seq_482,1,9.345768,-11.665271
One-hot,UMAP,seq_483,1,10.960952,2.171134
One-hot,UMAP,seq_484,1,10.57213,2.8471587
One-hot,UMAP,seq_485,1,10.42745,2.0494668
One-hot,UMAP,seq_486,1,10.455032,2.080764
One-hot,UMAP,seq_487,1,10.402405,1.9281064
One-hot,UMAP,seq_488,1,7.502302,2.7335396
One-hot,UMAP,seq_489,1,11.691414,1.1862954
One-hot,UMAP,seq_490,1,10.59421,2.7610233
One-hot,UMAP,seq_491,1,10.561342,1.7919132
One-hot,UMAP,seq_492,1,7.3024383,4.920507
One-hot,UMAP,seq_493,1,10.834343,2.9816334
One-hot,UMAP,seq_494,1,7.0883975,4.2125397
One-hot,UMAP,seq_495,1,11.352876,1.3521981
One-hot,UMAP,seq_496,1,11.401187,1.2369336
One-hot,UMAP,seq_497,1,10.599584,2.3911033
One-hot,UMAP,seq_498,1,12.71365,2.456342
One-hot,UMAP,seq_499,1,18.110601,18.435411
One-hot,UMAP,seq_500,1,11.352798,1.9066556
One-hot,UMAP,seq_501,1,11.566353,1.675566
One-hot,UMAP,seq_502,1,11.606382,1.1110903
One-hot,UMAP,seq_503,1,10.849615,1.9357568
One-hot,UMAP,seq_504,1,4.692495,12.438018
One-hot,UMAP,seq_505,1,4.6926003,12.437784
One-hot,UMAP,seq_506,1,4.693068,12.437291
One-hot,UMAP,seq_507,1,4.6925135,12.438049
One-hot,UMAP,seq_508,1,4.692489,12.438062
One-hot,UMAP,seq_509,1,4.692688,12.437775
One-hot,UMAP,seq_510,1,4.692914,12.437374
One-hot,UMAP,seq_511,1,8.157072,6.0245023
One-hot,UMAP,seq_512,1,10.836689,2.454226
One-hot,UMAP,seq_513,1,11.063514,2.2133434
One-hot,UMAP,seq_514,1,8.155354,6.0303392
One-hot,UMAP,seq_515,1,8.160557,6.023387
One-hot,UMAP,seq_516,1,8.161619,6.022759
One-hot,UMAP,seq_517,1,8.235413,5.94084
One-hot,UMAP,seq_518,1,8.159944,6.0243106
One-hot,UMAP,seq_519,1,8.162975,6.0197263
One-hot,UMAP,seq_520,1,8.161116,6.02013
One-hot,UMAP,seq_521,1,8.157768,6.027363
One-hot,UMAP,seq_522,1,11.090624,-0.5987043
One-hot,UMAP,seq_523,1,11.570528,1.1184582
One-hot,UMAP,seq_524,1,11.089517,-0.5948741
One-hot,UMAP,seq_525,1,23.329798,0.13019918
One-hot,UMAP,seq_526,1,23.329632,0.13018681
One-hot,UMAP,seq_527,1,23.327982,0.13062494
One-hot,UMAP,seq_528,1,23.329388,0.1302979
One-hot,UMAP,seq_529,1,23.329773,0.13019182
One-hot,UMAP,seq_530,1,23.329802,0.13019639
One-hot,UMAP,seq_531,1,10.649677,2.0367126
One-hot,UMAP,seq_532,1,23.329819,0.1301791
One-hot,UMAP,seq_533,1,23.329817,0.13018237
One-hot,UMAP,seq_534,1,7.286624,4.9098577
One-hot,UMAP,seq_535,1,11.82531,1.2725828
One-hot,UMAP,seq_536,1,11.7241745,1.479378
One-hot,UMAP,seq_537,1,10.241674,2.2832246
One-hot,UMAP,seq_538,1,10.671388,1.4119762
One-hot,UMAP,seq_539,1,10.723511,1.4193562
One-hot,UMAP,seq_540,1,10.721887,1.4651068
One-hot,UMAP,seq_541,1,10.724314,1.3745373
One-hot,UMAP,seq_542,1,10.20165,1.8768154
One-hot,UMAP,seq_543,1,11.089913,-0.59929824
One-hot,UMAP,seq_544,1,10.718797,2.4128613
One-hot,UMAP,seq_545,1,11.005748,1.6548785
One-hot,UMAP,seq_546,1,10.474757,0.7147533
One-hot,UMAP,seq_547,1,11.773876,1.1395111
One-hot,UMAP,seq_548,1,10.806596,6.797325
One-hot,UMAP,seq_549,1,11.038828,1.420573
One-hot,UMAP,seq_550,1,10.625221,1.4481167
One-hot,UMAP,seq_551,1,10.582991,1.3990597
One-hot,UMAP,seq_552,1,10.601758,2.3293326
One-hot,UMAP,seq_553,1,11.053741,1.1485894
One-hot,UMAP,seq_554,1,10.58051,2.8598309
One-hot,UMAP,seq_555,1,10.354209,2.6357133
One-hot,UMAP,seq_556,1,11.73032,1.544285
One-hot,UMAP,seq_557,1,8.782201,7.360168
One-hot,UMAP,seq_558,1,8.780196,7.3627315
One-hot,UMAP,seq_559,1,11.236465,1.8077396
One-hot,UMAP,seq_560,1,12.469884,5.301289
One-hot,UMAP,seq_561,1,12.476086,5.3104744
One-hot,UMAP,seq_562,1,12.471109,5.3042574
One-hot,UMAP,seq_563,1,12.470599,5.305976
One-hot,UMAP,seq_564,1,12.479311,5.314638
One-hot,UMAP,seq_565,1,10.573716,2.023875
One-hot,UMAP,seq_566,1,11.208895,2.1496878
One-hot,UMAP,seq_567,1,11.103467,1.9348818
One-hot,UMAP,seq_568,1,-4.3071833,14.831743
One-hot,UMAP,seq_569,1,-4.2991037,14.836446
One-hot,UMAP,seq_570,1,-7.938887,2.7949042
One-hot,UMAP,seq_571,1,-3.1174004,14.814798
One-hot,UMAP,seq_572,1,-3.1191752,14.818269
One-hot,UMAP,seq_573,1,-7.9423366,2.7982976
One-hot,UMAP,seq_574,1,-7.944637,2.8004093
One-hot,UMAP,seq_575,1,-3.1350148,14.827656
One-hot,UMAP,seq_576,1,-3.1304653,14.828205
One-hot,UMAP,seq_577,1,-3.126691,14.823993
One-hot,UMAP,seq_578,1,-3.1352174,14.832033
One-hot,UMAP,seq_579,1,-3.9012778,15.067371
One-hot,UMAP,seq_580,1,-5.7081695,-2.0443187
One-hot,UMAP,seq_581,1,-3.9977028,15.047385
One-hot,UMAP,seq_582,1,-3.9961848,15.046635
One-hot,UMAP,seq_583,1,-5.7307596,-2.0668123
One-hot,UMAP,seq_584,1,-3.1490273,14.848784
One-hot,UMAP,seq_585,1,-7.9697666,2.825575
One-hot,UMAP,seq_586,1,-7.967934,2.8237135
One-hot,UMAP,seq_587,1,10.815176,1.600535
One-hot,UMAP,seq_588,1,-3.1259305,14.853007
One-hot,UMAP,seq_589,1,-3.1601422,14.854397
One-hot,UMAP,seq_590,1,-3.1272528,14.827574
One-hot,UMAP,seq_591,1,-3.147044,14.85193
One-hot,UMAP,seq_592,1,-3.2179363,14.864213
One-hot,UMAP,seq_593,1,-3.2449148,14.873596
One-hot,UMAP,seq_594,1,9.34578,-11.665044
One-hot,UMAP,seq_595,1,11.377523,1.4490047
One-hot,UMAP,seq_596,1,-3.137953,14.811449
One-hot,UMAP,seq_597,1,-3.1316378,14.815113
One-hot,UMAP,seq_598,1,11.389385,1.3072962
One-hot,UMAP,seq_599,1,-4.3133445,14.826691
One-hot,UMAP,seq_600,1,-7.956883,2.8128738
One-hot,UMAP,seq_601,1,-4.353986,14.805383
One-hot,UMAP,seq_602,1,-4.3320565,14.817156
One-hot,UMAP,seq_603,1,-4.3584557,14.79972
One-hot,UMAP,seq_604,1,-4.3280287,14.821148
One-hot,UMAP,seq_605,1,-4.3187366,14.8256235
One-hot,UMAP,seq_606,1,-4.358524,14.802534
One-hot,UMAP,seq_607,1,-4.350289,14.803072
One-hot,UMAP,seq_608,1,-3.1128488,14.812834
One-hot,UMAP,seq_609,1,-3.1210876,14.816287
One-hot,UMAP,seq_610,1,26.267967,5.85409
One-hot,UMAP,seq_611,1,-3.251732,14.876354
One-hot,UMAP,seq_612,1,9.34578,-11.665043
One-hot,UMAP,seq_613,1,10.621509,2.5117698
One-hot,UMAP,seq_614,1,-3.276511,0.5813222
One-hot,UMAP,seq_615,1,11.148725,1.1450435
One-hot,UMAP,seq_616,1,10.839081,2.2613003
One-hot,UMAP,seq_617,1,10.696223,2.7019856
One-hot,UMAP,seq_618,1,11.280626,1.5770639
One-hot,UMAP,seq_619,1,10.65246,2.0880313
One-hot,UMAP,seq_620,1,10.867157,1.9940417
One-hot,UMAP,seq_621,1,10.290694,2.6074755
One-hot,UMAP,seq_622,1,10.34968,2.683856
One-hot,UMAP,seq_623,1,10.19878,2.5595255
One-hot,UMAP,seq_624,1,11.662299,1.0057874
One-hot,UMAP,seq_625,1,-3.2442436,14.872791
One-hot,UMAP,seq_626,1,9.34577,-11.665203
One-hot,UMAP,seq_627,1,10.896515,1.8038697
One-hot,UMAP,seq_628,1,10.288309,2.432667
One-hot,UMAP,seq_629,1,11.181524,2.0334704
One-hot,UMAP,seq_630,1,10.763427,1.8715135
One-hot,UMAP,seq_631,1,-5.400038,7.9311137
One-hot,UMAP,seq_632,1,5.780179,3.8936956
One-hot,UMAP,seq_633,1,-4.078544,14.971896
One-hot,UMAP,seq_634,1,9.345765,-11.665295
One-hot,UMAP,seq_635,1,-4.1295257,14.920918
One-hot,UMAP,seq_636,1,-3.4878547,14.944422
One-hot,UMAP,seq_637,1,-3.9390619,15.098253
One-hot,UMAP,seq_638,1,-5.7204876,-2.0566113
One-hot,UMAP,seq_639,1,-5.7257767,-2.0619433
One-hot,UMAP,seq_640,1,-4.0857453,14.954781
One-hot,UMAP,seq_641,1,-4.1087313,14.93628
One-hot,UMAP,seq_642,1,-4.1443586,14.911375
One-hot,UMAP,seq_643,1,-4.109807,14.930706
One-hot,UMAP,seq_644,1,-3.2760832,14.902709
One-hot,UMAP,seq_645,1,13.085895,3.2976022
One-hot,UMAP,seq_646,1,-3.9247396,15.066612
One-hot,UMAP,seq_647,1,-3.9395342,15.0701475
One-hot,UMAP,seq_648,1,-5.720532,-2.0566573
One-hot,UMAP,seq_649,1,13.069573,3.3001711
One-hot,UMAP,seq_650,1,13.104882,3.3060696
One-hot,UMAP,seq_651,1,-3.9090962,15.102502
One-hot,UMAP,seq_652,1,13.087302,3.3012285
One-hot,UMAP,seq_653,1,-3.9045641,15.111334
One-hot,UMAP,seq_654,1,13.090501,3.2867627
One-hot,UMAP,seq_655,1,-7.962045,2.8180194
One-hot,UMAP,seq_656,1,-3.972276,15.060476
One-hot,UMAP,seq_657,1,-5.739823,-2.0759706
One-hot,UMAP,seq_658,1,-5.7215548,-2.0575607
One-hot,UMAP,seq_659,1,-3.9647622,15.130851
One-hot,UMAP,seq_660,1,11.951541,1.8594198
One-hot,UMAP,seq_661,1,13.082301,3.302669
One-hot,UMAP,seq_662,1,-3.916268,15.099517
One-hot,UMAP,seq_663,1,-3.9207954,15.098207
One-hot,UMAP,seq_664,1,-5.7198715,-2.056072
One-hot,UMAP,seq_665,1,-3.9515617,15.065488
One-hot,UMAP,seq_666,1,-5.719049,-2.0549421
One-hot,UMAP,seq_667,1,-3.9546049,15.071632
One-hot,UMAP,seq_668,1,-5.703397,-2.0394197
One-hot,UMAP,seq_669,1,-3.3257203,14.903362
One-hot,UMAP,seq_670,1,-3.9157376,15.044384
One-hot,UMAP,seq_671,1,-5.7133636,-2.0496964
One-hot,UMAP,seq_672,1,-3.9010653,15.039447
One-hot,UMAP,seq_673,1,-5.6939406,-2.030257
One-hot,UMAP,seq_674,1,-3.9299812,15.120837
One-hot,UMAP,seq_675,1,-3.9755168,15.161284
One-hot,UMAP,seq_676,1,-3.9016912,15.137533
One-hot,UMAP,seq_677,1,-5.742543,-2.0785313
One-hot,UMAP,seq_678,1,-5.723746,-2.0598652
One-hot,UMAP,seq_679,1,-5.731113,-2.0672615
One-hot,UMAP,seq_680,1,-3.905385,15.114638
One-hot,UMAP,seq_681,1,-3.9204702,15.107253
One-hot,UMAP,seq_682,1,-3.8873024,15.088244
One-hot,UMAP,seq_683,1,-3.8840282,15.13851
One-hot,UMAP,seq_684,1,-5.723744,-2.0598218
One-hot,UMAP,seq_685,1,-5.7239747,-2.0600958
One-hot,UMAP,seq_686,1,-5.721695,-2.057757
One-hot,UMAP,seq_687,1,-3.9255152,15.078474
One-hot,UMAP,seq_688,1,-5.6862235,-2.022455
One-hot,UMAP,seq_689,1,-3.9203002,15.140855
One-hot,UMAP,seq_690,1,11.046848,1.6328772
One-hot,UMAP,seq_691,1,11.111875,1.5736003
One-hot,UMAP,seq_692,1,11.943606,1.8058909
One-hot,UMAP,seq_693,1,7.0716457,3.4146798
One-hot,UMAP,seq_694,1,7.087893,3.443364
One-hot,UMAP,seq_695,1,-3.2764237,0.57987386
One-hot,UMAP,seq_696,1,-7.956115,2.812003
One-hot,UMAP,seq_697,1,26.278732,5.8396277
One-hot,UMAP,seq_698,1,-3.271932,0.57466763
One-hot,UMAP,seq_699,1,-3.275246,0.5794409
One-hot,UMAP,seq_700,1,-3.2741482,0.5785237
One-hot,UMAP,seq_701,1,-3.2689483,0.5717655
One-hot,UMAP,seq_702,1,-3.2756047,0.5783601
One-hot,UMAP,seq_703,1,-3.2754745,0.57850903
One-hot,UMAP,seq_704,1,-7.959737,2.8156443
One-hot,UMAP,seq_705,1,26.27964,5.841266
One-hot,UMAP,seq_706,1,26.282276,5.839937
One-hot,UMAP,seq_707,1,26.28204,5.8398595
One-hot,UMAP,seq_708,1,10.811435,2.161407
One-hot,UMAP,seq_709,1,26.300154,5.8137794
One-hot,UMAP,seq_710,1,7.0459266,3.4272244
One-hot,UMAP,seq_711,1,26.281742,5.8397064
One-hot,UMAP,seq_712,1,26.28341,5.838455
One-hot,UMAP,seq_713,1,-3.9199886,15.09067
One-hot,UMAP,seq_714,1,11.820765,1.3321044
One-hot,UMAP,seq_715,1,17.549463,6.7758594
One-hot,UMAP,seq_716,1,10.643363,1.6057014
One-hot,UMAP,seq_717,1,-5.403356,7.9346247
One-hot,UMAP,seq_718,1,-5.400574,7.931775
One-hot,UMAP,seq_719,1,11.3268,1.335535
One-hot,UMAP,seq_720,1,10.574133,1.8371884
One-hot,UMAP,seq_721,1,-3.869531,15.117394
One-hot,UMAP,seq_722,1,-7.971151,2.8270385
One-hot,UMAP,seq_723,1,-3.957375,15.144381
One-hot,UMAP,seq_724,1,12.333565,2.0242136
One-hot,UMAP,seq_725,1,7.8571506,4.153376
One-hot,UMAP,seq_726,1,12.363955,3.7111957
One-hot,UMAP,seq_727,1,12.363127,3.698865
One-hot,UMAP,seq_728,1,11.069132,1.0495756
One-hot,UMAP,seq_729,1,10.874813,2.34106
One-hot,UMAP,seq_730,1,10.8070965,2.184289
One-hot,UMAP,seq_731,1,11.203006,1.760074
One-hot,UMAP,seq_732,1,10.573019,2.2682045
One-hot,UMAP,seq_733,1,10.480333,2.0308986
One-hot,UMAP,seq_734,1,11.318547,1.43973
One-hot,UMAP,seq_735,1,10.326609,2.3080716
One-hot,UMAP,seq_736,1,10.645753,2.3345091
One-hot,UMAP,seq_737,1,11.054809,1.1178268
One-hot,UMAP,seq_738,1,27.00084,10.023971
One-hot,UMAP,seq_739,1,27.006084,10.019371
One-hot,UMAP,seq_740,1,27.02658,10.000108
One-hot,UMAP,seq_741,1,26.979479,10.044733
One-hot,UMAP,seq_742,1,26.991968,10.032834
One-hot,UMAP,seq_743,1,27.003447,10.022268
One-hot,UMAP,seq_744,1,7.737543,21.316603
One-hot,UMAP,seq_745,1,26.98525,10.034773
One-hot,UMAP,seq_746,1,27.000834,10.021484
One-hot,UMAP,seq_747,1,26.995985,10.027874
One-hot,UMAP,seq_748,1,27.001818,10.024625
One-hot,UMAP,seq_749,1,11.235516,3.1974921
One-hot,UMAP,seq_750,1,7.7375298,21.31675
One-hot,UMAP,seq_751,1,7.737522,21.316776
One-hot,UMAP,seq_752,1,7.737575,21.31806
One-hot,UMAP,seq_753,1,7.737516,21.316868
One-hot,UMAP,seq_754,1,7.73752,21.316734
One-hot,UMAP,seq_755,1,7.737544,21.316704
One-hot,UMAP,seq_756,1,7.737545,21.316593
One-hot,UMAP,seq_757,1,26.995241,10.0366125
One-hot,UMAP,seq_758,1,26.97388,10.051973
One-hot,UMAP,seq_759,1,7.7375383,21.316721
One-hot,UMAP,seq_760,1,11.406548,1.8834139
One-hot,UMAP,seq_761,1,5.7848034,3.8917384
One-hot,UMAP,seq_762,1,11.807625,1.6179689
One-hot,UMAP,seq_763,1,10.290536,2.8735528
One-hot,UMAP,seq_764,1,11.09502,1.9428291
One-hot,UMAP,seq_765,1,8.776762,7.3660407
One-hot,UMAP,seq_766,1,11.7171755,1.4710156
One-hot,UMAP,seq_767,1,17.590368,6.8078904
One-hot,UMAP,seq_768,1,10.733192,1.7891785
One-hot,UMAP,seq_769,1,11.043617,2.271218
One-hot,UMAP,seq_770,1,10.589736,1.7791085
One-hot,UMAP,seq_771,1,7.7375803,21.31654
One-hot,UMAP,seq_772,1,27.016548,10.008147
One-hot,UMAP,seq_773,1,27.034065,9.989337
One-hot,UMAP,seq_774,1,10.94495,1.7877489
One-hot,UMAP,seq_775,1,27.008307,10.01311
One-hot,UMAP,seq_776,1,10.5987,0.91628116
One-hot,UMAP,seq_777,1,7.189296,6.3455024
One-hot,UMAP,seq_778,1,7.1878085,6.344954
One-hot,UMAP,seq_779,1,7.186363,6.346731
One-hot,UMAP,seq_780,1,7.1954618,6.3390102
One-hot,UMAP,seq_781,1,7.198881,6.332374
One-hot,UMAP,seq_782,1,10.580912,0.9651771
One-hot,UMAP,seq_783,1,10.576731,0.9343293
One-hot,UMAP,seq_784,1,10.584913,0.9364769
One-hot,UMAP,seq_785,1,26.995907,10.009643
One-hot,UMAP,seq_786,1,11.459983,1.7315853
One-hot,UMAP,seq_787,1,13.679398,1.6662817
One-hot,UMAP,seq_788,1,11.340787,1.8809313
One-hot,UMAP,seq_789,1,10.83689,2.0166693
One-hot,UMAP,seq_790,1,10.685524,1.9632789
One-hot,UMAP,seq_791,1,7.049421,4.181838
One-hot,UMAP,seq_792,1,7.0883946,4.212712
One-hot,UMAP,seq_793,1,18.034693,7.120775
One-hot,UMAP,seq_794,1,8.73721,7.43113
One-hot,UMAP,seq_795,1,7.242506,4.932694
One-hot,UMAP,seq_796,1,-7.94671,2.8027675
One-hot,UMAP,seq_797,1,7.253106,4.9298983
One-hot,UMAP,seq_798,1,11.150583,1.303861
One-hot,UMAP,seq_799,1,10.33766,2.0960715
One-hot,UMAP,seq_800,1,10.345743,2.0110574
One-hot,UMAP,seq_801,1,10.375733,2.0864117
One-hot,UMAP,seq_802,1,10.99135,1.6160736
One-hot,UMAP,seq_803,1,10.826641,1.9123356
One-hot,UMAP,seq_804,1,10.609978,2.4222338
One-hot,UMAP,seq_805,1,-5.399438,7.930394
One-hot,UMAP,seq_806,1,-5.397275,7.9281917
One-hot,UMAP,seq_807,1,-5.3696136,7.9003043
One-hot,UMAP,seq_808,1,-5.3958693,7.926707
One-hot,UMAP,seq_809,1,-5.3891716,7.9198728
One-hot,UMAP,seq_810,1,-5.3948936,7.925739
One-hot,UMAP,seq_811,1,-5.387345,7.918226
One-hot,UMAP,seq_812,1,-5.3990755,7.93003
One-hot,UMAP,seq_813,1,10.784403,2.199091
One-hot,UMAP,seq_814,1,-3.2793498,14.879375
One-hot,UMAP,seq_815,1,10.551978,2.156421
One-hot,UMAP,seq_816,1,11.2702,2.3149974
One-hot,UMAP,seq_817,1,10.804843,2.015609
One-hot,UMAP,seq_818,1,11.678184,2.066932
One-hot,UMAP,seq_819,1,10.860909,2.0249214
One-hot,UMAP,seq_820,1,11.411625,1.991102
One-hot,UMAP,seq_821,1,10.954379,1.765617
One-hot,UMAP,seq_822,1,-4.0799403,14.965878
One-hot,UMAP,seq_823,1,-4.086254,14.966405
One-hot,UMAP,seq_824,1,-4.128655,14.920882
One-hot,UMAP,seq_825,1,-4.0519476,14.989679
One-hot,UMAP,seq_826,1,-4.101344,14.947762
One-hot,UMAP,seq_827,1,-4.0492754,14.993443
One-hot,UMAP,seq_828,1,-5.717364,-2.0534124
One-hot,UMAP,seq_829,1,17.54993,6.774751
One-hot,UMAP,seq_830,1,11.047807,1.586413
One-hot,UMAP,seq_831,1,10.402599,1.9553893
One-hot,UMAP,seq_832,1,7.737646,21.315626
One-hot,UMAP,seq_833,1,7.7376194,21.316164
One-hot,UMAP,seq_834,1,7.7375584,21.31664
One-hot,UMAP,seq_835,1,10.534275,2.3497295
One-hot,UMAP,seq_836,1,26.283358,5.8396873
One-hot,UMAP,seq_837,1,26.282753,5.8400974
One-hot,UMAP,seq_838,1,26.283148,5.8401356
One-hot,UMAP,seq_839,1,10.549318,2.0800765
One-hot,UMAP,seq_840,1,10.8438835,3.164872
One-hot,UMAP,seq_841,1,11.20357,1.7113497
One-hot,UMAP,seq_842,1,11.116345,1.9121532
One-hot,UMAP,seq_843,1,10.768113,2.14066
One-hot,UMAP,seq_844,1,11.391566,1.2205291
One-hot,UMAP,seq_845,1,11.6865015,1.2808326
One-hot,UMAP,seq_846,1,10.583698,2.7207906
One-hot,UMAP,seq_847,1,12.669877,6.7470512
One-hot,UMAP,seq_848,1,12.672863,6.7530565
One-hot,UMAP,seq_849,1,12.673239,6.7534657
One-hot,UMAP,seq_850,1,10.335605,1.8661407
One-hot,UMAP,seq_851,1,10.700847,2.1824343
One-hot,UMAP,seq_852,1,11.128384,1.5202752
One-hot,UMAP,seq_853,1,11.789513,1.8007022
One-hot,UMAP,seq_854,1,10.670423,2.8209956
One-hot,UMAP,seq_855,1,26.98764,10.037923
One-hot,UMAP,seq_856,1,10.879602,2.0424285
One-hot,UMAP,seq_857,1,11.985168,1.5917139
One-hot,UMAP,seq_858,1,12.447247,3.7276611
One-hot,UMAP,seq_859,1,12.467238,3.7291505
One-hot,UMAP,seq_860,1,11.054506,1.7971061
One-hot,UMAP,seq_861,1,9.305138,3.095719
One-hot,UMAP,seq_862,1,10.80142,2.1974185
One-hot,UMAP,seq_863,1,27.01536,10.031414
One-hot,UMAP,seq_864,1,12.472371,4.001187
One-hot,UMAP,seq_865,1,12.229774,1.9966381
One-hot,UMAP,seq_866,1,12.332461,2.0198388
One-hot,UMAP,seq_867,1,11.090873,2.3863444
One-hot,UMAP,seq_868,1,10.643579,2.8099155
One-hot,UMAP,seq_869,1,12.67682,6.7548065
One-hot,UMAP,seq_870,1,12.694019,6.7725434
One-hot,UMAP,seq_871,1,10.428437,2.0595489
One-hot,UMAP,seq_872,1,8.759639,7.3977385
One-hot,UMAP,seq_873,1,8.740831,7.418592
One-hot,UMAP,seq_874,1,8.749883,7.412356
One-hot,UMAP,seq_875,1,10.738435,1.8968563
One-hot,UMAP,seq_876,1,12.325726,2.0781107
One-hot,UMAP,seq_877,1,12.319226,2.0194466
One-hot,UMAP,seq_878,1,10.895884,1.9946705
One-hot,UMAP,seq_879,1,6.334014,6.8881626
One-hot,UMAP,seq_880,1,6.333096,6.8891397
One-hot,UMAP,seq_881,1,6.3328505,6.8891134
One-hot,UMAP,seq_882,1,6.350416,6.8713837
One-hot,UMAP,seq_883,1,6.328876,6.8920517
One-hot,UMAP,seq_884,1,12.746598,2.4308474
One-hot,UMAP,seq_885,1,10.951081,2.4033148
One-hot,UMAP,seq_886,1,11.781881,4.477233
One-hot,UMAP,seq_887,1,27.035452,9.991405
One-hot,UMAP,seq_888,1,11.851456,1.5505584
One-hot,UMAP,seq_889,1,11.875132,1.5548344
One-hot,UMAP,seq_890,1,11.870166,1.544963
One-hot,UMAP,seq_891,1,10.450138,2.9225101
One-hot,UMAP,seq_892,1,11.293628,1.6209298
One-hot,UMAP,seq_893,1,10.940303,1.9726908
One-hot,UMAP,seq_894,1,13.662373,1.6640843
One-hot,UMAP,seq_895,1,11.813294,1.4233733
One-hot,UMAP,seq_896,1,18.133852,18.394148
One-hot,UMAP,seq_897,1,13.672382,1.6709927
One-hot,UMAP,seq_898,1,11.252631,1.9837735
One-hot,UMAP,seq_899,1,10.839716,2.3670635
One-hot,UMAP,seq_900,1,10.846316,2.4405026
One-hot,UMAP,seq_901,1,20.339128,-5.625347
One-hot,UMAP,seq_902,1,18.094727,18.527065
One-hot,UMAP,seq_903,1,20.32561,-5.610503
One-hot,UMAP,seq_904,1,20.339054,-5.602665
One-hot,UMAP,seq_905,1,20.305523,-5.5832634
One-hot,UMAP,seq_906,1,5.7873836,3.8948405
One-hot,UMAP,seq_907,1,18.028502,18.824043
One-hot,UMAP,seq_908,1,18.05565,18.840126
One-hot,UMAP,seq_909,1,18.048319,18.845879
One-hot,UMAP,seq_910,1,18.037107,18.887028
One-hot,UMAP,seq_911,1,18.04803,18.921364
One-hot,UMAP,seq_912,1,20.340792,-5.6238937
One-hot,UMAP,seq_913,1,18.020292,18.900473
One-hot,UMAP,seq_914,1,18.024971,18.896437
One-hot,UMAP,seq_915,1,20.330898,-5.62713
One-hot,UMAP,seq_916,1,20.32615,-5.6073236
One-hot,UMAP,seq_917,1,20.31018,-5.596756
One-hot,UMAP,seq_918,1,20.299349,-5.5839524
One-hot,UMAP,seq_919,1,20.30937,-5.6283984
One-hot,UMAP,seq_920,1,20.346273,-5.6296225
One-hot,UMAP,seq_921,1,20.340021,-5.6271596
One-hot,UMAP,seq_922,1,18.029299,18.898005
One-hot,UMAP,seq_923,1,18.018974,18.906506
One-hot,UMAP,seq_924,1,17.602636,6.822208
One-hot,UMAP,seq_925,1,18.025112,18.880774
One-hot,UMAP,seq_926,1,18.031393,18.89182
One-hot,UMAP,seq_927,1,18.030516,18.890507
One-hot,UMAP,seq_928,1,18.001463,18.923153
One-hot,UMAP,seq_929,1,17.569487,6.79394
One-hot,UMAP,seq_930,1,20.331055,-5.6151905
One-hot,UMAP,seq_931,1,20.316027,-5.640921
One-hot,UMAP,seq_932,1,20.324528,-5.627563
One-hot,UMAP,seq_933,1,5.7887135,3.8931296
One-hot,UMAP,seq_934,1,18.032473,18.868387
One-hot,UMAP,seq_935,1,18.035843,18.865173
One-hot,UMAP,seq_936,1,20.33042,-5.622975
One-hot,UMAP,seq_937,1,20.319567,-5.613648
One-hot,UMAP,seq_938,1,20.324648,-5.608074
One-hot,UMAP,seq_939,1,20.328077,-5.630303
One-hot,UMAP,seq_940,1,18.014635,18.893257
One-hot,UMAP,seq_941,1,18.06447,18.889881
One-hot,UMAP,seq_942,1,18.062431,18.842003
One-hot,UMAP,seq_943,1,18.028133,18.893894
One-hot,UMAP,seq_944,1,18.030733,18.89332
One-hot,UMAP,seq_945,1,10.888275,1.6988673
One-hot,UMAP,seq_946,1,11.15759,2.033579
One-hot,UMAP,seq_947,1,10.818034,6.708455
One-hot,UMAP,seq_948,1,11.780899,2.2743125
One-hot,UMAP,seq_949,1,11.040628,2.6142778
One-hot,UMAP,seq_950,1,17.99228,7.0892534
One-hot,UMAP,seq_951,1,12.4675665,3.9523215
One-hot,UMAP,seq_952,1,12.43348,3.9865284
One-hot,UMAP,seq_953,1,18.140816,18.416405
One-hot,UMAP,seq_954,1,20.313637,-5.6478977
One-hot,UMAP,seq_955,1,18.052973,7.1361732
One-hot,UMAP,seq_956,1,11.448866,1.8783058
One-hot,UMAP,seq_957,1,20.367823,-5.657024
One-hot,UMAP,seq_958,1,12.259949,1.7773528
One-hot,UMAP,seq_959,1,20.293581,-5.6612396
One-hot,UMAP,seq_960,1,18.049894,18.866407
One-hot,UMAP,seq_961,1,10.61731,2.0482302
One-hot,UMAP,seq_962,1,10.333299,2.6559029
One-hot,UMAP,seq_963,1,11.803048,4.527803
One-hot,UMAP,seq_964,1,6.328019,6.8930535
One-hot,UMAP,seq_965,1,11.784083,2.0903926
One-hot,UMAP,seq_966,1,11.3040085,1.9917806
One-hot,UMAP,seq_967,1,11.788632,1.6165885
One-hot,UMAP,seq_968,1,10.806618,6.788275
One-hot,UMAP,seq_969,1,10.813548,6.78827
One-hot,UMAP,seq_970,1,10.831514,6.815505
One-hot,UMAP,seq_971,1,10.829337,6.804662
One-hot,UMAP,seq_972,1,10.807576,6.795952
One-hot,UMAP,seq_973,1,18.12688,18.379364
One-hot,UMAP,seq_974,1,18.131826,18.40157
One-hot,UMAP,seq_975,1,18.1445,18.382334
One-hot,UMAP,seq_976,1,18.131647,18.395502
One-hot,UMAP,seq_977,1,18.132402,18.392008
One-hot,UMAP,seq_978,1,18.129698,18.421154
One-hot,UMAP,seq_979,1,18.134542,18.388563
One-hot,UMAP,seq_980,1,18.13634,18.393528
One-hot,UMAP,seq_981,1,11.851012,2.0509079
One-hot,UMAP,seq_982,1,11.511909,1.7373534
One-hot,UMAP,seq_983,1,11.47539,1.7337795
One-hot,UMAP,seq_984,1,12.282125,1.6160876
One-hot,UMAP,seq_985,1,12.309302,1.5955954
One-hot,UMAP,seq_986,1,12.309631,1.6163497
One-hot,UMAP,seq_987,1,10.764802,2.4855103
One-hot,UMAP,seq_988,1,10.594137,3.1544259
One-hot,UMAP,seq_989,1,10.492906,2.845576
One-hot,UMAP,seq_990,1,10.607733,2.4474552
One-hot,UMAP,seq_991,1,11.617132,1.9162087
One-hot,UMAP,seq_992,1,11.19603,2.0464568
One-hot,UMAP,seq_993,1,10.68176,2.679583
One-hot,UMAP,seq_994,1,10.93057,2.0965393
One-hot,UMAP,seq_995,1,-8.001425,2.8564696
One-hot,UMAP,seq_996,1,10.763438,2.4473631
One-hot,UMAP,seq_997,1,11.028973,2.1807542
One-hot,UMAP,seq_998,1,-7.9899216,2.8455558
One-hot,UMAP,seq_999,1,7.0568643,3.4192321
One-hot,UMAP,seq_1000,1,11.690985,1.7369571
One-hot,UMAP,seq_1001,1,11.521943,1.5065407
One-hot,UMAP,seq_1002,1,11.128044,2.166548
One-hot,UMAP,seq_1003,1,11.744546,1.3542926
One-hot,UMAP,seq_1004,1,10.635832,1.8203068
One-hot,UMAP,seq_1005,1,10.884625,2.348847
One-hot,UMAP,seq_1006,1,11.40959,1.4974979
One-hot,UMAP,seq_1007,1,11.163527,1.5886308
One-hot,UMAP,seq_1008,1,11.751105,2.0159743
One-hot,UMAP,seq_1009,1,10.659248,2.5903938
One-hot,UMAP,seq_1010,1,11.671987,2.1107674
One-hot,UMAP,seq_1011,0,10.6863365,2.367782
One-hot,UMAP,seq_1012,0,10.762042,2.1255882
One-hot,UMAP,seq_1013,0,10.769958,2.357021
One-hot,UMAP,seq_1014,0,11.435718,1.6363357
One-hot,UMAP,seq_1015,0,10.505279,2.4896567
One-hot,UMAP,seq_1016,0,10.63711,2.251991
One-hot,UMAP,seq_1017,0,11.850647,1.6653368
One-hot,UMAP,seq_1018,0,11.97076,1.6088994
One-hot,UMAP,seq_1019,0,10.719948,2.5753355
One-hot,UMAP,seq_1020,0,11.486845,2.2322507
One-hot,UMAP,seq_1021,0,11.418525,1.8325758
One-hot,UMAP,seq_1022,0,11.06519,2.2844682
One-hot,UMAP,seq_1023,0,10.90797,2.2577024
One-hot,UMAP,seq_1024,0,11.056493,2.0847456
One-hot,UMAP,seq_1025,0,11.044376,1.8105192
One-hot,UMAP,seq_1026,0,11.272176,1.9891702
One-hot,UMAP,seq_1027,0,11.162143,2.2274294
One-hot,UMAP,seq_1028,0,11.123954,2.2470202
One-hot,UMAP,seq_1029,0,10.638285,2.7448452
One-hot,UMAP,seq_1030,0,11.998943,1.5195506
One-hot,UMAP,seq_1031,0,10.958599,2.662108
One-hot,UMAP,seq_1032,0,10.657428,3.05784
One-hot,UMAP,seq_1033,0,10.999926,2.3272061
One-hot,UMAP,seq_1034,0,10.747377,2.318642
One-hot,UMAP,seq_1035,0,10.960236,2.6003604
One-hot,UMAP,seq_1036,0,10.886758,1.8929093
One-hot,UMAP,seq_1037,0,11.305842,1.7354941
One-hot,UMAP,seq_1038,0,10.649865,2.5604856
One-hot,UMAP,seq_1039,0,11.386803,2.3383977
One-hot,UMAP,seq_1040,0,10.848209,3.0408463
One-hot,UMAP,seq_1041,0,11.139599,1.9736786
One-hot,UMAP,seq_1042,0,11.125741,2.0456607
One-hot,UMAP,seq_1043,0,11.266892,2.1545649
One-hot,UMAP,seq_1044,0,11.200219,2.5623174
One-hot,UMAP,seq_1045,0,10.76831,2.8606977
One-hot,UMAP,seq_1046,0,10.695077,2.3618124
One-hot,UMAP,seq_1047,0,11.26896,2.0560143
One-hot,UMAP,seq_1048,0,11.531879,1.9889426
One-hot,UMAP,seq_1049,0,10.97423,2.4959762
One-hot,UMAP,seq_1050,0,11.55757,1.7604954
One-hot,UMAP,seq_1051,0,10.708485,2.5116148
One-hot,UMAP,seq_1052,0,11.1808405,2.112822
One-hot,UMAP,seq_1053,0,10.444718,3.158625
One-hot,UMAP,seq_1054,0,11.368938,1.9712925
One-hot,UMAP,seq_1055,0,10.527635,2.4750912
One-hot,UMAP,seq_1056,0,11.570847,1.8112383
One-hot,UMAP,seq_1057,0,10.812825,1.8827257
One-hot,UMAP,seq_1058,0,10.831679,2.2202272
One-hot,UMAP,seq_1059,0,10.837069,2.0494232
One-hot,UMAP,seq_1060,0,10.822458,3.154783
One-hot,UMAP,seq_1061,0,11.612051,1.6640884
One-hot,UMAP,seq_1062,0,11.275632,2.1751173
One-hot,UMAP,seq_1063,0,11.280054,1.7151111
One-hot,UMAP,seq_1064,0,11.574018,2.1224096
One-hot,UMAP,seq_1065,0,10.452737,2.9579113
One-hot,UMAP,seq_1066,0,11.405399,2.1794472
One-hot,UMAP,seq_1067,0,11.399779,2.0092642
One-hot,UMAP,seq_1068,0,10.997028,2.347565
One-hot,UMAP,seq_1069,0,10.52629,3.255595
One-hot,UMAP,seq_1070,0,10.46815,2.9522946
One-hot,UMAP,seq_1071,0,10.953996,2.355398
One-hot,UMAP,seq_1072,0,11.770148,1.7258368
One-hot,UMAP,seq_1073,0,11.126836,1.9819914
One-hot,UMAP,seq_1074,0,11.080384,2.287361
One-hot,UMAP,seq_1075,0,10.959907,2.1401908
One-hot,UMAP,seq_1076,0,11.099594,2.3333476
One-hot,UMAP,seq_1077,0,11.462363,2.0581765
One-hot,UMAP,seq_1078,0,10.761342,2.3653073
One-hot,UMAP,seq_1079,0,10.570295,2.896543
One-hot,UMAP,seq_1080,0,11.803676,2.2438073
One-hot,UMAP,seq_1081,0,10.923703,2.3674927
One-hot,UMAP,seq_1082,0,10.95747,2.9086103
One-hot,UMAP,seq_1083,0,10.765016,2.5697842
One-hot,UMAP,seq_1084,0,10.863784,2.815618
One-hot,UMAP,seq_1085,0,11.3339815,1.5967482
One-hot,UMAP,seq_1086,0,10.655471,2.6118865
One-hot,UMAP,seq_1087,0,10.828626,2.7865372
One-hot,UMAP,seq_1088,0,10.873452,2.8174076
One-hot,UMAP,seq_1089,0,11.332032,1.8692114
One-hot,UMAP,seq_1090,0,11.133408,1.8197579
One-hot,UMAP,seq_1091,0,11.153235,1.8140215
One-hot,UMAP,seq_1092,0,12.09284,1.8243936
One-hot,UMAP,seq_1093,0,11.281313,2.4762802
One-hot,UMAP,seq_1094,0,11.746882,2.037503
One-hot,UMAP,seq_1095,0,11.648967,1.9663463
One-hot,UMAP,seq_1096,0,10.726028,2.38728
One-hot,UMAP,seq_1097,0,10.928649,2.0936673
One-hot,UMAP,seq_1098,0,10.93444,1.8134826
One-hot,UMAP,seq_1099,0,11.333196,2.4088693
One-hot,UMAP,seq_1100,0,11.589356,1.9129976
One-hot,UMAP,seq_1101,0,10.824561,2.4409685
One-hot,UMAP,seq_1102,0,11.374652,1.82205
One-hot,UMAP,seq_1103,0,10.537916,2.4981284
One-hot,UMAP,seq_1104,0,10.865891,2.0360496
One-hot,UMAP,seq_1105,0,11.038774,2.2181103
One-hot,UMAP,seq_1106,0,11.397236,1.8663306
One-hot,UMAP,seq_1107,0,11.491892,1.79129
One-hot,UMAP,seq_1108,0,11.967279,2.261927
One-hot,UMAP,seq_1109,0,11.2737255,1.802684
One-hot,UMAP,seq_1110,0,10.9868,2.0018945
One-hot,UMAP,seq_1111,0,10.983401,1.8699815
One-hot,UMAP,seq_1112,0,11.442872,1.7732408
One-hot,UMAP,seq_1113,0,10.942614,2.6398313
One-hot,UMAP,seq_1114,0,12.011456,1.7128694
One-hot,UMAP,seq_1115,0,11.692487,1.6693007
One-hot,UMAP,seq_1116,0,10.831483,2.5043137
One-hot,UMAP,seq_1117,0,10.891378,2.5643477
One-hot,UMAP,seq_1118,0,11.05794,2.16293
One-hot,UMAP,seq_1119,0,10.793006,2.5038857
One-hot,UMAP,seq_1120,0,11.275834,1.9874583
One-hot,UMAP,seq_1121,0,11.416579,1.9110278
One-hot,UMAP,seq_1122,0,11.134201,2.2513735
One-hot,UMAP,seq_1123,0,11.481768,2.2236836
One-hot,UMAP,seq_1124,0,11.0900955,1.8258249
One-hot,UMAP,seq_1125,0,11.110249,2.033878
One-hot,UMAP,seq_1126,0,10.950849,2.763297
One-hot,UMAP,seq_1127,0,11.015599,2.8978424
One-hot,UMAP,seq_1128,0,11.520965,1.6865549
One-hot,UMAP,seq_1129,0,11.312436,1.6752937
One-hot,UMAP,seq_1130,0,10.910708,2.7052474
One-hot,UMAP,seq_1131,0,11.05126,2.4481187
One-hot,UMAP,seq_1132,0,10.961445,2.2745802
One-hot,UMAP,seq_1133,0,10.899964,2.20965
One-hot,UMAP,seq_1134,0,10.577155,2.352116
One-hot,UMAP,seq_1135,0,11.371265,1.7705241
One-hot,UMAP,seq_1136,0,10.743437,2.6703038
One-hot,UMAP,seq_1137,0,11.478806,2.1381462
One-hot,UMAP,seq_1138,0,11.298242,2.0417938
One-hot,UMAP,seq_1139,0,11.464377,1.9795531
One-hot,UMAP,seq_1140,0,11.180119,1.5708474
One-hot,UMAP,seq_1141,0,10.591814,3.4284117
One-hot,UMAP,seq_1142,0,11.329817,2.0250103
One-hot,UMAP,seq_1143,0,11.575934,2.4972537
One-hot,UMAP,seq_1144,0,11.023202,2.183772
One-hot,UMAP,seq_1145,0,11.062918,2.0293534
One-hot,UMAP,seq_1146,0,11.652231,2.1697907
One-hot,UMAP,seq_1147,0,11.183352,2.6394427
One-hot,UMAP,seq_1148,0,11.699146,1.5315261
One-hot,UMAP,seq_1149,0,10.988528,2.4161117
One-hot,UMAP,seq_1150,0,11.145029,2.6920798
One-hot,UMAP,seq_1151,0,11.05798,2.5485842
One-hot,UMAP,seq_1152,0,10.690232,2.8934715
One-hot,UMAP,seq_1153,0,11.036126,3.0599728
One-hot,UMAP,seq_1154,0,10.695988,3.0035813
One-hot,UMAP,seq_1155,0,10.794276,3.09944
One-hot,UMAP,seq_1156,0,11.681003,1.7367479
One-hot,UMAP,seq_1157,0,10.960669,1.9818687
One-hot,UMAP,seq_1158,0,11.490228,2.083923
One-hot,UMAP,seq_1159,0,11.83363,1.4786873
One-hot,UMAP,seq_1160,0,10.961431,2.5005124
One-hot,UMAP,seq_1161,0,11.758073,1.9378376
One-hot,UMAP,seq_1162,0,12.027993,2.08723
One-hot,UMAP,seq_1163,0,10.949228,2.3884594
One-hot,UMAP,seq_1164,0,10.964492,2.2018082
One-hot,UMAP,seq_1165,0,10.402509,3.0177724
One-hot,UMAP,seq_1166,0,11.126925,2.3960044
One-hot,UMAP,seq_1167,0,10.981476,2.2504718
One-hot,UMAP,seq_1168,0,11.6381445,1.9501307
One-hot,UMAP,seq_1169,0,10.638497,3.2253835
One-hot,UMAP,seq_1170,0,11.317794,1.749939
One-hot,UMAP,seq_1171,0,10.939448,2.2753966
One-hot,UMAP,seq_1172,0,12.038184,2.0752084
One-hot,UMAP,seq_1173,0,11.336741,2.0414045
One-hot,UMAP,seq_1174,0,11.323646,2.4443521
One-hot,UMAP,seq_1175,0,11.785951,1.9563373
One-hot,UMAP,seq_1176,0,11.824216,2.03294
One-hot,UMAP,seq_1177,0,11.061843,2.1503575
One-hot,UMAP,seq_1178,0,11.988248,2.2587652
One-hot,UMAP,seq_1179,0,11.066773,1.9676077
One-hot,UMAP,seq_1180,0,11.102119,1.8212829
One-hot,UMAP,seq_1181,0,11.601163,2.0233705
One-hot,UMAP,seq_1182,0,10.9886,2.445058
One-hot,UMAP,seq_1183,0,11.501706,2.271212
One-hot,UMAP,seq_1184,0,11.033131,2.7135992
One-hot,UMAP,seq_1185,0,10.952812,2.1118271
One-hot,UMAP,seq_1186,0,11.863286,1.8398277
One-hot,UMAP,seq_1187,0,10.884569,2.9146297
One-hot,UMAP,seq_1188,0,11.278387,2.2011485
One-hot,UMAP,seq_1189,0,11.771841,1.7669898
One-hot,UMAP,seq_1190,0,11.418475,2.5702147
One-hot,UMAP,seq_1191,0,11.018521,3.081085
One-hot,UMAP,seq_1192,0,11.877981,1.8225284
One-hot,UMAP,seq_1193,0,11.602788,1.7616843
One-hot,UMAP,seq_1194,0,10.97295,2.6312919
One-hot,UMAP,seq_1195,0,11.621994,2.0118592
One-hot,UMAP,seq_1196,0,11.785286,1.8979663
One-hot,UMAP,seq_1197,0,11.523296,2.0326407
One-hot,UMAP,seq_1198,0,11.042918,2.1769686
One-hot,UMAP,seq_1199,0,11.511487,2.1403522
One-hot,UMAP,seq_1200,0,11.332731,2.2222028
One-hot,UMAP,seq_1201,0,11.751549,2.204243
One-hot,UMAP,seq_1202,0,11.203515,1.9763967
One-hot,UMAP,seq_1203,0,11.525442,2.6243787
One-hot,UMAP,seq_1204,0,11.138326,2.8526921
One-hot,UMAP,seq_1205,0,11.012359,2.4955664
One-hot,UMAP,seq_1206,0,10.86786,2.4440928
One-hot,UMAP,seq_1207,0,11.3130045,2.4392564
One-hot,UMAP,seq_1208,0,10.942303,2.789583
One-hot,UMAP,seq_1209,0,10.847354,2.7830122
One-hot,UMAP,seq_1210,0,11.049362,2.5400615
One-hot,UMAP,seq_1211,0,10.897317,1.9773911
One-hot,UMAP,seq_1212,0,12.210471,2.4355335
One-hot,UMAP,seq_1213,0,10.924437,2.9558182
One-hot,UMAP,seq_1214,0,10.5636,2.6944003
One-hot,UMAP,seq_1215,0,10.8620825,2.7659838
One-hot,UMAP,seq_1216,0,11.588259,2.081501
One-hot,UMAP,seq_1217,0,10.929883,2.7369843
One-hot,UMAP,seq_1218,0,12.391068,3.0467625
One-hot,UMAP,seq_1219,0,11.725648,2.0840347
One-hot,UMAP,seq_1220,0,11.386533,1.9748559
One-hot,UMAP,seq_1221,0,10.89333,2.2097635
One-hot,UMAP,seq_1222,0,11.138441,2.4396431
One-hot,UMAP,seq_1223,0,10.293946,2.8605535
One-hot,UMAP,seq_1224,0,10.827878,2.7970767
One-hot,UMAP,seq_1225,0,11.9508915,3.8286588
One-hot,UMAP,seq_1226,0,11.410996,2.279937
One-hot,UMAP,seq_1227,0,11.917168,2.152563
One-hot,UMAP,seq_1228,0,11.302765,2.16642
One-hot,UMAP,seq_1229,0,11.087212,2.4498682
One-hot,UMAP,seq_1230,0,11.160587,2.6603491
One-hot,UMAP,seq_1231,0,11.5188675,2.2015433
One-hot,UMAP,seq_1232,0,10.851255,2.8452556
One-hot,UMAP,seq_1233,0,11.515078,1.9216826
One-hot,UMAP,seq_1234,0,12.228873,2.0381093
One-hot,UMAP,seq_1235,0,11.133206,2.1949012
One-hot,UMAP,seq_1236,0,11.078928,2.2735925
One-hot,UMAP,seq_1237,0,11.03253,2.7969847
One-hot,UMAP,seq_1238,0,11.376902,2.350701
One-hot,UMAP,seq_1239,0,11.359692,2.26507
One-hot,UMAP,seq_1240,0,10.955422,2.5689716
One-hot,UMAP,seq_1241,0,11.06813,2.5853503
One-hot,UMAP,seq_1242,0,10.870618,2.5583215
One-hot,UMAP,seq_1243,0,10.882169,2.765316
One-hot,UMAP,seq_1244,0,10.842524,2.4234176
One-hot,UMAP,seq_1245,0,11.255248,2.3822572
One-hot,UMAP,seq_1246,0,12.128953,2.5193524
One-hot,UMAP,seq_1247,0,10.805696,2.9354541
One-hot,UMAP,seq_1248,0,11.61636,2.3200848
One-hot,UMAP,seq_1249,0,11.474919,2.385819
One-hot,UMAP,seq_1250,0,11.910601,1.9268138
One-hot,UMAP,seq_1251,0,11.675722,2.1131055
One-hot,UMAP,seq_1252,0,11.008921,2.7348871
One-hot,UMAP,seq_1253,0,10.85569,3.034614
One-hot,UMAP,seq_1254,0,11.8356085,2.0212953
One-hot,UMAP,seq_1255,0,11.450992,2.4491706
One-hot,UMAP,seq_1256,0,11.898374,2.2095766
One-hot,UMAP,seq_1257,0,11.0155945,2.5941699
One-hot,UMAP,seq_1258,0,11.303928,2.631904
One-hot,UMAP,seq_1259,0,11.091636,2.4594848
One-hot,UMAP,seq_1260,0,11.395998,2.1204934
One-hot,UMAP,seq_1261,0,11.280278,3.7775602
One-hot,UMAP,seq_1262,0,11.204343,2.4157686
One-hot,UMAP,seq_1263,0,11.155524,2.8093865
One-hot,UMAP,seq_1264,0,10.782764,2.670992
One-hot,UMAP,seq_1265,0,12.038599,1.8471254
One-hot,UMAP,seq_1266,0,11.273785,2.7053378
One-hot,UMAP,seq_1267,0,11.339675,2.7020133
One-hot,UMAP,seq_1268,0,11.097824,2.91956
One-hot,UMAP,seq_1269,0,11.520622,2.3247383
One-hot,UMAP,seq_1270,0,11.8352165,1.9293208
One-hot,UMAP,seq_1271,0,11.567029,2.091438
One-hot,UMAP,seq_1272,0,11.027484,2.3970137
One-hot,UMAP,seq_1273,0,12.328723,1.9329205
One-hot,UMAP,seq_1274,0,11.301717,2.0394385
One-hot,UMAP,seq_1275,0,11.479167,2.0587196
One-hot,UMAP,seq_1276,0,12.11595,1.9310987
One-hot,UMAP,seq_1277,0,11.851967,2.2908375
One-hot,UMAP,seq_1278,0,11.467944,2.3192856
One-hot,UMAP,seq_1279,0,11.529069,2.2657502
One-hot,UMAP,seq_1280,0,10.847344,2.6549876
One-hot,UMAP,seq_1281,0,11.102742,2.623101
One-hot,UMAP,seq_1282,0,11.939044,2.0389924
One-hot,UMAP,seq_1283,0,12.029587,1.9596429
One-hot,UMAP,seq_1284,0,11.17861,2.444428
One-hot,UMAP,seq_1285,0,11.318303,2.674323
One-hot,UMAP,seq_1286,0,12.208359,2.1937664
One-hot,UMAP,seq_1287,0,11.007908,2.3742607
One-hot,UMAP,seq_1288,0,11.10706,2.8733132
One-hot,UMAP,seq_1289,0,12.021406,1.7752368
One-hot,UMAP,seq_1290,0,10.953725,3.1360328
One-hot,UMAP,seq_1291,0,11.212626,2.4796622
One-hot,UMAP,seq_1292,0,11.095864,2.4550047
One-hot,UMAP,seq_1293,0,11.402874,2.6080208
One-hot,UMAP,seq_1294,0,11.036504,2.8752882
One-hot,UMAP,seq_1295,0,11.443074,2.5250263
One-hot,UMAP,seq_1296,0,11.631384,2.3534021
One-hot,UMAP,seq_1297,0,11.140187,2.6815486
One-hot,UMAP,seq_1298,0,10.842206,2.882105
One-hot,UMAP,seq_1299,0,10.9745,2.3688097
One-hot,UMAP,seq_1300,0,11.381094,2.2385397
One-hot,UMAP,seq_1301,0,11.253485,2.9664896
One-hot,UMAP,seq_1302,0,10.740717,3.0717754
One-hot,UMAP,seq_1303,0,10.584751,2.9010768
One-hot,UMAP,seq_1304,0,11.842983,2.1925724
One-hot,UMAP,seq_1305,0,11.303454,2.2797375
One-hot,UMAP,seq_1306,0,12.059493,2.0329766
One-hot,UMAP,seq_1307,0,11.403916,2.3887343
One-hot,UMAP,seq_1308,0,11.024474,2.659388
One-hot,UMAP,seq_1309,0,11.192819,2.4202332
One-hot,UMAP,seq_1310,0,11.645032,2.4864678
One-hot,UMAP,seq_1311,0,11.032366,2.6039877
One-hot,UMAP,seq_1312,0,11.679257,2.061887
One-hot,UMAP,seq_1313,0,10.844836,2.9448674
One-hot,UMAP,seq_1314,0,11.751515,2.6384032
One-hot,UMAP,seq_1315,0,11.548779,2.2367547
One-hot,UMAP,seq_1316,0,12.544255,2.6529555
One-hot,UMAP,seq_1317,0,12.074853,2.215185
One-hot,UMAP,seq_1318,0,11.501974,2.730567
One-hot,UMAP,seq_1319,0,10.747724,3.087257
One-hot,UMAP,seq_1320,0,11.148045,2.6716812
One-hot,UMAP,seq_1321,0,12.205824,2.131785
One-hot,UMAP,seq_1322,0,11.02196,2.4548657
One-hot,UMAP,seq_1323,0,11.144531,2.5582473
One-hot,UMAP,seq_1324,0,11.107081,2.4835794
One-hot,UMAP,seq_1325,0,11.017196,2.739173
One-hot,UMAP,seq_1326,0,11.503645,2.610039
One-hot,UMAP,seq_1327,0,11.931416,2.5838404
One-hot,UMAP,seq_1328,0,11.611468,2.2022948
One-hot,UMAP,seq_1329,0,11.476355,2.4356754
One-hot,UMAP,seq_1330,0,11.359215,2.5041728
One-hot,UMAP,seq_1331,0,12.287876,1.8409988
One-hot,UMAP,seq_1332,0,11.802375,2.3915098
One-hot,UMAP,seq_1333,0,11.79069,2.2866807
One-hot,UMAP,seq_1334,0,11.603146,2.3927686
One-hot,UMAP,seq_1335,0,11.856005,2.833909
One-hot,UMAP,seq_1336,0,11.979292,2.1429622
One-hot,UMAP,seq_1337,0,11.276808,2.3280146
One-hot,UMAP,seq_1338,0,12.433792,2.4318116
One-hot,UMAP,seq_1339,0,11.386395,2.508585
One-hot,UMAP,seq_1340,0,11.648368,2.2015512
One-hot,UMAP,seq_1341,0,10.928571,2.592574
One-hot,UMAP,seq_1342,0,11.310241,2.8085501
One-hot,UMAP,seq_1343,0,11.564942,2.8196404
One-hot,UMAP,seq_1344,0,11.620986,2.2330084
One-hot,UMAP,seq_1345,0,12.117277,2.0384083
One-hot,UMAP,seq_1346,0,12.116992,2.7992375
One-hot,UMAP,seq_1347,0,11.449408,2.9046052
One-hot,UMAP,seq_1348,0,11.214483,2.350335
One-hot,UMAP,seq_1349,0,11.415123,2.529059
One-hot,UMAP,seq_1350,0,11.266194,2.709325
One-hot,UMAP,seq_1351,0,11.427807,2.764503
One-hot,UMAP,seq_1352,0,11.379322,2.5963604
One-hot,UMAP,seq_1353,0,11.831546,2.3769433
One-hot,UMAP,seq_1354,0,11.915228,2.1883845
One-hot,UMAP,seq_1355,0,11.240243,2.4942443
One-hot,UMAP,seq_1356,0,11.675978,2.432247
One-hot,UMAP,seq_1357,0,12.263482,2.0479674
One-hot,UMAP,seq_1358,0,11.868371,2.3204284
One-hot,UMAP,seq_1359,0,10.971414,2.8247044
One-hot,UMAP,seq_1360,0,12.342614,2.6245067
One-hot,UMAP,seq_1361,0,11.354816,2.5607502
One-hot,UMAP,seq_1362,0,11.537369,2.5087588
One-hot,UMAP,seq_1363,0,11.984673,2.7085643
One-hot,UMAP,seq_1364,0,11.247244,2.5340912
One-hot,UMAP,seq_1365,0,11.719292,2.3332314
One-hot,UMAP,seq_1366,0,10.896956,3.0744636
One-hot,UMAP,seq_1367,0,11.989306,2.4133296
One-hot,UMAP,seq_1368,0,12.508833,3.5560684
One-hot,UMAP,seq_1369,0,11.894776,2.234431
One-hot,UMAP,seq_1370,0,11.665306,2.4817793
One-hot,UMAP,seq_1371,0,12.1069355,2.07134
One-hot,UMAP,seq_1372,0,11.379653,2.765973
One-hot,UMAP,seq_1373,0,12.203577,2.4095714
One-hot,UMAP,seq_1374,0,12.218494,2.1544716
One-hot,UMAP,seq_1375,0,11.864933,2.4793932
One-hot,UMAP,seq_1376,0,11.272844,2.5525126
One-hot,UMAP,seq_1377,0,11.0618105,2.6205862
One-hot,UMAP,seq_1378,0,11.717203,2.6738603
One-hot,UMAP,seq_1379,0,11.259872,2.1121008
One-hot,UMAP,seq_1380,0,11.919619,2.8435278
One-hot,UMAP,seq_1381,0,11.576467,2.5114133
One-hot,UMAP,seq_1382,0,12.002027,2.4394746
One-hot,UMAP,seq_1383,0,10.969111,2.6748137
One-hot,UMAP,seq_1384,0,11.1994915,2.8398361
One-hot,UMAP,seq_1385,0,11.198281,2.700011
One-hot,UMAP,seq_1386,0,11.756961,2.8817892
One-hot,UMAP,seq_1387,0,11.003497,2.8163054
One-hot,UMAP,seq_1388,0,11.470959,2.491016
One-hot,UMAP,seq_1389,0,11.956602,2.6142824
One-hot,UMAP,seq_1390,0,11.800845,2.246263
One-hot,UMAP,seq_1391,0,11.124244,2.6322172
One-hot,UMAP,seq_1392,0,11.484186,2.4337895
One-hot,UMAP,seq_1393,0,10.892662,2.90326
One-hot,UMAP,seq_1394,0,11.850733,2.4953022
One-hot,UMAP,seq_1395,0,11.695949,2.3832774
One-hot,UMAP,seq_1396,0,12.039603,2.2360237
One-hot,UMAP,seq_1397,0,11.006222,2.7747772
One-hot,UMAP,seq_1398,0,11.429266,2.430556
One-hot,UMAP,seq_1399,0,11.566038,2.3293614
One-hot,UMAP,seq_1400,0,11.180053,2.7777042
One-hot,UMAP,seq_1401,0,12.079636,2.1645014
One-hot,UMAP,seq_1402,0,11.705532,2.4555063
One-hot,UMAP,seq_1403,0,11.587991,2.4532638
One-hot,UMAP,seq_1404,0,12.118291,2.9022467
One-hot,UMAP,seq_1405,0,10.913937,2.6151924
One-hot,UMAP,seq_1406,0,11.434445,2.3830247
One-hot,UMAP,seq_1407,0,10.772196,2.824903
One-hot,UMAP,seq_1408,0,11.708771,2.2332647
One-hot,UMAP,seq_1409,0,11.954268,2.2943566
One-hot,UMAP,seq_1410,0,11.558226,2.471613
One-hot,UMAP,seq_1411,0,11.740066,2.3390574
One-hot,UMAP,seq_1412,0,11.253145,2.558507
One-hot,UMAP,seq_1413,0,11.57492,2.8254619
One-hot,UMAP,seq_1414,0,12.416482,2.8866608
One-hot,UMAP,seq_1415,0,12.401236,2.7425716
One-hot,UMAP,seq_1416,0,11.567007,2.7192707
One-hot,UMAP,seq_1417,0,12.382381,2.8541956
One-hot,UMAP,seq_1418,0,11.891779,2.863228
One-hot,UMAP,seq_1419,0,12.439247,3.0277264
One-hot,UMAP,seq_1420,0,11.984776,2.4237545
One-hot,UMAP,seq_1421,0,11.046712,2.7061067
One-hot,UMAP,seq_1422,0,12.288214,2.5626442
One-hot,UMAP,seq_1423,0,12.264544,2.397343
One-hot,UMAP,seq_1424,0,11.011913,3.232941
One-hot,UMAP,seq_1425,0,12.105788,2.6111262
One-hot,UMAP,seq_1426,0,12.278477,2.4090223
One-hot,UMAP,seq_1427,0,10.858674,3.025668
One-hot,UMAP,seq_1428,0,11.564595,2.3447235
One-hot,UMAP,seq_1429,0,11.254938,2.986492
One-hot,UMAP,seq_1430,0,10.542009,3.22917
One-hot,UMAP,seq_1431,0,11.346936,2.430129
One-hot,UMAP,seq_1432,0,12.375452,2.1743677
One-hot,UMAP,seq_1433,0,12.319819,2.3702934
One-hot,UMAP,seq_1434,0,11.567235,2.6893952
One-hot,UMAP,seq_1435,0,11.9986515,2.188545
One-hot,UMAP,seq_1436,0,11.069067,2.7303894
One-hot,UMAP,seq_1437,0,11.536143,2.2913976
One-hot,UMAP,seq_1438,0,10.893905,3.0835967
One-hot,UMAP,seq_1439,0,11.328034,2.983996
One-hot,UMAP,seq_1440,0,11.203238,2.9323115
One-hot,UMAP,seq_1441,0,12.120687,2.531812
One-hot,UMAP,seq_1442,0,11.165265,2.9671593
One-hot,UMAP,seq_1443,0,12.324321,2.6281548
One-hot,UMAP,seq_1444,0,10.869417,2.6644166
One-hot,UMAP,seq_1445,0,11.316631,2.4134912
One-hot,UMAP,seq_1446,0,11.750696,2.720203
One-hot,UMAP,seq_1447,0,11.712004,2.5750673
One-hot,UMAP,seq_1448,0,11.969085,2.6835
One-hot,UMAP,seq_1449,0,11.456059,2.7849705
One-hot,UMAP,seq_1450,0,11.25743,2.8315248
One-hot,UMAP,seq_1451,0,11.681391,2.8667023
One-hot,UMAP,seq_1452,0,11.122207,2.9618866
One-hot,UMAP,seq_1453,0,11.242226,2.739115
One-hot,UMAP,seq_1454,0,11.264461,2.697607
One-hot,UMAP,seq_1455,0,11.5566635,2.7013175
One-hot,UMAP,seq_1456,0,11.778704,2.4418492
One-hot,UMAP,seq_1457,0,11.76587,2.9659574
One-hot,UMAP,seq_1458,0,11.959419,2.973414
One-hot,UMAP,seq_1459,0,11.934787,2.3083572
One-hot,UMAP,seq_1460,0,11.360852,2.5961761
One-hot,UMAP,seq_1461,0,11.675948,2.8406737
One-hot,UMAP,seq_1462,0,11.844464,2.3636856
One-hot,UMAP,seq_1463,0,11.899435,2.4333649
One-hot,UMAP,seq_1464,0,11.184271,2.7058902
One-hot,UMAP,seq_1465,0,12.114749,2.189005
One-hot,UMAP,seq_1466,0,12.379317,2.7593622
One-hot,UMAP,seq_1467,0,12.0821905,2.3129675
One-hot,UMAP,seq_1468,0,11.483245,2.5060227
One-hot,UMAP,seq_1469,0,11.154154,2.788889
One-hot,UMAP,seq_1470,0,11.764082,2.7830129
One-hot,UMAP,seq_1471,0,11.307954,2.783496
One-hot,UMAP,seq_1472,0,12.026976,2.2274215
One-hot,UMAP,seq_1473,0,11.329982,2.5340884
One-hot,UMAP,seq_1474,0,11.716285,2.6746294
One-hot,UMAP,seq_1475,0,11.691043,2.549729
One-hot,UMAP,seq_1476,0,11.060142,2.8609414
One-hot,UMAP,seq_1477,0,11.905493,2.7115505
One-hot,UMAP,seq_1478,0,12.096328,2.490953
One-hot,UMAP,seq_1479,0,11.581453,2.5586252
One-hot,UMAP,seq_1480,0,11.476954,3.163991
One-hot,UMAP,seq_1481,0,11.527759,2.852565
One-hot,UMAP,seq_1482,0,11.486205,2.8854055
One-hot,UMAP,seq_1483,0,11.76257,2.6541765
One-hot,UMAP,seq_1484,0,12.3318815,2.4700246
One-hot,UMAP,seq_1485,0,12.335472,2.7111185
One-hot,UMAP,seq_1486,0,12.294063,2.8474426
One-hot,UMAP,seq_1487,0,11.946358,2.8760166
One-hot,UMAP,seq_1488,0,10.825444,2.9467108
One-hot,UMAP,seq_1489,0,11.359727,2.662568
One-hot,UMAP,seq_1490,0,11.694697,2.7893631
One-hot,UMAP,seq_1491,0,11.597357,2.8061397
One-hot,UMAP,seq_1492,0,11.716536,2.4434397
One-hot,UMAP,seq_1493,0,12.041613,3.6805363
One-hot,UMAP,seq_1494,0,12.185541,3.6260586
One-hot,UMAP,seq_1495,0,11.117746,3.014043
One-hot,UMAP,seq_1496,0,11.522835,2.6780481
One-hot,UMAP,seq_1497,0,11.077649,2.7673213
One-hot,UMAP,seq_1498,0,11.180509,2.7380023
One-hot,UMAP,seq_1499,0,12.119662,2.762302
One-hot,UMAP,seq_1500,0,12.018803,3.158551
One-hot,UMAP,seq_1501,0,12.415445,2.9168887
One-hot,UMAP,seq_1502,0,11.392675,3.0124295
One-hot,UMAP,seq_1503,0,11.391763,2.8422434
One-hot,UMAP,seq_1504,0,11.618144,2.908942
One-hot,UMAP,seq_1505,0,12.008143,2.4343789
One-hot,UMAP,seq_1506,0,12.372459,2.9308028
One-hot,UMAP,seq_1507,0,12.207875,2.913397
One-hot,UMAP,seq_1508,0,12.34384,2.862331
One-hot,UMAP,seq_1509,0,11.13787,2.7693071
One-hot,UMAP,seq_1510,0,12.452603,2.5947723
One-hot,UMAP,seq_1511,0,12.276351,3.268535
One-hot,UMAP,seq_1512,0,11.943422,2.6523614
One-hot,UMAP,seq_1513,0,12.2309475,2.4952197
One-hot,UMAP,seq_1514,0,11.288774,2.9111965
One-hot,UMAP,seq_1515,0,12.011377,2.8114214
One-hot,UMAP,seq_1516,0,11.717142,2.8575084
One-hot,UMAP,seq_1517,0,11.733198,2.4961011
One-hot,UMAP,seq_1518,0,12.277044,2.511135
One-hot,UMAP,seq_1519,0,11.0525465,2.8021684
One-hot,UMAP,seq_1520,0,11.83959,2.835738
One-hot,UMAP,seq_1521,0,11.205724,2.8856752
One-hot,UMAP,seq_1522,0,12.210799,2.3448684
One-hot,UMAP,seq_1523,0,11.409574,2.8522933
One-hot,UMAP,seq_1524,0,11.717645,2.757016
One-hot,UMAP,seq_1525,0,12.168035,2.7472672
One-hot,UMAP,seq_1526,0,12.162626,2.9973035
One-hot,UMAP,seq_1527,0,11.887056,2.6802406
One-hot,UMAP,seq_1528,0,11.990028,2.3178105
One-hot,UMAP,seq_1529,0,12.182691,2.5913904
One-hot,UMAP,seq_1530,0,11.453627,2.7590249
One-hot,UMAP,seq_1531,0,11.654312,2.6189506
One-hot,UMAP,seq_1532,0,11.982181,2.6180744
One-hot,UMAP,seq_1533,0,11.225712,3.031008
One-hot,UMAP,seq_1534,0,12.006519,2.4717312
One-hot,UMAP,seq_1535,0,12.168447,2.75657
One-hot,UMAP,seq_1536,0,11.130353,3.122966
One-hot,UMAP,seq_1537,0,12.100095,3.0781465
One-hot,UMAP,seq_1538,0,12.130523,2.806969
One-hot,UMAP,seq_1539,0,12.234195,2.8039312
One-hot,UMAP,seq_1540,0,11.519421,2.6625152
One-hot,UMAP,seq_1541,0,12.348758,2.8771064
One-hot,UMAP,seq_1542,0,12.274709,3.3387055
One-hot,UMAP,seq_1543,0,10.935345,3.152445
One-hot,UMAP,seq_1544,0,11.79808,3.0628626
One-hot,UMAP,seq_1545,0,11.787896,2.6820223
One-hot,UMAP,seq_1546,0,12.371143,2.4180853
One-hot,UMAP,seq_1547,0,11.339236,3.2059307
One-hot,UMAP,seq_1548,0,11.861642,2.494355
One-hot,UMAP,seq_1549,0,11.890077,2.485222
One-hot,UMAP,seq_1550,0,12.264036,2.7300866
One-hot,UMAP,seq_1551,0,11.349637,2.720256
One-hot,UMAP,seq_1552,0,11.246934,2.798325
One-hot,UMAP,seq_1553,0,11.428666,2.9601505
One-hot,UMAP,seq_1554,0,12.137194,2.6463993
One-hot,UMAP,seq_1555,0,11.720482,2.8647597
One-hot,UMAP,seq_1556,0,11.231817,2.7268927
One-hot,UMAP,seq_1557,0,11.872564,3.2596433
One-hot,UMAP,seq_1558,0,11.596366,2.7897778
One-hot,UMAP,seq_1559,0,11.3786,2.7950928
One-hot,UMAP,seq_1560,0,11.6389065,2.9859028
One-hot,UMAP,seq_1561,0,11.736324,3.0037072
One-hot,UMAP,seq_1562,0,12.258154,2.3284302
One-hot,UMAP,seq_1563,0,12.021092,2.5989127
One-hot,UMAP,seq_1564,0,11.206757,2.848701
One-hot,UMAP,seq_1565,0,11.776792,2.4697952
One-hot,UMAP,seq_1566,0,11.511065,3.0081782
One-hot,UMAP,seq_1567,0,11.578946,2.8601022
One-hot,UMAP,seq_1568,0,12.197602,2.9836566
One-hot,UMAP,seq_1569,0,11.778716,2.803152
One-hot,UMAP,seq_1570,0,10.826286,2.6024146
One-hot,UMAP,seq_1571,0,10.672769,3.0734932
One-hot,UMAP,seq_1572,0,10.970285,2.805629
One-hot,UMAP,seq_1573,0,11.434572,2.8852448
One-hot,UMAP,seq_1574,0,11.989399,2.4232602
One-hot,UMAP,seq_1575,0,11.320236,2.777564
One-hot,UMAP,seq_1576,0,11.431726,2.8821437
One-hot,UMAP,seq_1577,0,10.573582,3.1961787
One-hot,UMAP,seq_1578,0,11.744967,2.487231
One-hot,UMAP,seq_1579,0,11.99371,3.7741146
One-hot,UMAP,seq_1580,0,12.307473,2.4632533
One-hot,UMAP,seq_1581,0,11.51984,2.9039614
One-hot,UMAP,seq_1582,0,11.519242,2.625393
One-hot,UMAP,seq_1583,0,11.979219,2.814895
One-hot,UMAP,seq_1584,0,11.37802,2.6700287
One-hot,UMAP,seq_1585,0,11.327809,2.8332427
One-hot,UMAP,seq_1586,0,11.558898,2.608299
One-hot,UMAP,seq_1587,0,11.110363,3.0312984
One-hot,UMAP,seq_1588,0,11.810442,2.8831627
One-hot,UMAP,seq_1589,0,10.811174,3.130857
One-hot,UMAP,seq_1590,0,11.792431,2.9294918
One-hot,UMAP,seq_1591,0,11.820293,2.7727659
One-hot,UMAP,seq_1592,0,11.977883,2.7509115
One-hot,UMAP,seq_1593,0,12.027421,2.677055
One-hot,UMAP,seq_1594,0,11.744433,2.5772412
One-hot,UMAP,seq_1595,0,11.909096,3.0972493
One-hot,UMAP,seq_1596,0,12.212575,3.0825403
One-hot,UMAP,seq_1597,0,11.545054,2.5528932
One-hot,UMAP,seq_1598,0,11.667959,2.7395887
One-hot,UMAP,seq_1599,0,11.973353,2.8550525
One-hot,UMAP,seq_1600,0,11.060243,3.0233603
One-hot,UMAP,seq_1601,0,12.210773,2.7700396
One-hot,UMAP,seq_1602,0,12.141352,2.5467975
One-hot,UMAP,seq_1603,0,12.215961,2.7647197
One-hot,UMAP,seq_1604,0,11.091554,3.124955
One-hot,UMAP,seq_1605,0,12.215343,2.7181485
One-hot,UMAP,seq_1606,0,11.516988,3.2459123
One-hot,UMAP,seq_1607,0,12.086119,2.5098658
One-hot,UMAP,seq_1608,0,12.25281,2.860276
One-hot,UMAP,seq_1609,0,11.411141,3.0067294
One-hot,UMAP,seq_1610,0,11.810534,2.8865154
One-hot,UMAP,seq_1611,0,11.768943,2.8793898
One-hot,UMAP,seq_1612,0,11.896001,3.3981848
One-hot,UMAP,seq_1613,0,11.599415,2.8804467
One-hot,UMAP,seq_1614,0,11.601314,2.7464826
One-hot,UMAP,seq_1615,0,11.819913,2.965617
One-hot,UMAP,seq_1616,0,11.592634,3.0814404
One-hot,UMAP,seq_1617,0,12.077495,2.866953
One-hot,UMAP,seq_1618,0,11.533404,2.8005831
One-hot,UMAP,seq_1619,0,11.796664,2.6619442
One-hot,UMAP,seq_1620,0,11.236667,3.2119558
One-hot,UMAP,seq_1621,0,11.74313,2.9712577
One-hot,UMAP,seq_1622,0,12.471786,2.8361702
One-hot,UMAP,seq_1623,0,11.496255,3.1068804
One-hot,UMAP,seq_1624,0,12.1346245,2.9284596
One-hot,UMAP,seq_1625,0,11.476184,2.8534575
One-hot,UMAP,seq_1626,0,12.092906,2.9148839
One-hot,UMAP,seq_1627,0,11.759512,3.6042507
One-hot,UMAP,seq_1628,0,12.233365,2.9695637
One-hot,UMAP,seq_1629,0,11.953781,3.2598112
One-hot,UMAP,seq_1630,0,10.971819,2.9680037
One-hot,UMAP,seq_1631,0,11.680277,3.3351154
One-hot,UMAP,seq_1632,0,11.516947,2.8205032
One-hot,UMAP,seq_1633,0,11.606189,3.0876205
One-hot,UMAP,seq_1634,0,11.439771,3.0018127
One-hot,UMAP,seq_1635,0,10.894767,3.0383875
One-hot,UMAP,seq_1636,0,12.148766,3.202172
One-hot,UMAP,seq_1637,0,11.358781,3.4608421
One-hot,UMAP,seq_1638,0,11.965244,3.0576982
One-hot,UMAP,seq_1639,0,12.213647,3.0643244
One-hot,UMAP,seq_1640,0,11.649732,3.1897006
One-hot,UMAP,seq_1641,0,11.571096,3.273268
One-hot,UMAP,seq_1642,0,11.416413,3.119423
One-hot,UMAP,seq_1643,0,11.508562,2.9668667
One-hot,UMAP,seq_1644,0,11.52195,2.6138134
One-hot,UMAP,seq_1645,0,12.133477,2.8805249
One-hot,UMAP,seq_1646,0,10.470375,0.70523006
One-hot,UMAP,seq_1647,0,12.233094,3.2946868
One-hot,UMAP,seq_1648,0,12.423316,2.8386054
One-hot,UMAP,seq_1649,0,11.105988,3.2187724
One-hot,UMAP,seq_1650,0,11.777946,2.9722764
One-hot,UMAP,seq_1651,0,10.52817,3.1888149
One-hot,UMAP,seq_1652,0,11.700827,3.1380343
One-hot,UMAP,seq_1653,0,11.846313,2.9777863
One-hot,UMAP,seq_1654,0,11.750959,2.8930135
One-hot,UMAP,seq_1655,0,11.910019,3.2575076
One-hot,UMAP,seq_1656,0,11.296184,2.8483393
One-hot,UMAP,seq_1657,0,11.733898,2.928189
One-hot,UMAP,seq_1658,0,11.999079,2.9696698
One-hot,UMAP,seq_1659,0,12.029953,2.6905382
One-hot,UMAP,seq_1660,0,11.167438,3.16045
One-hot,UMAP,seq_1661,0,11.841758,2.69087
One-hot,UMAP,seq_1662,0,12.086809,3.2795174
One-hot,UMAP,seq_1663,0,11.969924,3.2375252
One-hot,UMAP,seq_1664,0,11.659801,2.794335
One-hot,UMAP,seq_1665,0,12.164169,2.9848256
One-hot,UMAP,seq_1666,0,11.391529,3.0790694
One-hot,UMAP,seq_1667,0,12.281925,3.1869597
One-hot,UMAP,seq_1668,0,11.896881,2.8985615
One-hot,UMAP,seq_1669,0,11.655139,3.117651
One-hot,UMAP,seq_1670,0,12.053838,2.9382453
One-hot,UMAP,seq_1671,0,11.492826,2.985378
One-hot,UMAP,seq_1672,0,12.412337,2.9282572
One-hot,UMAP,seq_1673,0,11.699783,3.5812433
One-hot,UMAP,seq_1674,0,11.799058,3.1604226
One-hot,UMAP,seq_1675,0,11.370192,3.2684772
One-hot,UMAP,seq_1676,0,11.730012,3.5277789
One-hot,UMAP,seq_1677,0,11.790613,3.2296422
One-hot,UMAP,seq_1678,0,11.971793,2.9577773
One-hot,UMAP,seq_1679,0,12.150223,3.8718073
One-hot,UMAP,seq_1680,0,11.689126,3.0544941
One-hot,UMAP,seq_1681,0,11.780554,3.0396876
One-hot,UMAP,seq_1682,0,11.800038,2.8919053
One-hot,UMAP,seq_1683,0,11.013712,2.871518
One-hot,UMAP,seq_1684,0,11.165054,3.1654158
One-hot,UMAP,seq_1685,0,12.351912,2.9053774
One-hot,UMAP,seq_1686,0,11.091521,3.6433685
One-hot,UMAP,seq_1687,0,11.763167,3.1916194
One-hot,UMAP,seq_1688,0,10.916815,2.8918781
One-hot,UMAP,seq_1689,0,11.996642,3.3016667
One-hot,UMAP,seq_1690,0,12.019926,3.1076307
One-hot,UMAP,seq_1691,0,11.694015,3.0448098
One-hot,UMAP,seq_1692,0,12.070076,3.5621345
One-hot,UMAP,seq_1693,0,11.89919,3.065362
One-hot,UMAP,seq_1694,0,12.28576,2.7836711
One-hot,UMAP,seq_1695,0,11.8239155,3.2961555
One-hot,UMAP,seq_1696,0,11.691993,3.1465945
One-hot,UMAP,seq_1697,0,11.939685,2.9140792
One-hot,UMAP,seq_1698,0,11.904181,3.1390026
One-hot,UMAP,seq_1699,0,12.153483,3.20611
One-hot,UMAP,seq_1700,0,11.987648,3.5527585
One-hot,UMAP,seq_1701,0,12.146581,3.1373253
One-hot,UMAP,seq_1702,0,12.17586,3.4776728
One-hot,UMAP,seq_1703,0,11.887062,3.4097831
One-hot,UMAP,seq_1704,0,11.865378,2.966621
One-hot,UMAP,seq_1705,0,11.385945,3.1799862
One-hot,UMAP,seq_1706,0,11.382977,3.2877867
One-hot,UMAP,seq_1707,0,11.119143,3.3500242
One-hot,UMAP,seq_1708,0,11.899866,3.0226736
One-hot,UMAP,seq_1709,0,11.74491,3.050346
One-hot,UMAP,seq_1710,0,11.983737,3.2475102
One-hot,UMAP,seq_1711,0,11.752725,3.8829808
One-hot,UMAP,seq_1712,0,11.771532,3.169941
One-hot,UMAP,seq_1713,0,11.717782,3.5266416
One-hot,UMAP,seq_1714,0,11.664024,3.1988723
One-hot,UMAP,seq_1715,0,11.746178,3.2126825
One-hot,UMAP,seq_1716,0,11.58435,3.5013645
One-hot,UMAP,seq_1717,0,11.982848,2.892333
One-hot,UMAP,seq_1718,0,12.040931,3.8188121
One-hot,UMAP,seq_1719,0,12.300364,3.52327
One-hot,UMAP,seq_1720,0,12.063666,3.4418209
One-hot,UMAP,seq_1721,0,11.785311,3.4568522
One-hot,UMAP,seq_1722,0,10.671456,3.1379037
One-hot,UMAP,seq_1723,0,12.31138,3.54419
One-hot,UMAP,seq_1724,0,11.962825,3.4215336
One-hot,UMAP,seq_1725,0,11.852856,2.9857864
One-hot,UMAP,seq_1726,0,12.078959,3.4018013
One-hot,UMAP,seq_1727,0,11.029773,3.3734033
One-hot,UMAP,seq_1728,0,12.111617,3.3649323
One-hot,UMAP,seq_1729,0,11.492009,3.1900039
One-hot,UMAP,seq_1730,0,10.916615,3.3715475
One-hot,UMAP,seq_1731,0,11.567222,3.2048016
One-hot,UMAP,seq_1732,0,11.37978,3.0553114
One-hot,UMAP,seq_1733,0,12.272097,3.4498358
One-hot,UMAP,seq_1734,0,11.655998,3.0826793
One-hot,UMAP,seq_1735,0,11.679674,3.4149601
One-hot,UMAP,seq_1736,0,11.829402,3.3179116
One-hot,UMAP,seq_1737,0,12.056127,3.943329
One-hot,UMAP,seq_1738,0,12.138819,3.84258
One-hot,UMAP,seq_1739,0,10.389088,3.5011208
One-hot,UMAP,seq_1740,0,11.929563,3.0309672
One-hot,UMAP,seq_1741,0,12.083847,3.0576127
One-hot,UMAP,seq_1742,0,11.623377,3.5659573
One-hot,UMAP,seq_1743,0,12.031658,3.1666214
One-hot,UMAP,seq_1744,0,11.8246565,3.5974336
One-hot,UMAP,seq_1745,0,11.424938,3.2437334
One-hot,UMAP,seq_1746,0,11.581867,3.119264
One-hot,UMAP,seq_1747,0,11.875197,3.7605555
One-hot,UMAP,seq_1748,0,11.834704,3.7525315
One-hot,UMAP,seq_1749,0,11.558725,3.3381057
One-hot,UMAP,seq_1750,0,11.806138,3.3367767
One-hot,UMAP,seq_1751,0,9.895546,2.466906
One-hot,UMAP,seq_1752,0,11.632077,3.0245256
One-hot,UMAP,seq_1753,0,12.286047,3.3287966
One-hot,UMAP,seq_1754,0,11.952665,3.3608084
One-hot,UMAP,seq_1755,0,12.143999,3.5861895
One-hot,UMAP,seq_1756,0,12.216522,3.2561586
One-hot,UMAP,seq_1757,0,11.986398,3.492793
One-hot,UMAP,seq_1758,0,12.209978,3.4953134
One-hot,UMAP,seq_1759,0,11.361173,3.1617556
One-hot,UMAP,seq_1760,0,11.600164,3.2004313
One-hot,UMAP,seq_1761,0,11.17259,4.3701096
One-hot,UMAP,seq_1762,0,11.840736,3.4556713
One-hot,UMAP,seq_1763,0,11.957898,3.4244363
One-hot,UMAP,seq_1764,0,11.420377,3.1840043
One-hot,UMAP,seq_1765,0,12.184624,3.3115816
One-hot,UMAP,seq_1766,0,11.92707,3.145122
One-hot,UMAP,seq_1767,0,11.553507,3.343971
One-hot,UMAP,seq_1768,0,11.745661,3.7456207
One-hot,UMAP,seq_1769,0,11.864199,3.8909647
One-hot,UMAP,seq_1770,0,11.30613,3.460968
One-hot,UMAP,seq_1771,0,12.104675,3.277777
One-hot,UMAP,seq_1772,0,11.75981,3.6283848
One-hot,UMAP,seq_1773,0,12.053039,3.1974595
One-hot,UMAP,seq_1774,0,11.867555,4.0123596
One-hot,UMAP,seq_1775,0,12.153811,3.4577174
One-hot,UMAP,seq_1776,0,11.69113,3.6684325
One-hot,UMAP,seq_1777,0,11.988278,3.9883583
One-hot,UMAP,seq_1778,0,11.560431,3.3296447
One-hot,UMAP,seq_1779,0,10.975748,3.4595494
One-hot,UMAP,seq_1780,0,11.875927,3.2636344
One-hot,UMAP,seq_1781,0,11.271978,3.434568
One-hot,UMAP,seq_1782,0,12.126433,3.405071
One-hot,UMAP,seq_1783,0,11.667245,3.379716
One-hot,UMAP,seq_1784,0,10.563938,3.241219
One-hot,UMAP,seq_1785,0,11.222776,3.356402
One-hot,UMAP,seq_1786,0,11.219041,3.3775456
One-hot,UMAP,seq_1787,0,12.219548,3.4874704
One-hot,UMAP,seq_1788,0,10.895474,3.638802
One-hot,UMAP,seq_1789,0,12.136666,3.815463
One-hot,UMAP,seq_1790,0,11.917119,4.524272
One-hot,UMAP,seq_1791,0,11.46502,3.370603
One-hot,UMAP,seq_1792,0,11.927892,3.8725286
One-hot,UMAP,seq_1793,0,12.411114,3.6131968
One-hot,UMAP,seq_1794,0,11.703213,3.7502043
One-hot,UMAP,seq_1795,0,11.267423,3.4637167
One-hot,UMAP,seq_1796,0,11.943157,3.6456432
One-hot,UMAP,seq_1797,0,11.605329,3.431474
One-hot,UMAP,seq_1798,0,11.133408,3.128718
One-hot,UMAP,seq_1799,0,10.77578,3.5200522
One-hot,UMAP,seq_1800,0,11.954858,3.9449415
One-hot,UMAP,seq_1801,0,11.538379,3.668968
One-hot,UMAP,seq_1802,0,11.899443,4.5249877
One-hot,UMAP,seq_1803,0,12.054408,3.2411776
One-hot,UMAP,seq_1804,0,11.385692,3.4442682
One-hot,UMAP,seq_1805,0,11.5550585,3.9423137
One-hot,UMAP,seq_1806,0,11.507142,3.2055528
One-hot,UMAP,seq_1807,0,12.062845,3.3340726
One-hot,UMAP,seq_1808,0,11.842737,3.661674
One-hot,UMAP,seq_1809,0,12.245188,3.543999
One-hot,UMAP,seq_1810,0,11.759102,3.7768826
One-hot,UMAP,seq_1811,0,10.900138,3.120467
One-hot,UMAP,seq_1812,0,11.04615,3.1972523
One-hot,UMAP,seq_1813,0,11.0797615,3.3018208
One-hot,UMAP,seq_1814,0,11.985952,3.5015233
One-hot,UMAP,seq_1815,0,11.776982,3.4594548
One-hot,UMAP,seq_1816,0,12.168363,3.908312
One-hot,UMAP,seq_1817,0,11.548776,3.3121881
One-hot,UMAP,seq_1818,0,11.4115925,3.2570946
One-hot,UMAP,seq_1819,0,11.881514,3.7154667
One-hot,UMAP,seq_1820,0,11.446564,4.1174645
One-hot,UMAP,seq_1821,0,11.821107,4.2119246
One-hot,UMAP,seq_1822,0,11.823674,4.07262
One-hot,UMAP,seq_1823,0,11.625336,3.423006
One-hot,UMAP,seq_1824,0,11.335286,3.3867717
One-hot,UMAP,seq_1825,0,12.02818,3.8472033
One-hot,UMAP,seq_1826,0,11.7279215,3.658545
One-hot,UMAP,seq_1827,0,12.091992,3.687136
One-hot,UMAP,seq_1828,0,11.052414,3.2654226
One-hot,UMAP,seq_1829,0,11.60443,3.3076656
One-hot,UMAP,seq_1830,0,11.8818655,3.5010753
One-hot,UMAP,seq_1831,0,11.595577,3.4720643
One-hot,UMAP,seq_1832,0,10.573235,3.0737908
One-hot,UMAP,seq_1833,0,11.327171,2.886514
One-hot,UMAP,seq_1834,0,11.262035,3.2322428
One-hot,UMAP,seq_1835,0,11.854221,3.5772822
One-hot,UMAP,seq_1836,0,11.634305,3.8073382
One-hot,UMAP,seq_1837,0,11.217826,3.4346967
One-hot,UMAP,seq_1838,0,11.530402,3.2792742
One-hot,UMAP,seq_1839,0,12.093534,3.828224
One-hot,UMAP,seq_1840,0,11.478622,3.6931217
One-hot,UMAP,seq_1841,0,11.619126,3.8759582
One-hot,UMAP,seq_1842,0,12.065571,3.9130049
One-hot,UMAP,seq_1843,0,11.282562,3.415386
One-hot,UMAP,seq_1844,0,11.712865,3.3254678
One-hot,UMAP,seq_1845,0,10.716065,3.3785617
One-hot,UMAP,seq_1846,0,11.935622,4.027473
One-hot,UMAP,seq_1847,0,11.219266,3.403504
One-hot,UMAP,seq_1848,0,11.893644,3.7512548
One-hot,UMAP,seq_1849,0,11.480253,3.740447
One-hot,UMAP,seq_1850,0,11.69536,3.932548
One-hot,UMAP,seq_1851,0,11.7512245,3.7611387
One-hot,UMAP,seq_1852,0,11.664868,4.0589623
One-hot,UMAP,seq_1853,0,11.718907,3.2668657
One-hot,UMAP,seq_1854,0,11.779622,3.6355333
One-hot,UMAP,seq_1855,0,11.5346365,3.3045423
One-hot,UMAP,seq_1856,0,12.045587,3.8599043
One-hot,UMAP,seq_1857,0,11.31125,3.4046633
One-hot,UMAP,seq_1858,0,11.637028,3.605418
One-hot,UMAP,seq_1859,0,11.99323,4.01144
One-hot,UMAP,seq_1860,0,11.918296,3.932647
One-hot,UMAP,seq_1861,0,11.683566,3.9264364
One-hot,UMAP,seq_1862,0,11.916646,3.7189407
One-hot,UMAP,seq_1863,0,12.082181,3.5731113
One-hot,UMAP,seq_1864,0,11.768145,4.2412286
One-hot,UMAP,seq_1865,0,11.748622,3.6679118
One-hot,UMAP,seq_1866,0,11.722715,3.5757165
One-hot,UMAP,seq_1867,0,11.95487,3.544433
One-hot,UMAP,seq_1868,0,11.6214695,3.6686716
One-hot,UMAP,seq_1869,0,11.662681,3.5536232
One-hot,UMAP,seq_1870,0,11.268006,3.1275406
One-hot,UMAP,seq_1871,0,11.629601,3.9427674
One-hot,UMAP,seq_1872,0,11.443407,4.108174
One-hot,UMAP,seq_1873,0,10.901742,3.7629366
One-hot,UMAP,seq_1874,0,11.974227,3.7138011
One-hot,UMAP,seq_1875,0,11.851939,3.1049407
One-hot,UMAP,seq_1876,0,10.990728,3.335279
One-hot,UMAP,seq_1877,0,11.543695,3.5290399
One-hot,UMAP,seq_1878,0,12.007219,3.9746659
One-hot,UMAP,seq_1879,0,11.767104,4.138963
One-hot,UMAP,seq_1880,0,11.446855,3.7550263
One-hot,UMAP,seq_1881,0,11.46034,3.2845016
One-hot,UMAP,seq_1882,0,11.866097,3.9799862
One-hot,UMAP,seq_1883,0,11.800879,3.5472991
One-hot,UMAP,seq_1884,0,11.326396,3.1002295
One-hot,UMAP,seq_1885,0,11.755216,3.4296107
One-hot,UMAP,seq_1886,0,11.719307,3.8552094
One-hot,UMAP,seq_1887,0,10.542961,3.2828948
One-hot,UMAP,seq_1888,0,11.671438,4.1772356
One-hot,UMAP,seq_1889,0,11.756595,3.5994546
One-hot,UMAP,seq_1890,0,11.80862,4.062861
One-hot,UMAP,seq_1891,0,11.271499,3.7825975
One-hot,UMAP,seq_1892,0,11.653236,3.6310847
One-hot,UMAP,seq_1893,0,10.985143,3.5623875
One-hot,UMAP,seq_1894,0,11.186525,4.2469416
One-hot,UMAP,seq_1895,0,11.647381,3.857546
One-hot,UMAP,seq_1896,0,11.589195,3.6998653
One-hot,UMAP,seq_1897,0,11.771455,3.7885914
One-hot,UMAP,seq_1898,0,11.719915,3.5006053
One-hot,UMAP,seq_1899,0,9.296035,4.0796003
One-hot,UMAP,seq_1900,0,12.083698,3.3601289
One-hot,UMAP,seq_1901,0,11.766983,3.9464176
One-hot,UMAP,seq_1902,0,11.743117,3.8523471
One-hot,UMAP,seq_1903,0,11.527216,3.3764672
One-hot,UMAP,seq_1904,0,11.38633,3.6719
One-hot,UMAP,seq_1905,0,11.7041025,3.4389951
One-hot,UMAP,seq_1906,0,11.143009,3.3459759
One-hot,UMAP,seq_1907,0,11.54698,3.4038005
One-hot,UMAP,seq_1908,0,11.745432,3.306287
One-hot,UMAP,seq_1909,0,9.998644,3.9545553
One-hot,UMAP,seq_1910,0,11.782863,4.0356793
One-hot,UMAP,seq_1911,0,11.408155,3.3319237
One-hot,UMAP,seq_1912,0,11.579324,3.8418972
One-hot,UMAP,seq_1913,0,11.96267,3.834827
One-hot,UMAP,seq_1914,0,10.575132,3.3696532
One-hot,UMAP,seq_1915,0,11.754165,4.055292
One-hot,UMAP,seq_1916,0,11.030906,3.3591518
One-hot,UMAP,seq_1917,0,11.601546,3.6756036
One-hot,UMAP,seq_1918,0,11.279755,3.5784903
One-hot,UMAP,seq_1919,0,11.435729,3.759253
One-hot,UMAP,seq_1920,0,11.154186,3.8105001
One-hot,UMAP,seq_1921,0,11.753808,4.3824196
One-hot,UMAP,seq_1922,0,11.496149,3.775585
One-hot,UMAP,seq_1923,0,11.735563,4.1143823
One-hot,UMAP,seq_1924,0,11.0817175,3.2487125
One-hot,UMAP,seq_1925,0,11.601676,3.8236082
One-hot,UMAP,seq_1926,0,11.719238,3.931536
One-hot,UMAP,seq_1927,0,11.311255,3.3722956
One-hot,UMAP,seq_1928,0,11.195376,3.342701
One-hot,UMAP,seq_1929,0,11.5372505,4.0918674
One-hot,UMAP,seq_1930,0,11.601677,3.5342448
One-hot,UMAP,seq_1931,0,11.076671,3.4126835
One-hot,UMAP,seq_1932,0,10.89609,3.3787236
One-hot,UMAP,seq_1933,0,11.421319,3.6401172
One-hot,UMAP,seq_1934,0,11.344421,3.7201843
One-hot,UMAP,seq_1935,0,11.559642,3.5884945
One-hot,UMAP,seq_1936,0,10.612602,3.7616808
One-hot,UMAP,seq_1937,0,11.451479,3.8355489
One-hot,UMAP,seq_1938,0,11.08803,3.2289124
One-hot,UMAP,seq_1939,0,11.230663,3.939681
One-hot,UMAP,seq_1940,0,11.63659,3.9470632
One-hot,UMAP,seq_1941,0,11.763457,3.9113233
One-hot,UMAP,seq_1942,0,11.52841,4.1729803
One-hot,UMAP,seq_1943,0,11.346538,3.402331
One-hot,UMAP,seq_1944,0,11.377222,3.2919748
One-hot,UMAP,seq_1945,0,11.38899,3.5164886
One-hot,UMAP,seq_1946,0,11.930705,3.8613641
One-hot,UMAP,seq_1947,0,11.5470085,3.610727
One-hot,UMAP,seq_1948,0,11.63743,3.916069
One-hot,UMAP,seq_1949,0,10.934164,3.6340277
One-hot,UMAP,seq_1950,0,11.762754,3.8751135
One-hot,UMAP,seq_1951,0,11.569429,3.54159
One-hot,UMAP,seq_1952,0,11.4724,3.6375425
One-hot,UMAP,seq_1953,0,10.894395,3.2844925
One-hot,UMAP,seq_1954,0,11.678217,4.0963197
One-hot,UMAP,seq_1955,0,11.545945,3.5056062
One-hot,UMAP,seq_1956,0,11.365436,3.6867418
One-hot,UMAP,seq_1957,0,11.414209,3.604027
One-hot,UMAP,seq_1958,0,10.839551,3.6221454
One-hot,UMAP,seq_1959,0,11.311671,3.3635678
One-hot,UMAP,seq_1960,0,10.920715,3.8042176
One-hot,UMAP,seq_1961,0,11.482327,3.7750463
One-hot,UMAP,seq_1962,0,11.477653,3.713548
One-hot,UMAP,seq_1963,0,11.72039,3.7868054
One-hot,UMAP,seq_1964,0,9.6863,3.9993396
One-hot,UMAP,seq_1965,0,10.510647,3.4637625
One-hot,UMAP,seq_1966,0,11.075567,3.3232648
One-hot,UMAP,seq_1967,0,11.4713955,3.84561
One-hot,UMAP,seq_1968,0,11.1309,4.06507
One-hot,UMAP,seq_1969,0,11.516246,3.648186
One-hot,UMAP,seq_1970,0,11.223316,3.5325968
One-hot,UMAP,seq_1971,0,11.575083,3.4845247
One-hot,UMAP,seq_1972,0,11.079666,3.6319966
One-hot,UMAP,seq_1973,0,11.306621,3.3198936
One-hot,UMAP,seq_1974,0,11.56396,4.104398
One-hot,UMAP,seq_1975,0,11.378637,4.079285
One-hot,UMAP,seq_1976,0,11.66264,3.8692994
One-hot,UMAP,seq_1977,0,10.542952,3.2469285
One-hot,UMAP,seq_1978,0,11.715401,3.3133624
One-hot,UMAP,seq_1979,0,11.315799,3.8939886
One-hot,UMAP,seq_1980,0,11.490875,3.667118
One-hot,UMAP,seq_1981,0,9.109416,4.378794
One-hot,UMAP,seq_1982,0,11.294673,3.4266903
One-hot,UMAP,seq_1983,0,11.710212,3.8839085
One-hot,UMAP,seq_1984,0,9.988061,3.398426
One-hot,UMAP,seq_1985,0,11.281174,4.130107
One-hot,UMAP,seq_1986,0,11.364741,3.4196177
One-hot,UMAP,seq_1987,0,11.159974,3.2086837
One-hot,UMAP,seq_1988,0,11.41579,3.4687412
One-hot,UMAP,seq_1989,0,11.453274,3.531428
One-hot,UMAP,seq_1990,0,10.863964,3.6582158
One-hot,UMAP,seq_1991,0,11.367995,3.8949523
One-hot,UMAP,seq_1992,0,11.311512,3.5969932
One-hot,UMAP,seq_1993,0,11.287127,3.8288012
One-hot,UMAP,seq_1994,0,9.025378,3.4345686
One-hot,UMAP,seq_1995,0,11.28529,3.630273
One-hot,UMAP,seq_1996,0,11.079572,3.8891728
One-hot,UMAP,seq_1997,0,10.747351,3.931748
One-hot,UMAP,seq_1998,0,8.873144,3.5608003
One-hot,UMAP,seq_1999,0,11.525267,3.5819817
One-hot,UMAP,seq_2000,0,11.472733,3.4325936
One-hot,UMAP,seq_2001,0,9.406915,3.9093938
One-hot,UMAP,seq_2002,0,11.427663,4.1183043
One-hot,UMAP,seq_2003,0,9.571966,3.7132454
One-hot,UMAP,seq_2004,0,11.292979,3.3842533
One-hot,UMAP,seq_2005,0,10.972473,3.436402
One-hot,UMAP,seq_2006,0,11.031782,3.919872
One-hot,UMAP,seq_2007,0,11.486307,4.431057
One-hot,UMAP,seq_2008,0,11.692728,3.908006
One-hot,UMAP,seq_2009,0,11.2990265,3.6071868
One-hot,UMAP,seq_2010,0,9.65366,3.712411
One-hot,UMAP,seq_2011,0,9.4809065,3.7110848
One-hot,UMAP,seq_2012,0,10.176765,3.5799522
One-hot,UMAP,seq_2013,0,10.907652,3.3490973
One-hot,UMAP,seq_2014,0,10.535889,3.392357
One-hot,UMAP,seq_2015,0,10.508042,3.9201112
One-hot,UMAP,seq_2016,0,11.202793,3.6041667
One-hot,UMAP,seq_2017,0,11.84913,3.7591164
One-hot,UMAP,seq_2018,0,10.71475,3.896362
One-hot,UMAP,seq_2019,0,10.908442,3.3357105
One-hot,UMAP,seq_2020,0,11.315852,3.8779233
One-hot,UMAP,seq_2021,0,11.1365385,3.7635987
One-hot,UMAP,seq_2022,0,10.986913,3.7449176
One-hot,UMAP,seq_2023,0,11.267974,3.8393528
One-hot,UMAP,seq_2024,0,10.658437,3.9844875
One-hot,UMAP,seq_2025,0,11.3034725,4.0411897
One-hot,UMAP,seq_2026,0,11.273936,3.341181
One-hot,UMAP,seq_2027,0,11.237565,4.1625357
One-hot,UMAP,seq_2028,0,11.097861,3.6026516
One-hot,UMAP,seq_2029,0,9.644426,3.856724
One-hot,UMAP,seq_2030,0,11.388657,3.3670454
One-hot,UMAP,seq_2031,0,10.878526,3.1809514
One-hot,UMAP,seq_2032,0,11.243023,3.4819562
One-hot,UMAP,seq_2033,0,11.0485325,3.5939782
One-hot,UMAP,seq_2034,0,10.72527,3.4493144
One-hot,UMAP,seq_2035,0,11.337985,3.3579087
One-hot,UMAP,seq_2036,0,11.124799,3.4709005
One-hot,UMAP,seq_2037,0,9.82629,3.7525773
One-hot,UMAP,seq_2038,0,11.109642,3.4774492
One-hot,UMAP,seq_2039,0,11.846743,3.6062803
One-hot,UMAP,seq_2040,0,11.030744,3.5324688
One-hot,UMAP,seq_2041,0,11.383635,3.6399827
One-hot,UMAP,seq_2042,0,10.866747,3.401051
One-hot,UMAP,seq_2043,0,10.902347,3.562237
One-hot,UMAP,seq_2044,0,11.024394,3.6789913
One-hot,UMAP,seq_2045,0,11.015845,3.4609613
One-hot,UMAP,seq_2046,0,11.493678,3.791803
One-hot,UMAP,seq_2047,0,10.112173,3.5362258
One-hot,UMAP,seq_2048,0,9.442916,3.8812256
One-hot,UMAP,seq_2049,0,10.858377,3.55145
One-hot,UMAP,seq_2050,0,10.740148,3.3670547
One-hot,UMAP,seq_2051,0,9.033529,3.995407
One-hot,UMAP,seq_2052,0,10.66878,3.4665792
One-hot,UMAP,seq_2053,0,10.967984,3.3020234
One-hot,UMAP,seq_2054,0,11.091045,3.8726397
One-hot,UMAP,seq_2055,0,10.0498,3.7558434
One-hot,UMAP,seq_2056,0,11.250119,3.696374
One-hot,UMAP,seq_2057,0,11.4725275,3.9149678
One-hot,UMAP,seq_2058,0,11.52967,3.1693807
One-hot,UMAP,seq_2059,0,11.027822,3.25614
One-hot,UMAP,seq_2060,0,11.622363,3.8630614
One-hot,UMAP,seq_2061,0,10.012342,3.6075883
One-hot,UMAP,seq_2062,0,10.907519,3.6823833
One-hot,UMAP,seq_2063,0,9.940035,3.8611543
One-hot,UMAP,seq_2064,0,10.929594,3.580284
One-hot,UMAP,seq_2065,0,11.147517,4.0963316
One-hot,UMAP,seq_2066,0,11.342147,3.8929422
One-hot,UMAP,seq_2067,0,9.604041,3.7959049
One-hot,UMAP,seq_2068,0,11.415354,3.9408665
One-hot,UMAP,seq_2069,0,11.21175,3.6103897
One-hot,UMAP,seq_2070,0,11.105248,3.9617295
One-hot,UMAP,seq_2071,0,9.758441,4.3177986
One-hot,UMAP,seq_2072,0,11.2384,3.7181551
One-hot,UMAP,seq_2073,0,11.299329,3.5506022
One-hot,UMAP,seq_2074,0,11.145255,3.7616432
One-hot,UMAP,seq_2075,0,11.317446,3.405492
One-hot,UMAP,seq_2076,0,9.7991495,3.835177
One-hot,UMAP,seq_2077,0,10.44743,4.205555
One-hot,UMAP,seq_2078,0,11.007725,3.927611
One-hot,UMAP,seq_2079,0,10.6422,3.6861172
One-hot,UMAP,seq_2080,0,11.015843,3.9660854
One-hot,UMAP,seq_2081,0,10.764394,3.4331079
One-hot,UMAP,seq_2082,0,11.441343,3.6476498
One-hot,UMAP,seq_2083,0,10.885912,3.9049926
One-hot,UMAP,seq_2084,0,11.245106,4.1031237
One-hot,UMAP,seq_2085,0,11.0378895,4.1475196
One-hot,UMAP,seq_2086,0,11.197954,3.8071406
One-hot,UMAP,seq_2087,0,10.279798,3.7107882
One-hot,UMAP,seq_2088,0,10.86894,3.6673088
One-hot,UMAP,seq_2089,0,11.13238,3.6526852
One-hot,UMAP,seq_2090,0,8.9580765,4.6630926
One-hot,UMAP,seq_2091,0,10.290543,4.691502
One-hot,UMAP,seq_2092,0,11.160625,3.7329593
One-hot,UMAP,seq_2093,0,9.652922,3.9434881
One-hot,UMAP,seq_2094,0,9.659293,3.9269683
One-hot,UMAP,seq_2095,0,11.086684,3.9527218
One-hot,UMAP,seq_2096,0,8.963072,4.6592426
One-hot,UMAP,seq_2097,0,11.005332,3.797185
One-hot,UMAP,seq_2098,0,11.058333,3.3230367
One-hot,UMAP,seq_2099,0,11.065225,3.473731
One-hot,UMAP,seq_2100,0,10.697574,3.763707
One-hot,UMAP,seq_2101,0,11.153725,3.9520197
One-hot,UMAP,seq_2102,0,9.023598,3.9649532
One-hot,UMAP,seq_2103,0,11.153714,3.4847982
One-hot,UMAP,seq_2104,0,11.012627,3.5323422
One-hot,UMAP,seq_2105,0,11.140788,3.7010555
One-hot,UMAP,seq_2106,0,10.622793,3.8081274
One-hot,UMAP,seq_2107,0,11.10233,3.860229
One-hot,UMAP,seq_2108,0,10.819844,3.346392
One-hot,UMAP,seq_2109,0,10.66258,3.453284
One-hot,UMAP,seq_2110,0,11.102825,3.7437727
One-hot,UMAP,seq_2111,0,10.194218,3.8919046
One-hot,UMAP,seq_2112,0,10.85022,3.4029925
One-hot,UMAP,seq_2113,0,10.9089985,4.096223
One-hot,UMAP,seq_2114,0,10.454458,3.6472044
One-hot,UMAP,seq_2115,0,9.279868,3.9350195
One-hot,UMAP,seq_2116,0,11.417562,3.860157
One-hot,UMAP,seq_2117,0,9.874111,3.765813
One-hot,UMAP,seq_2118,0,10.296105,3.8721778
One-hot,UMAP,seq_2119,0,11.272296,4.2057586
One-hot,UMAP,seq_2120,0,8.770544,4.340897
One-hot,UMAP,seq_2121,0,8.731718,4.4286456
One-hot,UMAP,seq_2122,0,11.185989,3.7051775
One-hot,UMAP,seq_2123,0,9.668706,4.144172
One-hot,UMAP,seq_2124,0,10.975052,3.83697
One-hot,UMAP,seq_2125,0,11.290875,3.7137341
One-hot,UMAP,seq_2126,0,11.397048,3.921933
One-hot,UMAP,seq_2127,0,10.304896,3.8645823
One-hot,UMAP,seq_2128,0,10.473139,2.989811
One-hot,UMAP,seq_2129,0,9.024255,4.213459
One-hot,UMAP,seq_2130,0,11.00438,3.8758698
One-hot,UMAP,seq_2131,0,11.249197,4.084849
One-hot,UMAP,seq_2132,0,10.99878,3.8917606
One-hot,UMAP,seq_2133,0,10.459518,3.524171
One-hot,UMAP,seq_2134,0,9.31937,4.133445
One-hot,UMAP,seq_2135,0,9.332948,3.5965002
One-hot,UMAP,seq_2136,0,9.888123,3.982168
One-hot,UMAP,seq_2137,0,10.307662,3.6072004
One-hot,UMAP,seq_2138,0,10.752185,3.5980964
One-hot,UMAP,seq_2139,0,9.309205,4.2067285
One-hot,UMAP,seq_2140,0,10.951983,3.2227507
One-hot,UMAP,seq_2141,0,10.829272,3.496892
One-hot,UMAP,seq_2142,0,10.930688,3.8396533
One-hot,UMAP,seq_2143,0,10.534432,3.549599
One-hot,UMAP,seq_2144,0,10.947029,3.909272
One-hot,UMAP,seq_2145,0,10.736406,3.3622077
One-hot,UMAP,seq_2146,0,10.712297,3.7144628
One-hot,UMAP,seq_2147,0,10.6129675,3.8293474
One-hot,UMAP,seq_2148,0,11.376566,3.6013465
One-hot,UMAP,seq_2149,0,10.2817745,4.0191813
One-hot,UMAP,seq_2150,0,10.969959,3.4791903
One-hot,UMAP,seq_2151,0,10.975726,3.485397
One-hot,UMAP,seq_2152,0,10.056939,4.0180807
One-hot,UMAP,seq_2153,0,11.236522,3.8909934
One-hot,UMAP,seq_2154,0,10.771276,3.6131024
One-hot,UMAP,seq_2155,0,11.287494,3.800584
One-hot,UMAP,seq_2156,0,10.834523,3.3810472
One-hot,UMAP,seq_2157,0,10.753372,3.9703667
One-hot,UMAP,seq_2158,0,9.863305,3.7711165
One-hot,UMAP,seq_2159,0,10.06579,4.111291
One-hot,UMAP,seq_2160,0,10.314126,3.4130266
One-hot,UMAP,seq_2161,0,11.033723,3.7266898
One-hot,UMAP,seq_2162,0,10.562572,3.8459256
One-hot,UMAP,seq_2163,0,9.333006,4.3574634
One-hot,UMAP,seq_2164,0,11.110939,4.0138907
One-hot,UMAP,seq_2165,0,11.0618515,3.8944528
One-hot,UMAP,seq_2166,0,10.456048,4.00928
One-hot,UMAP,seq_2167,0,10.999475,3.4601996
One-hot,UMAP,seq_2168,0,9.691046,4.3505874
One-hot,UMAP,seq_2169,0,11.054782,3.7449634
One-hot,UMAP,seq_2170,0,10.962322,3.54185
One-hot,UMAP,seq_2171,0,10.004771,4.3590217
One-hot,UMAP,seq_2172,0,11.148862,3.9374828
One-hot,UMAP,seq_2173,0,10.431146,4.4815717
One-hot,UMAP,seq_2174,0,10.767626,4.1100297
One-hot,UMAP,seq_2175,0,10.436241,3.9814258
One-hot,UMAP,seq_2176,0,10.933235,3.6341364
One-hot,UMAP,seq_2177,0,11.244354,3.5742295
One-hot,UMAP,seq_2178,0,11.286834,3.83604
One-hot,UMAP,seq_2179,0,9.4140215,3.9732068
One-hot,UMAP,seq_2180,0,10.350362,4.2206225
One-hot,UMAP,seq_2181,0,11.08699,3.9234414
One-hot,UMAP,seq_2182,0,9.521085,4.1113353
One-hot,UMAP,seq_2183,0,10.75769,3.8871083
One-hot,UMAP,seq_2184,0,10.832854,3.841338
One-hot,UMAP,seq_2185,0,9.586876,4.4370904
One-hot,UMAP,seq_2186,0,10.4009075,3.7093673
One-hot,UMAP,seq_2187,0,9.276496,4.171435
One-hot,UMAP,seq_2188,0,10.821694,4.0641117
One-hot,UMAP,seq_2189,0,10.982032,4.008953
One-hot,UMAP,seq_2190,0,10.569914,3.6075144
One-hot,UMAP,seq_2191,0,11.08859,3.9627063
One-hot,UMAP,seq_2192,0,10.100056,4.1494627
One-hot,UMAP,seq_2193,0,10.223476,3.9398055
One-hot,UMAP,seq_2194,0,10.21456,4.03556
One-hot,UMAP,seq_2195,0,10.854909,3.3524604
One-hot,UMAP,seq_2196,0,9.962647,4.3652205
One-hot,UMAP,seq_2197,0,10.365728,3.9291549
One-hot,UMAP,seq_2198,0,10.221044,4.29787
One-hot,UMAP,seq_2199,0,10.906242,3.7027156
One-hot,UMAP,seq_2200,0,9.644493,4.077843
One-hot,UMAP,seq_2201,0,10.588451,3.3212721
One-hot,UMAP,seq_2202,0,10.638926,3.3871138
One-hot,UMAP,seq_2203,0,9.396127,4.1746683
One-hot,UMAP,seq_2204,0,9.629966,4.006315
One-hot,UMAP,seq_2205,0,10.674299,3.9828606
One-hot,UMAP,seq_2206,0,10.768427,4.0840015
One-hot,UMAP,seq_2207,0,10.491263,4.1318016
One-hot,UMAP,seq_2208,0,9.6577835,4.0603194
One-hot,UMAP,seq_2209,0,10.83974,4.1580215
One-hot,UMAP,seq_2210,0,9.169066,4.6638775
One-hot,UMAP,seq_2211,0,9.016497,4.6625195
One-hot,UMAP,seq_2212,0,9.168858,4.4616375
One-hot,UMAP,seq_2213,0,10.162904,4.2722588
One-hot,UMAP,seq_2214,0,10.80052,3.511579
One-hot,UMAP,seq_2215,0,10.330541,4.0705333
One-hot,UMAP,seq_2216,0,10.931265,3.8193173
One-hot,UMAP,seq_2217,0,10.684809,3.7600322
One-hot,UMAP,seq_2218,0,10.414986,3.833279
One-hot,UMAP,seq_2219,0,10.724849,4.364522
One-hot,UMAP,seq_2220,0,10.656548,3.6654153
One-hot,UMAP,seq_2221,0,10.073619,3.774364
One-hot,UMAP,seq_2222,0,9.993976,4.080469
One-hot,UMAP,seq_2223,0,9.470638,4.30086
One-hot,UMAP,seq_2224,0,11.186642,4.3068333
One-hot,UMAP,seq_2225,0,9.6450615,4.196937
One-hot,UMAP,seq_2226,0,10.543797,4.2627306
One-hot,UMAP,seq_2227,0,11.326609,3.353967
One-hot,UMAP,seq_2228,0,10.537907,3.9138343
One-hot,UMAP,seq_2229,0,10.586355,3.6926467
One-hot,UMAP,seq_2230,0,10.34895,3.7596147
One-hot,UMAP,seq_2231,0,10.7609,3.3407874
One-hot,UMAP,seq_2232,0,9.353559,3.9199393
One-hot,UMAP,seq_2233,0,9.085666,4.544129
One-hot,UMAP,seq_2234,0,10.284093,3.9903162
One-hot,UMAP,seq_2235,0,10.577095,3.460044
One-hot,UMAP,seq_2236,0,10.966775,3.984806
One-hot,UMAP,seq_2237,0,9.857348,4.187145
One-hot,UMAP,seq_2238,0,9.212416,3.9059398
One-hot,UMAP,seq_2239,0,10.116749,3.9369304
One-hot,UMAP,seq_2240,0,9.390872,4.9717593
One-hot,UMAP,seq_2241,0,10.383809,4.197399
One-hot,UMAP,seq_2242,0,10.5970955,4.0844064
One-hot,UMAP,seq_2243,0,10.095358,4.0278273
One-hot,UMAP,seq_2244,0,10.094608,3.6750224
One-hot,UMAP,seq_2245,0,10.889407,4.1436987
One-hot,UMAP,seq_2246,0,10.763503,3.3864312
One-hot,UMAP,seq_2247,0,9.09853,4.3307247
One-hot,UMAP,seq_2248,0,10.769941,3.937503
One-hot,UMAP,seq_2249,0,9.476983,4.2015
One-hot,UMAP,seq_2250,0,10.690063,4.0270724
One-hot,UMAP,seq_2251,0,10.128862,3.9484563
One-hot,UMAP,seq_2252,0,10.063742,4.132541
One-hot,UMAP,seq_2253,0,9.777303,3.8146687
One-hot,UMAP,seq_2254,0,10.74759,3.847578
One-hot,UMAP,seq_2255,0,9.789923,4.410448
One-hot,UMAP,seq_2256,0,10.070279,4.333961
One-hot,UMAP,seq_2257,0,9.43174,4.476821
One-hot,UMAP,seq_2258,0,9.998135,3.7594008
One-hot,UMAP,seq_2259,0,10.8037405,3.6802435
One-hot,UMAP,seq_2260,0,9.828754,4.206119
One-hot,UMAP,seq_2261,0,10.090175,4.395864
One-hot,UMAP,seq_2262,0,10.284612,4.2776666
One-hot,UMAP,seq_2263,0,10.903582,4.06276
One-hot,UMAP,seq_2264,0,9.547532,4.2187443
One-hot,UMAP,seq_2265,0,10.821285,4.1832337
One-hot,UMAP,seq_2266,0,9.321278,3.9511685
One-hot,UMAP,seq_2267,0,9.971049,4.0193706
One-hot,UMAP,seq_2268,0,9.394244,4.14808
One-hot,UMAP,seq_2269,0,10.414104,3.937408
One-hot,UMAP,seq_2270,0,10.520222,4.1410007
One-hot,UMAP,seq_2271,0,10.8601465,3.4683278
One-hot,UMAP,seq_2272,0,10.981123,3.8529944
One-hot,UMAP,seq_2273,0,10.861699,4.1607423
One-hot,UMAP,seq_2274,0,11.015272,4.0292854
One-hot,UMAP,seq_2275,0,10.936474,4.161768
One-hot,UMAP,seq_2276,0,9.997981,4.383039
One-hot,UMAP,seq_2277,0,10.812007,3.959787
One-hot,UMAP,seq_2278,0,10.781163,3.9057126
One-hot,UMAP,seq_2279,0,10.7753315,4.279861
One-hot,UMAP,seq_2280,0,9.532199,4.592186
One-hot,UMAP,seq_2281,0,10.06302,4.1907206
One-hot,UMAP,seq_2282,0,9.536563,4.257342
One-hot,UMAP,seq_2283,0,10.253911,4.1257944
One-hot,UMAP,seq_2284,0,10.310623,3.865744
One-hot,UMAP,seq_2285,0,11.002725,3.9999828
One-hot,UMAP,seq_2286,0,10.6378355,3.6497793
One-hot,UMAP,seq_2287,0,9.430209,4.225055
One-hot,UMAP,seq_2288,0,10.2959795,3.6227794
One-hot,UMAP,seq_2289,0,9.671403,4.3421154
One-hot,UMAP,seq_2290,0,10.843666,4.180103
One-hot,UMAP,seq_2291,0,10.601772,4.030825
One-hot,UMAP,seq_2292,0,11.078934,4.116807
One-hot,UMAP,seq_2293,0,10.379429,3.7907927
One-hot,UMAP,seq_2294,0,9.162182,4.8291745
One-hot,UMAP,seq_2295,0,9.508838,3.9285307
One-hot,UMAP,seq_2296,0,10.062126,4.333985
One-hot,UMAP,seq_2297,0,10.337266,4.173398
One-hot,UMAP,seq_2298,0,10.127109,4.605154
One-hot,UMAP,seq_2299,0,10.337871,4.0640798
One-hot,UMAP,seq_2300,0,9.436979,4.879673
One-hot,UMAP,seq_2301,0,9.519445,4.175721
One-hot,UMAP,seq_2302,0,10.415718,3.893366
One-hot,UMAP,seq_2303,0,10.473339,3.971655
One-hot,UMAP,seq_2304,0,9.200365,4.769267
One-hot,UMAP,seq_2305,0,10.815282,4.36529
One-hot,UMAP,seq_2306,0,9.580822,4.3295827
One-hot,UMAP,seq_2307,0,9.2804,4.378698
One-hot,UMAP,seq_2308,0,10.393289,4.114316
One-hot,UMAP,seq_2309,0,10.21461,4.1971107
One-hot,UMAP,seq_2310,0,9.618568,4.191681
One-hot,UMAP,seq_2311,0,10.319166,4.050603
One-hot,UMAP,seq_2312,0,10.197472,3.860935
One-hot,UMAP,seq_2313,0,9.81822,4.05387
One-hot,UMAP,seq_2314,0,9.809741,3.8139405
One-hot,UMAP,seq_2315,0,9.637621,5.0063887
One-hot,UMAP,seq_2316,0,10.430982,4.298079
One-hot,UMAP,seq_2317,0,9.398249,4.215746
One-hot,UMAP,seq_2318,0,9.224514,4.553048
One-hot,UMAP,seq_2319,0,9.601501,4.437855
One-hot,UMAP,seq_2320,0,9.805581,3.886667
One-hot,UMAP,seq_2321,0,10.106548,4.3501654
One-hot,UMAP,seq_2322,0,10.859357,4.0753913
One-hot,UMAP,seq_2323,0,10.1810875,4.3667297
One-hot,UMAP,seq_2324,0,9.969267,4.120534
One-hot,UMAP,seq_2325,0,10.635079,3.9779205
One-hot,UMAP,seq_2326,0,10.058993,4.1738524
One-hot,UMAP,seq_2327,0,9.584855,4.6337996
One-hot,UMAP,seq_2328,0,10.751227,4.0877886
One-hot,UMAP,seq_2329,0,9.885149,4.6005487
One-hot,UMAP,seq_2330,0,9.19885,4.510324
One-hot,UMAP,seq_2331,0,9.187543,4.913996
One-hot,UMAP,seq_2332,0,10.250334,4.292014
One-hot,UMAP,seq_2333,0,10.744604,4.1107574
One-hot,UMAP,seq_2334,0,10.320421,3.51643
One-hot,UMAP,seq_2335,0,10.344846,4.375939
One-hot,UMAP,seq_2336,0,9.897991,4.2789164
One-hot,UMAP,seq_2337,0,9.521832,4.2104044
One-hot,UMAP,seq_2338,0,10.125826,4.9802012
One-hot,UMAP,seq_2339,0,10.127401,4.2402034
One-hot,UMAP,seq_2340,0,9.640278,4.5370073
One-hot,UMAP,seq_2341,0,10.418621,4.2568026
One-hot,UMAP,seq_2342,0,9.62099,4.5484877
One-hot,UMAP,seq_2343,0,9.443463,4.7475815
One-hot,UMAP,seq_2344,0,10.361711,4.6985316
One-hot,UMAP,seq_2345,0,10.851353,3.3560247
One-hot,UMAP,seq_2346,0,9.752799,5.1667113
One-hot,UMAP,seq_2347,0,10.169206,3.8631728
One-hot,UMAP,seq_2348,0,10.69674,3.8810515
One-hot,UMAP,seq_2349,0,10.208174,4.470353
One-hot,UMAP,seq_2350,0,9.773936,4.372562
One-hot,UMAP,seq_2351,0,9.476516,4.7685094
One-hot,UMAP,seq_2352,0,9.545765,4.75309
One-hot,UMAP,seq_2353,0,9.242461,5.0554175
One-hot,UMAP,seq_2354,0,9.384467,4.4761376
One-hot,UMAP,seq_2355,0,9.403978,4.8039727
One-hot,UMAP,seq_2356,0,9.24901,4.7730517
One-hot,UMAP,seq_2357,0,9.748456,4.500897
One-hot,UMAP,seq_2358,0,9.802975,4.509876
One-hot,UMAP,seq_2359,0,10.854173,3.642274
One-hot,UMAP,seq_2360,0,9.718747,4.651973
One-hot,UMAP,seq_2361,0,9.59311,4.608295
One-hot,UMAP,seq_2362,0,10.208535,4.6945467
One-hot,UMAP,seq_2363,0,10.35444,4.071492
One-hot,UMAP,seq_2364,0,10.311128,4.4111195
One-hot,UMAP,seq_2365,0,9.558033,4.8036704
One-hot,UMAP,seq_2366,0,9.309623,4.7044697
One-hot,UMAP,seq_2367,0,9.70148,4.8222113
One-hot,UMAP,seq_2368,0,9.548971,4.677587
One-hot,UMAP,seq_2369,0,9.473201,5.1974525
One-hot,UMAP,seq_2370,0,10.623414,4.564404
One-hot,UMAP,seq_2371,0,9.529843,4.329643
One-hot,UMAP,seq_2372,0,10.556524,4.33921
One-hot,UMAP,seq_2373,0,9.716035,4.6775775
One-hot,UMAP,seq_2374,0,9.655402,4.5508876
One-hot,UMAP,seq_2375,0,9.857577,4.312734
One-hot,UMAP,seq_2376,0,10.902902,3.8035743
One-hot,UMAP,seq_2377,0,9.404699,4.889718
One-hot,UMAP,seq_2378,0,10.153143,4.427318
One-hot,UMAP,seq_2379,0,9.360139,4.820968
One-hot,UMAP,seq_2380,0,10.204358,4.712517
One-hot,UMAP,seq_2381,0,10.022802,4.3523254
One-hot,UMAP,seq_2382,0,9.145014,4.717093
One-hot,UMAP,seq_2383,0,10.799212,3.3895817
One-hot,UMAP,seq_2384,0,9.730116,5.0501623
One-hot,UMAP,seq_2385,0,10.604916,3.9848447
One-hot,UMAP,seq_2386,0,9.230479,4.8383923
One-hot,UMAP,seq_2387,0,10.272563,4.2944427
One-hot,UMAP,seq_2388,0,10.961052,4.055983
One-hot,UMAP,seq_2389,0,10.456589,4.296718
One-hot,UMAP,seq_2390,0,9.459244,4.718428
One-hot,UMAP,seq_2391,0,10.866688,3.9130394
One-hot,UMAP,seq_2392,0,9.662832,4.8539014
One-hot,UMAP,seq_2393,0,9.389048,4.5929437
One-hot,UMAP,seq_2394,0,10.770898,4.1041017
One-hot,UMAP,seq_2395,0,9.53195,5.0276823
One-hot,UMAP,seq_2396,0,9.798645,4.7676005
One-hot,UMAP,seq_2397,0,9.973414,4.4693403
One-hot,UMAP,seq_2398,0,9.846911,4.6951156
One-hot,UMAP,seq_2399,0,9.943909,4.633274
One-hot,UMAP,seq_2400,0,10.125897,4.5402865
One-hot,UMAP,seq_2401,0,10.134658,4.2909913
One-hot,UMAP,seq_2402,0,9.764033,4.4059343
One-hot,UMAP,seq_2403,0,9.686849,5.0910606
One-hot,UMAP,seq_2404,0,10.627684,4.0071077
One-hot,UMAP,seq_2405,0,9.4884615,4.8565006
One-hot,UMAP,seq_2406,0,10.377667,4.3301377
One-hot,UMAP,seq_2407,0,9.870556,4.6334233
One-hot,UMAP,seq_2408,0,9.548791,5.048022
One-hot,UMAP,seq_2409,0,10.49255,3.7504885
One-hot,UMAP,seq_2410,0,9.368028,4.774388
One-hot,UMAP,seq_2411,0,10.453492,4.5845256
One-hot,UMAP,seq_2412,0,9.796332,4.1146936
One-hot,UMAP,seq_2413,0,9.71466,4.268153
One-hot,UMAP,seq_2414,0,9.772092,4.6566963
One-hot,UMAP,seq_2415,0,9.330535,4.6665335
One-hot,UMAP,seq_2416,0,10.697985,4.3591466
One-hot,UMAP,seq_2417,0,9.644814,4.8203444
One-hot,UMAP,seq_2418,0,9.839574,4.71272
One-hot,UMAP,seq_2419,0,10.165607,3.8923435
One-hot,UMAP,seq_2420,0,10.495764,4.473955
One-hot,UMAP,seq_2421,0,10.095383,4.4908323
One-hot,UMAP,seq_2422,0,10.9846945,3.9390087
One-hot,UMAP,seq_2423,0,10.03709,4.9306254
One-hot,UMAP,seq_2424,0,10.206582,4.321011
One-hot,UMAP,seq_2425,0,10.803019,4.5395722
One-hot,UMAP,seq_2426,0,9.731481,4.450362
One-hot,UMAP,seq_2427,0,9.355915,5.3286204
One-hot,UMAP,seq_2428,0,9.791609,4.854563
One-hot,UMAP,seq_2429,0,10.294214,4.369856
One-hot,UMAP,seq_2430,0,9.768437,4.993691
One-hot,UMAP,seq_2431,0,9.494778,4.8785043
One-hot,UMAP,seq_2432,0,10.504122,3.9870594
One-hot,UMAP,seq_2433,0,10.027414,4.6787524
One-hot,UMAP,seq_2434,0,10.575017,3.9324543
One-hot,UMAP,seq_2435,0,9.571365,5.080367
One-hot,UMAP,seq_2436,0,9.960468,4.3881235
One-hot,UMAP,seq_2437,0,9.512458,4.4103565
One-hot,UMAP,seq_2438,0,10.913473,4.436438
One-hot,UMAP,seq_2439,0,10.947536,4.2170696
One-hot,UMAP,seq_2440,0,9.675483,4.453746
One-hot,UMAP,seq_2441,0,10.053403,4.6353264
One-hot,UMAP,seq_2442,0,10.756808,4.289791
One-hot,UMAP,seq_2443,0,9.873274,4.6823907
One-hot,UMAP,seq_2444,0,10.207433,4.5508304
One-hot,UMAP,seq_2445,0,10.386065,4.356591
One-hot,UMAP,seq_2446,0,10.410893,4.5793185
One-hot,UMAP,seq_2447,0,10.016234,4.4431534
One-hot,UMAP,seq_2448,0,9.478707,5.1380906
One-hot,UMAP,seq_2449,0,10.436999,4.395796
One-hot,UMAP,seq_2450,0,10.004072,4.199144
One-hot,UMAP,seq_2451,0,10.881507,4.568175
One-hot,UMAP,seq_2452,0,9.630546,4.938271
One-hot,UMAP,seq_2453,0,10.24042,4.7227983
One-hot,UMAP,seq_2454,0,10.053524,4.687675
One-hot,UMAP,seq_2455,0,9.993879,4.645376
One-hot,UMAP,seq_2456,0,10.71867,4.3866825
One-hot,UMAP,seq_2457,0,9.852908,4.750043
One-hot,UMAP,seq_2458,0,9.852993,4.742189
One-hot,UMAP,seq_2459,0,10.721828,4.2185163
One-hot,UMAP,seq_2460,0,9.810392,5.016184
One-hot,UMAP,seq_2461,0,10.079361,4.7050366
One-hot,UMAP,seq_2462,0,9.426772,4.8252134
One-hot,UMAP,seq_2463,0,10.424612,4.5619845
One-hot,UMAP,seq_2464,0,10.635521,4.461894
One-hot,UMAP,seq_2465,0,10.254017,4.6921363
One-hot,UMAP,seq_2466,0,10.55042,4.3018723
One-hot,UMAP,seq_2467,0,9.456641,4.8951783
One-hot,UMAP,seq_2468,0,10.187223,4.4953218
One-hot,UMAP,seq_2469,0,10.238739,4.7674103
One-hot,UMAP,seq_2470,0,10.144669,4.843812
One-hot,UMAP,seq_2471,0,10.934625,4.1848288
One-hot,UMAP,seq_2472,0,9.62794,5.351281
One-hot,UMAP,seq_2473,0,9.620378,5.1928725
One-hot,UMAP,seq_2474,0,10.047581,4.5927973
One-hot,UMAP,seq_2475,0,9.98604,4.774934
One-hot,UMAP,seq_2476,0,9.566901,5.297839
One-hot,UMAP,seq_2477,0,10.16472,4.9350185
One-hot,UMAP,seq_2478,0,9.631821,5.142025
One-hot,UMAP,seq_2479,0,10.703763,4.2750583
One-hot,UMAP,seq_2480,0,9.895533,5.171692
One-hot,UMAP,seq_2481,0,9.682047,5.1382084
One-hot,UMAP,seq_2482,0,9.803106,5.283012
One-hot,UMAP,seq_2483,0,10.545327,4.4994283
One-hot,UMAP,seq_2484,0,10.329141,4.930293
One-hot,UMAP,seq_2485,0,10.338005,4.386465
One-hot,UMAP,seq_2486,0,10.480879,4.4432616
One-hot,UMAP,seq_2487,0,10.28199,4.5445013
One-hot,UMAP,seq_2488,0,9.825251,5.4281707
One-hot,UMAP,seq_2489,0,11.16221,4.1025414
One-hot,UMAP,seq_2490,0,10.09338,4.9944177
One-hot,UMAP,seq_2491,0,10.034998,4.7979927
One-hot,UMAP,seq_2492,0,10.1391735,3.5498047
One-hot,UMAP,seq_2493,0,10.203356,4.565225
One-hot,UMAP,seq_2494,0,10.512421,4.276655
One-hot,UMAP,seq_2495,0,10.701587,4.605582
One-hot,UMAP,seq_2496,0,9.517456,5.0929804
One-hot,UMAP,seq_2497,0,10.381338,4.3941755
One-hot,UMAP,seq_2498,0,10.680837,3.7587912
One-hot,UMAP,seq_2499,0,8.702288,4.2385383
One-hot,UMAP,seq_2500,0,8.754834,4.2250314
One-hot,UMAP,seq_2501,0,9.768633,5.1828847
One-hot,UMAP,seq_2502,0,10.290953,4.642348
One-hot,UMAP,seq_2503,0,9.500956,5.2730675
One-hot,UMAP,seq_2504,0,10.627008,4.6234922
One-hot,UMAP,seq_2505,0,10.708609,4.2906117
One-hot,UMAP,seq_2506,0,10.098894,4.395318
One-hot,UMAP,seq_2507,0,10.008432,4.828218
One-hot,UMAP,seq_2508,0,10.170967,4.8489428
One-hot,UMAP,seq_2509,0,10.0127945,4.6684265
One-hot,UMAP,seq_2510,0,10.820202,4.4248896
One-hot,UMAP,seq_2511,0,9.896776,4.708732
One-hot,UMAP,seq_2512,0,10.245484,4.4008284
One-hot,UMAP,seq_2513,0,10.8064785,4.719602
One-hot,UMAP,seq_2514,0,10.373631,4.5542436
One-hot,UMAP,seq_2515,0,10.547188,4.4357486
One-hot,UMAP,seq_2516,0,10.276668,5.015763
One-hot,UMAP,seq_2517,0,9.695323,4.760278
One-hot,UMAP,seq_2518,0,9.909736,5.008563
One-hot,UMAP,seq_2519,0,10.182663,4.846517
One-hot,UMAP,seq_2520,0,10.172448,4.25622
One-hot,UMAP,seq_2521,0,9.984283,5.3588276
One-hot,UMAP,seq_2522,0,9.795263,4.6018853
One-hot,UMAP,seq_2523,0,9.895967,5.234634
One-hot,UMAP,seq_2524,0,10.139771,4.980153
One-hot,UMAP,seq_2525,0,9.834219,4.9398465
One-hot,UMAP,seq_2526,0,10.070882,5.008494
One-hot,UMAP,seq_2527,0,10.037697,5.278056
One-hot,UMAP,seq_2528,0,10.21163,5.2604814
One-hot,UMAP,seq_2529,0,9.689733,5.016666
One-hot,UMAP,seq_2530,0,9.878943,5.26121
One-hot,UMAP,seq_2531,0,10.680181,4.570547
One-hot,UMAP,seq_2532,0,10.374012,4.642363
One-hot,UMAP,seq_2533,0,10.084996,4.6944747
One-hot,UMAP,seq_2534,0,10.052217,5.34886
One-hot,UMAP,seq_2535,0,9.726086,5.008942
One-hot,UMAP,seq_2536,0,9.959847,5.207384
One-hot,UMAP,seq_2537,0,10.197374,4.7591443
One-hot,UMAP,seq_2538,0,9.76798,5.1911573
One-hot,UMAP,seq_2539,0,10.237365,5.0249896
One-hot,UMAP,seq_2540,0,10.152926,4.6919785
One-hot,UMAP,seq_2541,0,9.777829,5.441717
One-hot,UMAP,seq_2542,0,9.691603,5.150742
One-hot,UMAP,seq_2543,0,10.44176,4.8443785
One-hot,UMAP,seq_2544,0,10.673521,4.4118376
One-hot,UMAP,seq_2545,0,9.985807,5.10716
One-hot,UMAP,seq_2546,0,9.838276,4.9969115
One-hot,UMAP,seq_2547,0,9.949038,5.2455626
One-hot,UMAP,seq_2548,0,9.878719,5.320048
One-hot,UMAP,seq_2549,0,10.289157,3.5563698
One-hot,UMAP,seq_2550,0,10.3855095,4.6351953
One-hot,UMAP,seq_2551,0,10.165088,4.714848
One-hot,UMAP,seq_2552,0,10.35654,4.722167
One-hot,UMAP,seq_2553,0,9.918693,5.156829
One-hot,UMAP,seq_2554,0,10.305827,4.698457
One-hot,UMAP,seq_2555,0,9.906068,5.204787
One-hot,UMAP,seq_2556,0,9.596907,5.0187874
One-hot,UMAP,seq_2557,0,9.950535,4.613865
One-hot,UMAP,seq_2558,0,10.637742,4.3661175
One-hot,UMAP,seq_2559,0,10.090349,4.7590446
One-hot,UMAP,seq_2560,0,10.235629,5.4537272
One-hot,UMAP,seq_2561,0,9.812517,5.1474895
One-hot,UMAP,seq_2562,0,10.833405,4.594577
One-hot,UMAP,seq_2563,0,10.286111,4.9570503
One-hot,UMAP,seq_2564,0,9.884697,4.7507095
One-hot,UMAP,seq_2565,0,11.165895,4.391856
One-hot,UMAP,seq_2566,0,10.545594,4.7157207
One-hot,UMAP,seq_2567,0,10.681926,4.3384724
One-hot,UMAP,seq_2568,0,10.568579,4.8293753
One-hot,UMAP,seq_2569,0,10.058016,5.1210823
One-hot,UMAP,seq_2570,0,9.999798,5.076253
One-hot,UMAP,seq_2571,0,10.002844,5.183602
One-hot,UMAP,seq_2572,0,10.408143,5.149387
One-hot,UMAP,seq_2573,0,10.191624,4.838499
One-hot,UMAP,seq_2574,0,10.1268015,5.2485585
One-hot,UMAP,seq_2575,0,10.766845,4.8015947
One-hot,UMAP,seq_2576,0,10.17139,5.18147
One-hot,UMAP,seq_2577,0,10.089588,5.445088
One-hot,UMAP,seq_2578,0,10.239417,5.297283
One-hot,UMAP,seq_2579,0,9.912928,5.1444335
One-hot,UMAP,seq_2580,0,10.786084,4.4565144
One-hot,UMAP,seq_2581,0,10.095743,4.904928
One-hot,UMAP,seq_2582,0,10.350241,5.403089
One-hot,UMAP,seq_2583,0,10.219487,4.94159
One-hot,UMAP,seq_2584,0,9.98535,5.4087634
One-hot,UMAP,seq_2585,0,10.002609,5.2170606
One-hot,UMAP,seq_2586,0,9.767412,5.372628
One-hot,UMAP,seq_2587,0,10.424811,3.4647684
One-hot,UMAP,seq_2588,0,10.495929,5.358809
One-hot,UMAP,seq_2589,0,10.077124,5.283629
One-hot,UMAP,seq_2590,0,10.255843,5.2093873
One-hot,UMAP,seq_2591,0,10.882143,4.612489
One-hot,UMAP,seq_2592,0,10.1154995,5.278217
One-hot,UMAP,seq_2593,0,10.658516,3.7935197
One-hot,UMAP,seq_2594,0,10.029085,4.781388
One-hot,UMAP,seq_2595,0,10.6519165,4.7828126
One-hot,UMAP,seq_2596,0,10.245757,4.888496
One-hot,UMAP,seq_2597,0,10.23144,5.749666
One-hot,UMAP,seq_2598,0,10.940086,4.3433747
One-hot,UMAP,seq_2599,0,10.710138,4.569612
One-hot,UMAP,seq_2600,0,10.01026,4.972916
One-hot,UMAP,seq_2601,0,10.498474,5.131368
One-hot,UMAP,seq_2602,0,10.8678,4.3545327
One-hot,UMAP,seq_2603,0,10.309537,5.2490964
One-hot,UMAP,seq_2604,0,10.644875,4.9602056
One-hot,UMAP,seq_2605,0,10.156137,5.1911182
One-hot,UMAP,seq_2606,0,10.406171,5.608365
One-hot,UMAP,seq_2607,0,10.252266,4.8928885
One-hot,UMAP,seq_2608,0,10.261774,4.653985
One-hot,UMAP,seq_2609,0,10.866222,4.8748155
One-hot,UMAP,seq_2610,0,10.640864,4.5409117
One-hot,UMAP,seq_2611,0,10.433201,4.312002
One-hot,UMAP,seq_2612,0,10.271996,3.7706225
One-hot,UMAP,seq_2613,0,10.455889,4.570158
One-hot,UMAP,seq_2614,0,10.538193,3.4606767
One-hot,UMAP,seq_2615,0,10.118306,4.8601184
One-hot,UMAP,seq_2616,0,10.721423,4.9810514
One-hot,UMAP,seq_2617,0,10.880319,4.3940988
One-hot,UMAP,seq_2618,0,10.820831,4.6746964
One-hot,UMAP,seq_2619,0,10.566205,3.580561
One-hot,UMAP,seq_2620,0,10.417445,5.1529784
One-hot,UMAP,seq_2621,0,10.410856,5.0617027
One-hot,UMAP,seq_2622,0,10.076746,5.2764764
One-hot,UMAP,seq_2623,0,10.804864,4.8097453
One-hot,UMAP,seq_2624,0,10.208842,5.42409
One-hot,UMAP,seq_2625,0,10.427278,5.4031234
One-hot,UMAP,seq_2626,0,10.073708,5.1256
One-hot,UMAP,seq_2627,0,10.554373,4.9018755
One-hot,UMAP,seq_2628,0,10.788848,4.939365
One-hot,UMAP,seq_2629,0,10.096481,5.096645
One-hot,UMAP,seq_2630,0,10.583197,4.947156
One-hot,UMAP,seq_2631,0,10.606318,4.8022046
One-hot,UMAP,seq_2632,0,10.186011,4.9111
One-hot,UMAP,seq_2633,0,10.328508,5.320322
One-hot,UMAP,seq_2634,0,10.796767,4.811835
One-hot,UMAP,seq_2635,0,10.5010605,5.311097
One-hot,UMAP,seq_2636,0,10.56157,5.0061746
One-hot,UMAP,seq_2637,0,10.575,5.2891507
One-hot,UMAP,seq_2638,0,10.187639,5.124047
One-hot,UMAP,seq_2639,0,10.336702,4.9462514
One-hot,UMAP,seq_2640,0,10.16969,5.558141
One-hot,UMAP,seq_2641,0,10.524586,5.072783
One-hot,UMAP,seq_2642,0,11.085413,4.2869005
One-hot,UMAP,seq_2643,0,10.508361,5.065289
One-hot,UMAP,seq_2644,0,10.427818,5.3757463
One-hot,UMAP,seq_2645,0,10.379771,4.993058
One-hot,UMAP,seq_2646,0,10.377298,5.45463
One-hot,UMAP,seq_2647,0,11.321462,4.660738
One-hot,UMAP,seq_2648,0,10.341328,5.2388153
One-hot,UMAP,seq_2649,0,10.4832325,5.219372
One-hot,UMAP,seq_2650,0,10.220695,4.9625773
One-hot,UMAP,seq_2651,0,10.198079,5.3405433
One-hot,UMAP,seq_2652,0,11.092092,4.255164
One-hot,UMAP,seq_2653,0,10.3004055,5.3580475
One-hot,UMAP,seq_2654,0,10.347784,5.669243
One-hot,UMAP,seq_2655,0,10.602955,5.4183135
One-hot,UMAP,seq_2656,0,10.250684,5.425328
One-hot,UMAP,seq_2657,0,11.023941,5.0880027
One-hot,UMAP,seq_2658,0,10.49541,3.8083954
One-hot,UMAP,seq_2659,0,10.524245,5.6121
One-hot,UMAP,seq_2660,0,10.788961,5.3126106
One-hot,UMAP,seq_2661,0,10.589445,4.6685057
One-hot,UMAP,seq_2662,0,10.904157,5.0263305
One-hot,UMAP,seq_2663,0,10.382483,5.592356
One-hot,UMAP,seq_2664,0,10.116733,5.4823823
One-hot,UMAP,seq_2665,0,10.449176,5.563626
One-hot,UMAP,seq_2666,0,10.704487,5.7471232
One-hot,UMAP,seq_2667,0,10.016533,4.0511737
One-hot,UMAP,seq_2668,0,10.362245,5.1600103
One-hot,UMAP,seq_2669,0,10.380062,5.277441
One-hot,UMAP,seq_2670,0,10.892688,5.4021063
One-hot,UMAP,seq_2671,0,11.05307,5.1967688
One-hot,UMAP,seq_2672,0,10.813059,4.6449094
One-hot,UMAP,seq_2673,0,10.414974,5.49194
One-hot,UMAP,seq_2674,0,10.381217,5.478721
One-hot,UMAP,seq_2675,0,11.069056,4.712305
One-hot,UMAP,seq_2676,0,10.679943,5.178643
One-hot,UMAP,seq_2677,0,10.3495245,5.6167555
One-hot,UMAP,seq_2678,0,10.483534,3.8878458
One-hot,UMAP,seq_2679,0,10.741986,5.51779
One-hot,UMAP,seq_2680,0,9.921182,5.196119
One-hot,UMAP,seq_2681,0,10.526783,5.2095113
One-hot,UMAP,seq_2682,0,10.855062,4.942451
One-hot,UMAP,seq_2683,0,9.144602,4.7844944
One-hot,UMAP,seq_2684,0,11.034937,5.232396
One-hot,UMAP,seq_2685,0,10.807657,5.3140125
One-hot,UMAP,seq_2686,0,11.231144,4.597429
One-hot,UMAP,seq_2687,0,11.177645,4.6037498
One-hot,UMAP,seq_2688,0,10.615498,4.729965
One-hot,UMAP,seq_2689,0,10.88953,5.3325577
One-hot,UMAP,seq_2690,0,10.786272,5.1357484
One-hot,UMAP,seq_2691,0,10.594854,5.5192466
One-hot,UMAP,seq_2692,0,11.151216,4.641081
One-hot,UMAP,seq_2693,0,11.140922,4.531058
One-hot,UMAP,seq_2694,0,10.852307,4.532528
One-hot,UMAP,seq_2695,0,7.810232,2.722773
One-hot,UMAP,seq_2696,0,10.521482,5.3638463
One-hot,UMAP,seq_2697,0,10.732528,5.46924
One-hot,UMAP,seq_2698,0,10.702598,5.285913
One-hot,UMAP,seq_2699,0,11.025553,5.5530543
One-hot,UMAP,seq_2700,0,10.469076,5.3359513
One-hot,UMAP,seq_2701,0,10.807126,4.9622293
One-hot,UMAP,seq_2702,0,10.867635,4.882047
One-hot,UMAP,seq_2703,0,11.008328,5.0674205
One-hot,UMAP,seq_2704,0,11.135544,5.2368436
One-hot,UMAP,seq_2705,0,11.036873,5.1100507
One-hot,UMAP,seq_2706,0,11.08503,5.285258
One-hot,UMAP,seq_2707,0,10.927638,5.027854
One-hot,UMAP,seq_2708,0,10.680283,5.105081
One-hot,UMAP,seq_2709,0,10.632947,5.1919
One-hot,UMAP,seq_2710,0,10.578722,5.511026
One-hot,UMAP,seq_2711,0,10.743062,5.0610733
One-hot,UMAP,seq_2712,0,11.044412,4.7534237
One-hot,UMAP,seq_2713,0,11.232641,4.854869
One-hot,UMAP,seq_2714,0,10.52259,5.272643
One-hot,UMAP,seq_2715,0,10.927922,4.834388
One-hot,UMAP,seq_2716,0,8.161829,3.811857
One-hot,UMAP,seq_2717,0,8.179631,3.819728
One-hot,UMAP,seq_2718,0,10.378898,5.2077646
One-hot,UMAP,seq_2719,0,10.814975,4.917773
One-hot,UMAP,seq_2720,0,9.665849,5.1158013
One-hot,UMAP,seq_2721,0,11.066363,4.478304
One-hot,UMAP,seq_2722,0,10.861052,5.3437886
One-hot,UMAP,seq_2723,0,10.868091,5.4365907
One-hot,UMAP,seq_2724,0,10.359773,5.5588446
One-hot,UMAP,seq_2725,0,10.716651,5.262851
One-hot,UMAP,seq_2726,0,10.098468,4.638271
One-hot,UMAP,seq_2727,0,11.015336,4.6196723
One-hot,UMAP,seq_2728,0,11.010801,5.3981175
One-hot,UMAP,seq_2729,0,11.04123,4.308671
One-hot,UMAP,seq_2730,0,11.086406,5.214426
One-hot,UMAP,seq_2731,0,10.442368,3.3429887
One-hot,UMAP,seq_2732,0,10.526126,5.5845923
One-hot,UMAP,seq_2733,0,10.528511,4.0262647
One-hot,UMAP,seq_2734,0,10.324074,5.409344
One-hot,UMAP,seq_2735,0,10.847039,5.3152285
One-hot,UMAP,seq_2736,0,10.947765,5.1952324
One-hot,UMAP,seq_2737,0,10.735,5.3573723
One-hot,UMAP,seq_2738,0,10.967562,4.8005977
One-hot,UMAP,seq_2739,0,10.827196,5.2168703
One-hot,UMAP,seq_2740,0,7.7651515,2.723082
One-hot,UMAP,seq_2741,0,11.029614,5.0473146
One-hot,UMAP,seq_2742,0,10.832898,5.005195
One-hot,UMAP,seq_2743,0,11.214948,5.2864246
One-hot,UMAP,seq_2744,0,10.927039,5.2145243
One-hot,UMAP,seq_2745,0,11.161938,5.198866
One-hot,UMAP,seq_2746,0,10.693557,5.162163
One-hot,UMAP,seq_2747,0,10.919407,5.1796374
One-hot,UMAP,seq_2748,0,10.772447,5.093115
One-hot,UMAP,seq_2749,0,7.8276796,1.2629882
One-hot,UMAP,seq_2750,0,10.731402,4.97967
One-hot,UMAP,seq_2751,0,11.035196,4.497468
One-hot,UMAP,seq_2752,0,10.942453,5.2355967
One-hot,UMAP,seq_2753,0,10.655724,5.1823516
One-hot,UMAP,seq_2754,0,10.51449,5.2192183
One-hot,UMAP,seq_2755,0,10.950837,5.43819
One-hot,UMAP,seq_2756,0,10.965917,4.783757
One-hot,UMAP,seq_2757,0,11.320534,4.936726
One-hot,UMAP,seq_2758,0,10.865128,4.60447
One-hot,UMAP,seq_2759,0,11.149699,5.2891927
One-hot,UMAP,seq_2760,0,10.948879,4.8466687
One-hot,UMAP,seq_2761,0,10.737882,5.4280663
One-hot,UMAP,seq_2762,0,10.9114,5.2963424
One-hot,UMAP,seq_2763,0,11.031975,5.3345814
One-hot,UMAP,seq_2764,0,10.961439,5.106671
One-hot,UMAP,seq_2765,0,10.973768,5.121906
One-hot,UMAP,seq_2766,0,10.889325,4.420562
One-hot,UMAP,seq_2767,0,11.260811,5.07533
One-hot,UMAP,seq_2768,0,8.145839,1.1889741
One-hot,UMAP,seq_2769,0,10.68729,5.4600296
One-hot,UMAP,seq_2770,0,8.33894,1.3673599
One-hot,UMAP,seq_2771,0,10.571223,3.5544608
One-hot,UMAP,seq_2772,0,9.709711,4.484247
One-hot,UMAP,seq_2773,0,10.608343,4.312526
One-hot,UMAP,seq_2774,0,10.999794,4.9164467
One-hot,UMAP,seq_2775,0,10.61186,3.9976046
One-hot,UMAP,seq_2776,0,8.367916,0.99143606
One-hot,UMAP,seq_2777,0,10.972707,4.97556
One-hot,UMAP,seq_2778,0,10.471217,4.6865954
One-hot,UMAP,seq_2779,0,8.9225645,4.727047
One-hot,UMAP,seq_2780,0,11.131509,4.508589
One-hot,UMAP,seq_2781,0,10.950123,5.0379176
One-hot,UMAP,seq_2782,0,8.879773,3.987602
One-hot,UMAP,seq_2783,0,11.171379,5.1318955
One-hot,UMAP,seq_2784,0,8.304785,0.883215
One-hot,UMAP,seq_2785,0,11.048441,4.7162533
One-hot,UMAP,seq_2786,0,11.027902,5.256128
One-hot,UMAP,seq_2787,0,10.521285,4.7761726
One-hot,UMAP,seq_2788,0,10.26284,4.8679795
One-hot,UMAP,seq_2789,0,9.254764,4.6508036
One-hot,UMAP,seq_2790,0,10.699738,4.976268
One-hot,UMAP,seq_2791,0,10.685998,4.879369
One-hot,UMAP,seq_2792,0,10.814081,5.494104
One-hot,UMAP,seq_2793,0,11.141171,5.241723
One-hot,UMAP,seq_2794,0,11.064634,4.4899273
One-hot,UMAP,seq_2795,0,10.629682,5.3879967
One-hot,UMAP,seq_2796,0,8.723831,3.5378585
One-hot,UMAP,seq_2797,0,9.053477,4.1915107
One-hot,UMAP,seq_2798,0,10.866653,5.2111573
One-hot,UMAP,seq_2799,0,10.609405,5.1399913
One-hot,UMAP,seq_2800,0,9.379983,4.493494
One-hot,UMAP,seq_2801,0,11.1086645,5.057974
One-hot,UMAP,seq_2802,0,11.099525,4.8503704
One-hot,UMAP,seq_2803,0,10.44528,3.3598342
One-hot,UMAP,seq_2804,0,7.491524,1.2275019
One-hot,UMAP,seq_2805,0,7.508803,1.2096672
One-hot,UMAP,seq_2806,0,11.164427,4.8708987
One-hot,UMAP,seq_2807,0,11.008343,5.1056376
One-hot,UMAP,seq_2808,0,10.891383,4.528764
One-hot,UMAP,seq_2809,0,8.778078,3.7272103
One-hot,UMAP,seq_2810,0,10.978619,4.9322023
One-hot,UMAP,seq_2811,0,11.176954,0.75738996
One-hot,UMAP,seq_2812,0,9.534845,5.004462
One-hot,UMAP,seq_2813,0,10.294757,0.7999433
One-hot,UMAP,seq_2814,0,11.205921,5.1221695
One-hot,UMAP,seq_2815,0,10.794324,4.766704
One-hot,UMAP,seq_2816,0,11.076214,4.655095
One-hot,UMAP,seq_2817,0,8.894446,4.2075233
One-hot,UMAP,seq_2818,0,8.962231,4.0460215
One-hot,UMAP,seq_2819,0,10.86621,5.040017
One-hot,UMAP,seq_2820,0,10.487949,4.3400426
One-hot,UMAP,seq_2821,0,10.718237,5.092784
One-hot,UMAP,seq_2822,0,10.95966,4.7913594
One-hot,UMAP,seq_2823,0,10.544296,4.958883
One-hot,UMAP,seq_2824,0,10.657233,5.299648
One-hot,UMAP,seq_2825,0,8.992752,4.4937463
One-hot,UMAP,seq_2826,0,10.056806,4.329999
One-hot,UMAP,seq_2827,0,10.531871,4.146372
One-hot,UMAP,seq_2828,0,10.532154,3.7790203
One-hot,UMAP,seq_2829,0,10.795439,3.9245183
One-hot,UMAP,seq_2830,0,9.943743,4.2951374
One-hot,UMAP,seq_2831,0,9.300999,3.8124518
One-hot,UMAP,seq_2832,0,10.744689,5.0280895
One-hot,UMAP,seq_2833,0,8.896493,4.2133102
One-hot,UMAP,seq_2834,0,9.0299225,4.2108197
One-hot,UMAP,seq_2835,0,10.108737,4.2211714
One-hot,UMAP,seq_2836,0,10.039025,4.478307
One-hot,UMAP,seq_2837,0,8.481803,3.5954404
One-hot,UMAP,seq_2838,0,11.180631,5.097777
One-hot,UMAP,seq_2839,0,10.3587475,4.449363
One-hot,UMAP,seq_2840,0,10.376251,3.8840241
One-hot,UMAP,seq_2841,0,10.886582,4.936513
One-hot,UMAP,seq_2842,0,11.121686,4.5605726
One-hot,UMAP,seq_2843,0,10.546006,5.043663
One-hot,UMAP,seq_2844,0,10.172868,4.559348
One-hot,UMAP,seq_2845,0,10.408903,5.034029
One-hot,UMAP,seq_2846,0,10.008602,3.988628
One-hot,UMAP,seq_2847,0,10.690879,4.894466
One-hot,UMAP,seq_2848,0,10.670806,4.9240828
One-hot,UMAP,seq_2849,0,9.3818,4.6639566
One-hot,UMAP,seq_2850,0,11.000984,4.3330717
One-hot,UMAP,seq_2851,0,10.995227,5.039952
One-hot,UMAP,seq_2852,0,10.775723,3.869751
One-hot,UMAP,seq_2853,0,10.396602,3.1787906
One-hot,UMAP,seq_2854,0,8.435617,0.20308463
One-hot,UMAP,seq_2855,0,10.542887,3.4884324
One-hot,UMAP,seq_2856,0,9.381787,4.7809987
One-hot,UMAP,seq_2857,0,8.433906,3.0809755
One-hot,UMAP,seq_2858,0,10.559294,4.8580904
One-hot,UMAP,seq_2859,0,9.69229,4.2533536
One-hot,UMAP,seq_2860,0,9.765403,4.2619333
One-hot,UMAP,seq_2861,0,9.971564,4.1118526
One-hot,UMAP,seq_2862,0,9.2287445,4.5265265
One-hot,UMAP,seq_2863,0,10.537898,4.978053
One-hot,UMAP,seq_2864,0,9.01188,4.494822
One-hot,UMAP,seq_2865,0,10.778437,5.12437
One-hot,UMAP,seq_2866,0,9.3499,4.106019
One-hot,UMAP,seq_2867,0,9.220778,4.2059665
One-hot,UMAP,seq_2868,0,8.440998,0.20970014
One-hot,UMAP,seq_2869,0,10.563739,4.89273
One-hot,UMAP,seq_2870,0,10.780059,4.4815135
One-hot,UMAP,seq_2871,0,10.692097,5.164289
One-hot,UMAP,seq_2872,0,10.361553,4.7608185
One-hot,UMAP,seq_2873,0,10.466704,4.644353
One-hot,UMAP,seq_2874,0,9.228856,3.7398028
One-hot,UMAP,seq_2875,0,9.243177,3.9918685
One-hot,UMAP,seq_2876,0,9.966584,4.1212482
One-hot,UMAP,seq_2877,0,9.403119,4.04285
One-hot,UMAP,seq_2878,0,9.623685,4.303614
One-hot,UMAP,seq_2879,0,10.2127,5.0161643
One-hot,UMAP,seq_2880,0,10.271382,4.718529
One-hot,UMAP,seq_2881,0,9.700214,4.462366
One-hot,UMAP,seq_2882,0,10.44669,4.478894
One-hot,UMAP,seq_2883,0,8.912269,3.936572
One-hot,UMAP,seq_2884,0,9.723732,4.5428157
One-hot,UMAP,seq_2885,0,10.679705,4.6589065
One-hot,UMAP,seq_2886,0,10.609181,2.067037
One-hot,UMAP,seq_2887,0,10.542653,4.349683
One-hot,UMAP,seq_2888,0,11.267566,4.691973
One-hot,UMAP,seq_2889,0,10.415957,4.6348486
One-hot,UMAP,seq_2890,0,10.506291,0.69977814
One-hot,UMAP,seq_2891,0,9.316366,4.7586713
One-hot,UMAP,seq_2892,0,9.390398,4.522732
One-hot,UMAP,seq_2893,0,10.494732,0.8886281
One-hot,UMAP,seq_2894,0,10.397736,5.0519958
One-hot,UMAP,seq_2895,0,9.09179,4.155478
One-hot,UMAP,seq_2896,0,10.6998625,0.6565186
One-hot,UMAP,seq_2897,0,9.928068,4.6125355
One-hot,UMAP,seq_2898,0,8.462351,3.2733254
One-hot,UMAP,seq_2899,0,9.222045,3.959377
One-hot,UMAP,seq_2900,0,9.469215,4.123527
One-hot,UMAP,seq_2901,0,9.498409,4.09862
One-hot,UMAP,seq_2902,0,8.802732,3.9472024
One-hot,UMAP,seq_2903,0,10.902869,4.8899503
One-hot,UMAP,seq_2904,0,10.93728,4.101643
One-hot,UMAP,seq_2905,0,8.825805,3.629648
One-hot,UMAP,seq_2906,0,9.862987,3.903393
One-hot,UMAP,seq_2907,0,8.453708,3.4905777
One-hot,UMAP,seq_2908,0,10.626328,4.3080745
One-hot,UMAP,seq_2909,0,9.215085,3.731554
One-hot,UMAP,seq_2910,0,9.624174,4.397779
One-hot,UMAP,seq_2911,0,8.327678,3.7418942
One-hot,UMAP,seq_2912,0,9.001202,3.9239123
One-hot,UMAP,seq_2913,0,9.667097,4.218933
One-hot,UMAP,seq_2914,0,8.652021,3.327656
One-hot,UMAP,seq_2915,0,9.005907,4.12865
One-hot,UMAP,seq_2916,0,10.115759,3.9305866
One-hot,UMAP,seq_2917,0,10.542797,4.446024
One-hot,UMAP,seq_2918,0,8.322055,2.4343126
One-hot,UMAP,seq_2919,0,8.915608,4.5717597
One-hot,UMAP,seq_2920,0,8.941801,3.54738
One-hot,UMAP,seq_2921,0,8.82137,3.4161222
One-hot,UMAP,seq_2922,0,9.363936,4.031006
One-hot,UMAP,seq_2923,0,8.119491,2.9354148
One-hot,UMAP,seq_2924,0,10.718433,3.8226993
One-hot,UMAP,seq_2925,0,10.537804,3.8967383
One-hot,UMAP,seq_2926,0,8.474849,1.2772877
One-hot,UMAP,seq_2927,0,8.92302,4.14123
One-hot,UMAP,seq_2928,0,10.721565,4.574384
One-hot,UMAP,seq_2929,0,9.200264,4.1424274
One-hot,UMAP,seq_2930,0,8.857784,3.6824763
One-hot,UMAP,seq_2931,0,9.331688,4.017497
One-hot,UMAP,seq_2932,0,8.61535,4.1929126
One-hot,UMAP,seq_2933,0,8.352196,3.3579204
One-hot,UMAP,seq_2934,0,8.94822,4.13361
One-hot,UMAP,seq_2935,0,9.500274,3.96014
One-hot,UMAP,seq_2936,0,8.499105,3.8225775
One-hot,UMAP,seq_2937,0,9.064172,3.877811
One-hot,UMAP,seq_2938,0,9.685812,3.956894
One-hot,UMAP,seq_2939,0,8.932538,4.4016566
One-hot,UMAP,seq_2940,0,8.610131,3.2602618
One-hot,UMAP,seq_2941,0,8.823966,4.0130887
One-hot,UMAP,seq_2942,0,9.57721,3.995077
One-hot,UMAP,seq_2943,0,9.205826,4.0952826
One-hot,UMAP,seq_2944,0,9.288338,3.8454087
One-hot,UMAP,seq_2945,0,8.62582,3.0217273
One-hot,UMAP,seq_2946,0,8.70775,3.815835
One-hot,UMAP,seq_2947,0,10.792581,4.5221353
One-hot,UMAP,seq_2948,0,9.934162,1.851831
One-hot,UMAP,seq_2949,0,8.559355,3.7387626
One-hot,UMAP,seq_2950,0,8.932465,4.0145974
One-hot,UMAP,seq_2951,0,10.426773,0.69621056
One-hot,UMAP,seq_2952,0,8.981914,3.4097168
One-hot,UMAP,seq_2953,0,8.678947,3.7828522
One-hot,UMAP,seq_2954,0,8.688555,3.7498915
One-hot,UMAP,seq_2955,0,8.794046,4.0938025
One-hot,UMAP,seq_2956,0,8.072078,1.7577206
One-hot,UMAP,seq_2957,0,10.007225,4.308998
One-hot,UMAP,seq_2958,0,9.232294,3.9555032
One-hot,UMAP,seq_2959,0,9.258511,4.5092053
One-hot,UMAP,seq_2960,0,9.290567,4.1236997
One-hot,UMAP,seq_2961,0,8.50469,2.553933
One-hot,UMAP,seq_2962,0,10.891156,4.683477
One-hot,UMAP,seq_2963,0,8.162143,3.3546395
One-hot,UMAP,seq_2964,0,10.281718,4.407946
One-hot,UMAP,seq_2965,0,8.586873,3.6704874
One-hot,UMAP,seq_2966,0,8.640487,3.1288202
One-hot,UMAP,seq_2967,0,8.035285,2.2381527
One-hot,UMAP,seq_2968,0,8.43958,3.9224892
One-hot,UMAP,seq_2969,0,9.072027,3.7835572
One-hot,UMAP,seq_2970,0,9.497164,4.476634
One-hot,UMAP,seq_2971,0,8.118556,2.582366
One-hot,UMAP,seq_2972,0,8.077552,2.846519
One-hot,UMAP,seq_2973,0,10.839238,4.7430196
One-hot,UMAP,seq_2974,0,8.37616,2.623196
One-hot,UMAP,seq_2975,0,10.134189,4.389826
One-hot,UMAP,seq_2976,0,11.000397,4.853975
One-hot,UMAP,seq_2977,0,9.577489,2.262169
One-hot,UMAP,seq_2978,0,8.376436,3.6353896
One-hot,UMAP,seq_2979,0,8.2770605,1.3154944
One-hot,UMAP,seq_2980,0,7.868564,2.3174574
One-hot,UMAP,seq_2981,0,10.232184,0.7115148
One-hot,UMAP,seq_2982,0,8.53869,3.8405192
One-hot,UMAP,seq_2983,0,8.294532,3.234663
One-hot,UMAP,seq_2984,0,7.981775,1.8477162
One-hot,UMAP,seq_2985,0,8.771225,3.820965
One-hot,UMAP,seq_2986,0,8.378043,3.2375777
One-hot,UMAP,seq_2987,0,9.844397,1.0752376
One-hot,UMAP,seq_2988,0,9.840821,1.0355508
One-hot,UMAP,seq_2989,0,8.015502,2.5073035
One-hot,UMAP,seq_2990,0,8.417101,0.93743503
One-hot,UMAP,seq_2991,0,10.434109,3.5146353
One-hot,UMAP,seq_2992,0,9.411434,3.7302818
One-hot,UMAP,seq_2993,0,8.323672,2.9731226
One-hot,UMAP,seq_2994,0,9.02301,3.9785202
One-hot,UMAP,seq_2995,0,8.579296,3.4842103
One-hot,UMAP,seq_2996,0,9.633117,3.9683018
One-hot,UMAP,seq_2997,0,10.453491,3.23726
One-hot,UMAP,seq_2998,0,10.491069,3.2962692
One-hot,UMAP,seq_2999,0,8.888691,3.6448479
One-hot,UMAP,seq_3000,0,8.146001,2.895221
One-hot,UMAP,seq_3001,0,8.177467,2.3641531
One-hot,UMAP,seq_3002,0,8.724774,1.6387097
One-hot,UMAP,seq_3003,0,8.160319,3.4590085
One-hot,UMAP,seq_3004,0,9.822779,1.3634181
One-hot,UMAP,seq_3005,0,10.935989,4.4813347
One-hot,UMAP,seq_3006,0,10.303486,3.8080745
One-hot,UMAP,seq_3007,0,8.14332,3.0046463
One-hot,UMAP,seq_3008,0,10.057628,0.7989027
One-hot,UMAP,seq_3009,0,8.0116415,2.9448524
One-hot,UMAP,seq_3010,0,8.506403,1.8287498
One-hot,UMAP,seq_3011,0,9.987202,1.8871893
One-hot,UMAP,seq_3012,0,8.2468605,2.3405473
One-hot,UMAP,seq_3013,0,8.481667,2.9015229
One-hot,UMAP,seq_3014,0,8.391101,3.3747637
One-hot,UMAP,seq_3015,0,10.20722,1.1031137
One-hot,UMAP,seq_3016,0,8.232634,2.237533
One-hot,UMAP,seq_3017,0,10.652724,4.3546147
One-hot,UMAP,seq_3018,0,8.20291,2.203587
One-hot,UMAP,seq_3019,0,8.822344,0.9030613
One-hot,UMAP,seq_3020,0,8.518322,2.344921
One-hot,UMAP,seq_3021,0,8.285146,3.2016044
One-hot,UMAP,seq_3022,0,9.953224,1.2322243
One-hot,UMAP,seq_3023,0,8.851088,3.0752478
One-hot,UMAP,seq_3024,0,8.341242,1.7471873
One-hot,UMAP,seq_3025,0,10.764163,3.7243679
One-hot,UMAP,seq_3026,0,8.681049,1.9298998
One-hot,UMAP,seq_3027,0,10.295282,0.82828957
One-hot,UMAP,seq_3028,0,9.920657,3.9843225
One-hot,UMAP,seq_3029,0,8.669501,3.5359814
One-hot,UMAP,seq_3030,0,8.598607,3.4846082
One-hot,UMAP,seq_3031,0,8.660645,3.1080372
One-hot,UMAP,seq_3032,0,8.592611,3.517329
One-hot,UMAP,seq_3033,0,8.356075,2.6407745
One-hot,UMAP,seq_3034,0,10.16507,3.8365164
One-hot,UMAP,seq_3035,0,8.846888,3.4839854
One-hot,UMAP,seq_3036,0,10.306622,3.6322994
One-hot,UMAP,seq_3037,0,8.27227,2.673199
One-hot,UMAP,seq_3038,0,8.102912,2.992796
One-hot,UMAP,seq_3039,0,10.79352,3.6390002
One-hot,UMAP,seq_3040,0,8.323925,2.2573445
One-hot,UMAP,seq_3041,0,8.942756,4.018778
One-hot,UMAP,seq_3042,0,9.078973,3.717127
One-hot,UMAP,seq_3043,0,8.901022,3.5907245
One-hot,UMAP,seq_3044,0,11.135236,4.13699
One-hot,UMAP,seq_3045,0,7.776737,2.5782363
One-hot,UMAP,seq_3046,0,10.03495,1.2245569
One-hot,UMAP,seq_3047,0,9.969599,1.2050607
One-hot,UMAP,seq_3048,0,10.516656,4.004425
One-hot,UMAP,seq_3049,0,10.641023,4.1728315
One-hot,UMAP,seq_3050,0,10.24512,4.4875236
One-hot,UMAP,seq_3051,0,8.334884,2.424561
One-hot,UMAP,seq_3052,0,8.142282,2.2038429
One-hot,UMAP,seq_3053,0,10.587974,4.3542094
One-hot,UMAP,seq_3054,0,9.170312,3.8680995
One-hot,UMAP,seq_3055,0,10.045612,3.4133055
One-hot,UMAP,seq_3056,0,9.94627,1.2379097
One-hot,UMAP,seq_3057,0,8.631034,3.3735976
One-hot,UMAP,seq_3058,0,10.605684,4.1630936
One-hot,UMAP,seq_3059,0,8.866277,3.1762452
One-hot,UMAP,seq_3060,0,9.423744,3.8368058
One-hot,UMAP,seq_3061,0,8.225673,1.8557972
One-hot,UMAP,seq_3062,0,10.9164715,4.742445
One-hot,UMAP,seq_3063,0,10.102721,3.8388104
One-hot,UMAP,seq_3064,0,8.847791,3.0379417
One-hot,UMAP,seq_3065,0,8.854943,3.2261438
One-hot,UMAP,seq_3066,0,8.369388,3.243776
One-hot,UMAP,seq_3067,0,8.50402,3.04049
One-hot,UMAP,seq_3068,0,8.019508,2.29955
One-hot,UMAP,seq_3069,0,9.751848,0.49769488
One-hot,UMAP,seq_3070,0,8.656733,0.43211344
One-hot,UMAP,seq_3071,0,8.659664,0.42246634
One-hot,UMAP,seq_3072,0,7.9233093,2.3494463
One-hot,UMAP,seq_3073,0,9.455487,3.9824655
One-hot,UMAP,seq_3074,0,10.813517,3.4582102
One-hot,UMAP,seq_3075,0,9.124025,2.131632
One-hot,UMAP,seq_3076,0,8.413487,2.874527
One-hot,UMAP,seq_3077,0,8.3485365,2.3957098
One-hot,UMAP,seq_3078,0,8.451996,0.9874898
One-hot,UMAP,seq_3079,0,10.314114,4.0812597
One-hot,UMAP,seq_3080,0,8.7058735,2.9452226
One-hot,UMAP,seq_3081,0,10.4230995,3.3757522
One-hot,UMAP,seq_3082,0,8.338978,2.0060627
One-hot,UMAP,seq_3083,0,10.788603,3.902571
One-hot,UMAP,seq_3084,0,8.633587,3.0790908
One-hot,UMAP,seq_3085,0,10.808145,4.035633
One-hot,UMAP,seq_3086,0,8.321231,2.556155
One-hot,UMAP,seq_3087,0,8.690486,2.14261
One-hot,UMAP,seq_3088,0,10.120116,1.6519028
One-hot,UMAP,seq_3089,0,8.791063,2.993787
One-hot,UMAP,seq_3090,0,10.527448,3.9139993
One-hot,UMAP,seq_3091,0,8.269493,1.345912
One-hot,UMAP,seq_3092,0,10.271397,3.579914
One-hot,UMAP,seq_3093,0,8.34385,1.4123425
One-hot,UMAP,seq_3094,0,8.386581,1.4490553
One-hot,UMAP,seq_3095,0,8.156998,2.5499527
One-hot,UMAP,seq_3096,0,8.301617,2.7669623
One-hot,UMAP,seq_3097,0,9.076899,2.5943022
One-hot,UMAP,seq_3098,0,9.827177,0.6499074
One-hot,UMAP,seq_3099,0,8.852687,1.7405924
One-hot,UMAP,seq_3100,0,10.215231,3.5731997
One-hot,UMAP,seq_3101,0,8.809413,3.0949674
One-hot,UMAP,seq_3102,0,10.146356,4.146954
One-hot,UMAP,seq_3103,0,8.304551,3.160245
One-hot,UMAP,seq_3104,0,8.805188,1.4554471
One-hot,UMAP,seq_3105,0,8.612092,1.9479384
One-hot,UMAP,seq_3106,0,8.791556,2.3957462
One-hot,UMAP,seq_3107,0,8.539094,2.845113
One-hot,UMAP,seq_3108,0,10.0458,3.5478103
One-hot,UMAP,seq_3109,0,9.702631,1.6093318
One-hot,UMAP,seq_3110,0,8.3307085,1.387799
One-hot,UMAP,seq_3111,0,8.290684,2.0393517
One-hot,UMAP,seq_3112,0,8.243067,1.7997085
One-hot,UMAP,seq_3113,0,10.445408,3.6557145
One-hot,UMAP,seq_3114,0,8.368696,1.8520428
One-hot,UMAP,seq_3115,0,8.181314,1.6840782
One-hot,UMAP,seq_3116,0,8.434547,2.6139593
One-hot,UMAP,seq_3117,0,10.808982,3.9756362
One-hot,UMAP,seq_3118,0,8.176941,2.5190527
One-hot,UMAP,seq_3119,0,8.390855,2.239871
One-hot,UMAP,seq_3120,0,8.323432,2.897028
One-hot,UMAP,seq_3121,0,8.167963,2.2603352
One-hot,UMAP,seq_3122,0,9.961677,4.281941
One-hot,UMAP,seq_3123,0,8.586091,2.671642
One-hot,UMAP,seq_3124,0,10.744226,4.238405
One-hot,UMAP,seq_3125,0,8.281907,2.259376
One-hot,UMAP,seq_3126,0,8.586953,1.0752336
One-hot,UMAP,seq_3127,0,9.199042,0.69870937
One-hot,UMAP,seq_3128,0,9.691113,1.3071709
One-hot,UMAP,seq_3129,0,9.561848,0.7364297
One-hot,UMAP,seq_3130,0,8.78357,1.5490366
One-hot,UMAP,seq_3131,0,9.149649,0.6815407
One-hot,UMAP,seq_3132,0,9.368378,0.64820224
One-hot,UMAP,seq_3133,0,9.422469,1.6947477
One-hot,UMAP,seq_3134,0,8.161054,2.516151
One-hot,UMAP,seq_3135,0,8.333248,2.3326244
One-hot,UMAP,seq_3136,0,8.566753,2.8412383
One-hot,UMAP,seq_3137,0,8.459202,1.8671061
One-hot,UMAP,seq_3138,0,8.060538,1.4800471
One-hot,UMAP,seq_3139,0,8.644539,2.9037738
One-hot,UMAP,seq_3140,0,9.872571,2.0462093
One-hot,UMAP,seq_3141,0,8.332828,2.16807
One-hot,UMAP,seq_3142,0,8.053011,1.5287164
One-hot,UMAP,seq_3143,0,9.765358,0.96999365
One-hot,UMAP,seq_3144,0,9.034479,0.5526364
One-hot,UMAP,seq_3145,0,8.394933,2.0622544
One-hot,UMAP,seq_3146,0,10.094873,3.2709298
One-hot,UMAP,seq_3147,0,8.296814,2.082471
One-hot,UMAP,seq_3148,0,10.163825,0.95045525
One-hot,UMAP,seq_3149,0,8.315104,1.9638271
One-hot,UMAP,seq_3150,0,8.968562,2.3014693
One-hot,UMAP,seq_3151,0,9.180601,2.269804
One-hot,UMAP,seq_3152,0,8.251653,1.5400395
One-hot,UMAP,seq_3153,0,8.702393,3.0305452
One-hot,UMAP,seq_3154,0,10.881484,4.173904
One-hot,UMAP,seq_3155,0,11.340977,4.302865
One-hot,UMAP,seq_3156,0,8.638548,2.7339425
One-hot,UMAP,seq_3157,0,8.621043,2.372208
One-hot,UMAP,seq_3158,0,8.434366,2.2383316
One-hot,UMAP,seq_3159,0,10.857349,3.7521832
One-hot,UMAP,seq_3160,0,8.777083,3.015726
One-hot,UMAP,seq_3161,0,9.524219,2.961231
One-hot,UMAP,seq_3162,0,8.761045,2.5776134
One-hot,UMAP,seq_3163,0,9.897332,2.186219
One-hot,UMAP,seq_3164,0,8.733459,2.5365202
One-hot,UMAP,seq_3165,0,10.361057,4.058632
One-hot,UMAP,seq_3166,0,8.741468,2.2017202
One-hot,UMAP,seq_3167,0,10.032621,3.7257943
One-hot,UMAP,seq_3168,0,8.439374,2.4291446
One-hot,UMAP,seq_3169,0,10.622863,4.4586153
One-hot,UMAP,seq_3170,0,8.243816,1.9745322
One-hot,UMAP,seq_3171,0,9.168364,1.5521137
One-hot,UMAP,seq_3172,0,9.460302,0.81125444
One-hot,UMAP,seq_3173,0,8.770343,1.150652
One-hot,UMAP,seq_3174,0,9.460992,2.6646135
One-hot,UMAP,seq_3175,0,8.993541,1.339103
One-hot,UMAP,seq_3176,0,10.475572,3.1769805
One-hot,UMAP,seq_3177,0,9.737395,4.355577
One-hot,UMAP,seq_3178,0,8.645272,1.8276726
One-hot,UMAP,seq_3179,0,8.7946615,1.7585119
One-hot,UMAP,seq_3180,0,10.405056,4.227588
One-hot,UMAP,seq_3181,0,8.927076,2.7494662
One-hot,UMAP,seq_3182,0,9.111107,1.1167111
One-hot,UMAP,seq_3183,0,9.876075,0.88344777
One-hot,UMAP,seq_3184,0,8.837011,2.595852
One-hot,UMAP,seq_3185,0,8.973382,1.1706055
One-hot,UMAP,seq_3186,0,8.464025,2.4032257
One-hot,UMAP,seq_3187,0,9.242648,1.907764
One-hot,UMAP,seq_3188,0,9.837429,2.1732526
One-hot,UMAP,seq_3189,0,8.400461,2.1720717
One-hot,UMAP,seq_3190,0,8.624061,1.976863
One-hot,UMAP,seq_3191,0,9.492524,1.6181604
One-hot,UMAP,seq_3192,0,10.183285,3.4699764
One-hot,UMAP,seq_3193,0,8.827024,1.8345594
One-hot,UMAP,seq_3194,0,10.011811,3.907677
One-hot,UMAP,seq_3195,0,8.6428,1.5433145
One-hot,UMAP,seq_3196,0,8.562209,1.3587605
One-hot,UMAP,seq_3197,0,8.700314,1.4452217
One-hot,UMAP,seq_3198,0,9.110741,2.1843925
One-hot,UMAP,seq_3199,0,8.740015,1.086373
One-hot,UMAP,seq_3200,0,10.294732,3.0329516
One-hot,UMAP,seq_3201,0,10.498486,3.370877
One-hot,UMAP,seq_3202,0,9.251944,2.6959274
One-hot,UMAP,seq_3203,0,8.96724,1.2525301
One-hot,UMAP,seq_3204,0,9.842042,3.5934818
One-hot,UMAP,seq_3205,0,9.676471,1.3901724
One-hot,UMAP,seq_3206,0,8.526963,1.3411231
One-hot,UMAP,seq_3207,0,10.195393,3.6321723
One-hot,UMAP,seq_3208,0,10.19836,3.2615006
One-hot,UMAP,seq_3209,0,9.152976,2.975564
One-hot,UMAP,seq_3210,0,8.690188,1.6128367
One-hot,UMAP,seq_3211,0,9.335086,1.9245181
One-hot,UMAP,seq_3212,0,8.213965,2.0825174
One-hot,UMAP,seq_3213,0,8.685675,1.0115147
One-hot,UMAP,seq_3214,0,8.905859,2.0260596
One-hot,UMAP,seq_3215,0,8.770642,2.0107865
One-hot,UMAP,seq_3216,0,8.868249,1.8931718
One-hot,UMAP,seq_3217,0,8.720259,1.4639138
One-hot,UMAP,seq_3218,0,9.423689,2.9966836
One-hot,UMAP,seq_3219,0,10.8850765,4.4432664
One-hot,UMAP,seq_3220,0,9.585201,0.8780903
One-hot,UMAP,seq_3221,0,8.863354,0.5943882
One-hot,UMAP,seq_3222,0,8.598287,2.0245194
One-hot,UMAP,seq_3223,0,8.773102,2.3222985
One-hot,UMAP,seq_3224,0,9.050082,1.4568473
One-hot,UMAP,seq_3225,0,9.5794735,0.9525294
One-hot,UMAP,seq_3226,0,8.489011,1.6583093
One-hot,UMAP,seq_3227,0,9.506489,2.1114516
One-hot,UMAP,seq_3228,0,10.909013,4.218939
One-hot,UMAP,seq_3229,0,8.838517,1.4806525
One-hot,UMAP,seq_3230,0,9.821622,3.7645233
One-hot,UMAP,seq_3231,0,8.832787,2.243386
One-hot,UMAP,seq_3232,0,9.201787,1.7505898
One-hot,UMAP,seq_3233,0,9.956089,1.5963264
One-hot,UMAP,seq_3234,0,9.638144,3.7134187
One-hot,UMAP,seq_3235,0,9.011851,1.58568
One-hot,UMAP,seq_3236,0,10.495729,3.7194874
One-hot,UMAP,seq_3237,0,7.930954,2.1221137
One-hot,UMAP,seq_3238,0,8.779065,1.0629456
One-hot,UMAP,seq_3239,0,8.859622,1.0374923
One-hot,UMAP,seq_3240,0,10.072406,3.8189926
One-hot,UMAP,seq_3241,0,9.85103,0.8356931
One-hot,UMAP,seq_3242,0,8.734379,1.6565834
One-hot,UMAP,seq_3243,0,10.29035,3.8459003
One-hot,UMAP,seq_3244,0,10.516777,3.9689255
One-hot,UMAP,seq_3245,0,10.430062,3.449384
One-hot,UMAP,seq_3246,0,10.10571,3.5582292
One-hot,UMAP,seq_3247,0,10.372689,3.724951
One-hot,UMAP,seq_3248,0,9.300609,2.5829158
One-hot,UMAP,seq_3249,0,9.165318,1.6246927
One-hot,UMAP,seq_3250,0,8.849074,2.0911355
One-hot,UMAP,seq_3251,0,9.082174,2.0232775
One-hot,UMAP,seq_3252,0,10.002061,1.7184707
One-hot,UMAP,seq_3253,0,10.26182,4.103444
One-hot,UMAP,seq_3254,0,9.0565195,1.8140881
One-hot,UMAP,seq_3255,0,8.631879,1.7460628
One-hot,UMAP,seq_3256,0,9.114451,3.6610692
One-hot,UMAP,seq_3257,0,9.096125,0.96153206
One-hot,UMAP,seq_3258,0,9.928546,2.6372232
One-hot,UMAP,seq_3259,0,8.921234,3.0250185
One-hot,UMAP,seq_3260,0,8.996362,2.0750003
One-hot,UMAP,seq_3261,0,9.176061,0.66615194
One-hot,UMAP,seq_3262,0,8.4944105,1.172958
One-hot,UMAP,seq_3263,0,10.795365,3.9234283
One-hot,UMAP,seq_3264,0,9.688556,0.9960106
One-hot,UMAP,seq_3265,0,9.476255,1.0059767
One-hot,UMAP,seq_3266,0,8.865546,0.9414591
One-hot,UMAP,seq_3267,0,9.101384,1.5343261
One-hot,UMAP,seq_3268,0,8.714282,0.6002266
One-hot,UMAP,seq_3269,0,8.928815,2.1837316
One-hot,UMAP,seq_3270,0,9.40312,0.6414687
One-hot,UMAP,seq_3271,0,9.707703,1.8867437
One-hot,UMAP,seq_3272,0,9.888511,1.5966184
One-hot,UMAP,seq_3273,0,9.346772,1.1971673
One-hot,UMAP,seq_3274,0,9.484776,2.262368
One-hot,UMAP,seq_3275,0,8.876263,2.6358426
One-hot,UMAP,seq_3276,0,9.101681,1.0042698
One-hot,UMAP,seq_3277,0,8.767428,1.3690617
One-hot,UMAP,seq_3278,0,10.338969,3.9669394
One-hot,UMAP,seq_3279,0,9.76585,0.8384434
One-hot,UMAP,seq_3280,0,10.550963,4.109286
One-hot,UMAP,seq_3281,0,9.2120495,1.112157
One-hot,UMAP,seq_3282,0,9.346421,1.4200206
One-hot,UMAP,seq_3283,0,9.761512,3.869124
One-hot,UMAP,seq_3284,0,8.873661,0.84278065
One-hot,UMAP,seq_3285,0,9.792799,2.2543344
One-hot,UMAP,seq_3286,0,9.066207,2.2152193
One-hot,UMAP,seq_3287,0,9.024967,0.94706047
One-hot,UMAP,seq_3288,0,9.389966,1.073461
One-hot,UMAP,seq_3289,0,8.5018215,1.7547395
One-hot,UMAP,seq_3290,0,9.531518,1.7261424
One-hot,UMAP,seq_3291,0,9.181523,0.65663403
One-hot,UMAP,seq_3292,0,8.9841795,0.7572167
One-hot,UMAP,seq_3293,0,9.343138,1.3487175
One-hot,UMAP,seq_3294,0,10.345184,3.506054
One-hot,UMAP,seq_3295,0,9.314138,1.3482085
One-hot,UMAP,seq_3296,0,9.390621,1.3672886
One-hot,UMAP,seq_3297,0,10.011166,1.3049227
One-hot,UMAP,seq_3298,0,9.306717,2.044793
One-hot,UMAP,seq_3299,0,9.20998,1.5444208
One-hot,UMAP,seq_3300,0,9.059061,1.3756613
One-hot,UMAP,seq_3301,0,8.873613,1.4378369
One-hot,UMAP,seq_3302,0,10.461767,3.801395
One-hot,UMAP,seq_3303,0,10.163766,3.7783554
One-hot,UMAP,seq_3304,0,9.718583,3.7701592
One-hot,UMAP,seq_3305,0,9.76402,1.4022121
One-hot,UMAP,seq_3306,0,9.073973,1.1567302
One-hot,UMAP,seq_3307,0,9.851726,3.711524
One-hot,UMAP,seq_3308,0,9.806315,3.735039
One-hot,UMAP,seq_3309,0,9.613965,1.748117
One-hot,UMAP,seq_3310,0,9.116641,2.017788
One-hot,UMAP,seq_3311,0,10.121255,3.4479132
One-hot,UMAP,seq_3312,0,9.431315,0.56169885
One-hot,UMAP,seq_3313,0,9.52695,1.1298304
One-hot,UMAP,seq_3314,0,9.19143,1.9903265
One-hot,UMAP,seq_3315,0,9.75179,0.97719735
One-hot,UMAP,seq_3316,0,8.855533,2.1590908
One-hot,UMAP,seq_3317,0,9.821645,1.1153344
One-hot,UMAP,seq_3318,0,8.777931,2.5471268
One-hot,UMAP,seq_3319,0,10.616745,3.6171029
One-hot,UMAP,seq_3320,0,9.900705,2.056953
One-hot,UMAP,seq_3321,0,9.076838,1.145384
One-hot,UMAP,seq_3322,0,9.641268,1.0821873
One-hot,UMAP,seq_3323,0,10.242609,2.8589487
One-hot,UMAP,seq_3324,0,9.16267,1.8486919
One-hot,UMAP,seq_3325,0,9.438318,1.5024477
One-hot,UMAP,seq_3326,0,10.152373,3.9592063
One-hot,UMAP,seq_3327,0,10.286098,3.7469404
One-hot,UMAP,seq_3328,0,9.504057,0.9423244
One-hot,UMAP,seq_3329,0,9.107828,3.1583652
One-hot,UMAP,seq_3330,0,9.056674,0.8203279
One-hot,UMAP,seq_3331,0,9.562608,2.1010613
One-hot,UMAP,seq_3332,0,9.15055,0.6906516
One-hot,UMAP,seq_3333,0,9.275217,2.0854266
One-hot,UMAP,seq_3334,0,8.717307,1.4665936
One-hot,UMAP,seq_3335,0,9.537729,2.2705
One-hot,UMAP,seq_3336,0,10.644965,4.2465014
One-hot,UMAP,seq_3337,0,10.3118105,3.3111992
One-hot,UMAP,seq_3338,0,9.743559,2.502178
One-hot,UMAP,seq_3339,0,9.417367,1.4315001
One-hot,UMAP,seq_3340,0,10.713431,3.4427986
One-hot,UMAP,seq_3341,0,9.652342,1.2748482
One-hot,UMAP,seq_3342,0,9.28742,1.0994434
One-hot,UMAP,seq_3343,0,9.295284,1.6372542
One-hot,UMAP,seq_3344,0,9.378503,2.20828
One-hot,UMAP,seq_3345,0,10.095566,4.0556793
One-hot,UMAP,seq_3346,0,9.38992,1.2587434
One-hot,UMAP,seq_3347,0,9.053176,1.2867873
One-hot,UMAP,seq_3348,0,9.520348,1.3048964
One-hot,UMAP,seq_3349,0,9.423362,2.1737485
One-hot,UMAP,seq_3350,0,9.800373,2.6239119
One-hot,UMAP,seq_3351,0,9.184247,1.6847857
One-hot,UMAP,seq_3352,0,9.706268,1.459182
One-hot,UMAP,seq_3353,0,9.121242,2.3091245
One-hot,UMAP,seq_3354,0,9.03256,1.8722607
One-hot,UMAP,seq_3355,0,9.07761,1.343343
One-hot,UMAP,seq_3356,0,8.961865,1.5303763
One-hot,UMAP,seq_3357,0,9.363316,1.3533739
One-hot,UMAP,seq_3358,0,9.322416,1.91066
One-hot,UMAP,seq_3359,0,9.3190975,1.2624954
One-hot,UMAP,seq_3360,0,9.042763,2.1839786
One-hot,UMAP,seq_3361,0,9.593336,2.6684182
One-hot,UMAP,seq_3362,0,10.284436,3.6521091
One-hot,UMAP,seq_3363,0,9.495214,1.4325247
One-hot,UMAP,seq_3364,0,9.326212,1.0769421
One-hot,UMAP,seq_3365,0,9.479427,1.9895958
One-hot,UMAP,seq_3366,0,9.436987,1.9693658
One-hot,UMAP,seq_3367,0,10.83689,3.9109187
One-hot,UMAP,seq_3368,0,10.579146,3.356441
One-hot,UMAP,seq_3369,0,10.509865,4.017472
One-hot,UMAP,seq_3370,0,9.101568,1.3189797
One-hot,UMAP,seq_3371,0,9.556544,1.7829953
One-hot,UMAP,seq_3372,0,8.937539,1.289546
One-hot,UMAP,seq_3373,0,9.907604,1.5282637
One-hot,UMAP,seq_3374,0,9.953312,4.005972
One-hot,UMAP,seq_3375,0,10.094686,2.96905
One-hot,UMAP,seq_3376,0,9.018489,1.8540862
One-hot,UMAP,seq_3377,0,9.736296,1.9086791
One-hot,UMAP,seq_3378,0,10.120542,3.584897
One-hot,UMAP,seq_3379,0,10.327934,3.9321756
One-hot,UMAP,seq_3380,0,10.164789,3.5439143
One-hot,UMAP,seq_3381,0,9.055735,1.4176735
One-hot,UMAP,seq_3382,0,9.084669,2.2933033
One-hot,UMAP,seq_3383,0,9.68774,2.0138664
One-hot,UMAP,seq_3384,0,9.425198,1.3611618
One-hot,UMAP,seq_3385,0,9.496257,1.5491881
One-hot,UMAP,seq_3386,0,9.624081,1.590525
One-hot,UMAP,seq_3387,0,9.088686,1.9525809
One-hot,UMAP,seq_3388,0,9.072774,2.0799816
One-hot,UMAP,seq_3389,0,9.004434,2.269659
One-hot,UMAP,seq_3390,0,9.78027,1.6250991
One-hot,UMAP,seq_3391,0,9.753473,1.0914937
One-hot,UMAP,seq_3392,0,8.992838,2.6294284
One-hot,UMAP,seq_3393,0,9.03909,2.295357
One-hot,UMAP,seq_3394,0,8.845526,2.0707767
One-hot,UMAP,seq_3395,0,9.480378,1.6677569
One-hot,UMAP,seq_3396,0,9.498624,1.7541379
One-hot,UMAP,seq_3397,0,9.335738,1.0406767
One-hot,UMAP,seq_3398,0,9.478285,2.2312157
One-hot,UMAP,seq_3399,0,9.495005,2.5452404
One-hot,UMAP,seq_3400,0,9.193447,1.6117724
One-hot,UMAP,seq_3401,0,10.605044,3.7925556
One-hot,UMAP,seq_3402,0,9.610301,2.448248
One-hot,UMAP,seq_3403,0,9.407633,1.5754676
One-hot,UMAP,seq_3404,0,9.899749,2.7505813
One-hot,UMAP,seq_3405,0,9.337011,1.0102376
One-hot,UMAP,seq_3406,0,9.6694975,1.3426301
One-hot,UMAP,seq_3407,0,9.749702,1.5643071
One-hot,UMAP,seq_3408,0,9.385361,2.243186
One-hot,UMAP,seq_3409,0,9.767905,1.3032072
One-hot,UMAP,seq_3410,0,9.546065,1.6318192
One-hot,UMAP,seq_3411,0,9.23744,1.1726695
One-hot,UMAP,seq_3412,0,8.845626,1.7352574
One-hot,UMAP,seq_3413,0,9.328076,2.5223396
One-hot,UMAP,seq_3414,0,10.073464,3.1928759
One-hot,UMAP,seq_3415,0,9.544808,2.224509
One-hot,UMAP,seq_3416,0,9.928329,2.0093212
One-hot,UMAP,seq_3417,0,10.045735,2.408428
One-hot,UMAP,seq_3418,0,9.947835,3.074861
One-hot,UMAP,seq_3419,0,10.561508,3.5912235
One-hot,UMAP,seq_3420,0,8.938848,1.6864616
One-hot,UMAP,seq_3421,0,9.382651,1.991713
One-hot,UMAP,seq_3422,0,10.387466,3.3853364
One-hot,UMAP,seq_3423,0,9.729269,2.8057253
One-hot,UMAP,seq_3424,0,9.431913,2.2114189
One-hot,UMAP,seq_3425,0,10.204397,3.6823606
One-hot,UMAP,seq_3426,0,10.01298,2.6587923
One-hot,UMAP,seq_3427,0,9.540017,1.9938527
One-hot,UMAP,seq_3428,0,9.213889,2.4279587
One-hot,UMAP,seq_3429,0,9.611287,1.3784633
One-hot,UMAP,seq_3430,0,9.197264,1.8050908
One-hot,UMAP,seq_3431,0,10.025351,3.7007008
One-hot,UMAP,seq_3432,0,10.587614,3.5669227
One-hot,UMAP,seq_3433,0,9.474308,1.7276697
One-hot,UMAP,seq_3434,0,10.10141,3.574771
One-hot,UMAP,seq_3435,0,10.514039,4.222702
One-hot,UMAP,seq_3436,0,8.784187,2.5111167
One-hot,UMAP,seq_3437,0,9.336527,1.1062331
One-hot,UMAP,seq_3438,0,9.399521,2.5636861
One-hot,UMAP,seq_3439,0,9.240567,3.3311417
One-hot,UMAP,seq_3440,0,9.70034,2.2889123
One-hot,UMAP,seq_3441,0,9.289227,2.0912457
One-hot,UMAP,seq_3442,0,10.677883,3.3676348
One-hot,UMAP,seq_3443,0,9.809583,2.446887
One-hot,UMAP,seq_3444,0,9.345768,1.4605691
One-hot,UMAP,seq_3445,0,9.104774,2.162045
One-hot,UMAP,seq_3446,0,9.660106,2.1892574
One-hot,UMAP,seq_3447,0,8.934622,1.6447823
One-hot,UMAP,seq_3448,0,9.542694,2.7167764
One-hot,UMAP,seq_3449,0,10.295013,3.4014695
One-hot,UMAP,seq_3450,0,9.0915785,1.8997672
One-hot,UMAP,seq_3451,0,11.836072,4.6352305
One-hot,UMAP,seq_3452,0,9.237102,2.4044662
One-hot,UMAP,seq_3453,0,9.442291,1.9593551
One-hot,UMAP,seq_3454,0,9.6795435,2.4347444
One-hot,UMAP,seq_3455,0,9.168754,1.9921908
One-hot,UMAP,seq_3456,0,10.059085,2.566233
One-hot,UMAP,seq_3457,0,10.629384,4.292206
One-hot,UMAP,seq_3458,0,10.18435,3.442982
One-hot,UMAP,seq_3459,0,10.406168,3.728439
One-hot,UMAP,seq_3460,0,9.360189,2.1434844
One-hot,UMAP,seq_3461,0,9.685478,1.8002355
One-hot,UMAP,seq_3462,0,9.525608,1.8068258
One-hot,UMAP,seq_3463,0,9.772182,2.9418457
One-hot,UMAP,seq_3464,0,9.431908,1.852825
One-hot,UMAP,seq_3465,0,9.265942,2.0106227
One-hot,UMAP,seq_3466,0,9.693202,2.8111863
One-hot,UMAP,seq_3467,0,9.327545,2.3042285
One-hot,UMAP,seq_3468,0,9.752397,3.1243396
One-hot,UMAP,seq_3469,0,9.304793,1.8022028
One-hot,UMAP,seq_3470,0,9.573898,2.3728974
One-hot,UMAP,seq_3471,0,9.829434,3.5200548
One-hot,UMAP,seq_3472,0,9.780297,1.833453
One-hot,UMAP,seq_3473,0,10.591426,3.8185143
One-hot,UMAP,seq_3474,0,9.580125,2.1108718
One-hot,UMAP,seq_3475,0,9.24694,1.9861413
One-hot,UMAP,seq_3476,0,10.432658,3.5370953
One-hot,UMAP,seq_3477,0,9.185683,2.629303
One-hot,UMAP,seq_3478,0,9.301741,2.0882556
One-hot,UMAP,seq_3479,0,9.359687,1.8694711
One-hot,UMAP,seq_3480,0,9.615054,1.886364
One-hot,UMAP,seq_3481,0,9.884949,3.7955015
One-hot,UMAP,seq_3482,0,9.431938,2.7729013
One-hot,UMAP,seq_3483,0,10.329155,3.1013048
One-hot,UMAP,seq_3484,0,10.144445,3.3979936
One-hot,UMAP,seq_3485,0,8.950105,3.1898685
One-hot,UMAP,seq_3486,0,10.200375,3.6707764
One-hot,UMAP,seq_3487,0,9.139018,2.5898123
One-hot,UMAP,seq_3488,0,9.46857,3.5917833
One-hot,UMAP,seq_3489,0,10.046411,3.4140713
One-hot,UMAP,seq_3490,0,8.869818,2.8075752
One-hot,UMAP,seq_3491,0,10.02578,3.526913
One-hot,UMAP,seq_3492,0,9.955582,3.9227204
One-hot,UMAP,seq_3493,0,10.1643715,3.280106
One-hot,UMAP,seq_3494,0,9.108791,2.2237625
One-hot,UMAP,seq_3495,0,9.814666,2.9512002
One-hot,UMAP,seq_3496,0,9.181222,2.3225274
One-hot,UMAP,seq_3497,0,9.032047,2.2738001
One-hot,UMAP,seq_3498,0,10.166904,3.5542762
One-hot,UMAP,seq_3499,0,9.489995,3.680516
One-hot,UMAP,seq_3500,0,8.779364,1.9884639
One-hot,UMAP,seq_3501,0,9.517671,1.9837127
One-hot,UMAP,seq_3502,0,9.92048,4.024761
One-hot,UMAP,seq_3503,0,8.827355,2.3812983
One-hot,UMAP,seq_3504,0,10.231028,3.0537443
One-hot,UMAP,seq_3505,0,9.50506,2.8139307
One-hot,UMAP,seq_3506,0,9.268469,2.4043188
One-hot,UMAP,seq_3507,0,9.349204,2.4460232
One-hot,UMAP,seq_3508,0,10.289568,3.5859065
One-hot,UMAP,seq_3509,0,9.789527,3.122101
One-hot,UMAP,seq_3510,0,10.370514,3.5950012
One-hot,UMAP,seq_3511,0,10.160694,3.7845988
One-hot,UMAP,seq_3512,0,9.226288,2.4241734
One-hot,UMAP,seq_3513,0,9.63193,2.6529858
One-hot,UMAP,seq_3514,0,10.046511,3.549189
One-hot,UMAP,seq_3515,0,9.223813,2.5688431
One-hot,UMAP,seq_3516,0,9.03526,2.7218087
One-hot,UMAP,seq_3517,0,9.272708,2.7688692
One-hot,UMAP,seq_3518,0,9.529047,2.8274012
One-hot,UMAP,seq_3519,0,8.722363,2.2957346
One-hot,UMAP,seq_3520,0,9.19568,2.2992885
One-hot,UMAP,seq_3521,0,10.081457,3.4383197
One-hot,UMAP,seq_3522,0,8.995458,2.6408734
One-hot,UMAP,seq_3523,0,9.820084,3.7288857
One-hot,UMAP,seq_3524,0,9.903407,3.4260588
One-hot,UMAP,seq_3525,0,9.069113,2.5057852
One-hot,UMAP,seq_3526,0,9.824823,3.5196495
One-hot,UMAP,seq_3527,0,9.742807,2.6031122
One-hot,UMAP,seq_3528,0,9.676548,3.3327296
One-hot,UMAP,seq_3529,0,9.357275,2.8119888
One-hot,UMAP,seq_3530,0,10.667128,3.9539948
One-hot,UMAP,seq_3531,0,9.052231,2.3562448
One-hot,UMAP,seq_3532,0,8.919085,2.9192746
One-hot,UMAP,seq_3533,0,9.195838,2.2608662
One-hot,UMAP,seq_3534,0,9.429878,3.0893145
One-hot,UMAP,seq_3535,0,9.493502,2.5611393
One-hot,UMAP,seq_3536,0,9.681511,3.3643005
One-hot,UMAP,seq_3537,0,9.116576,3.4304585
One-hot,UMAP,seq_3538,0,9.485697,2.8996606
One-hot,UMAP,seq_3539,0,8.762681,1.9916265
One-hot,UMAP,seq_3540,0,10.095482,3.6562965
One-hot,UMAP,seq_3541,0,9.390914,2.8700671
One-hot,UMAP,seq_3542,0,9.449133,2.426393
One-hot,UMAP,seq_3543,0,9.291581,2.37878
One-hot,UMAP,seq_3544,0,9.790768,3.7756073
One-hot,UMAP,seq_3545,0,9.389567,3.2799976
One-hot,UMAP,seq_3546,0,9.655152,3.2741094
One-hot,UMAP,seq_3547,0,9.213151,3.4688816
One-hot,UMAP,seq_3548,0,9.673684,2.8027022
One-hot,UMAP,seq_3549,0,9.869268,3.0964468
One-hot,UMAP,seq_3550,0,9.092206,3.1955345
One-hot,UMAP,seq_3551,0,8.972926,2.2786713
One-hot,UMAP,seq_3552,0,9.383412,2.697146
One-hot,UMAP,seq_3553,0,8.899407,3.3998463
One-hot,UMAP,seq_3554,0,9.581452,2.6831663
One-hot,UMAP,seq_3555,0,9.397886,2.5970232
One-hot,UMAP,seq_3556,0,9.372033,3.127255
One-hot,UMAP,seq_3557,0,9.452949,2.501425
One-hot,UMAP,seq_3558,0,9.285712,3.0175314
One-hot,UMAP,seq_3559,0,9.230874,3.24879
One-hot,UMAP,seq_3560,0,9.019087,2.927217
One-hot,UMAP,seq_3561,0,9.204406,3.2520254
One-hot,UMAP,seq_3562,0,10.154292,3.3986804
One-hot,UMAP,seq_3563,0,9.564091,2.2756095
One-hot,UMAP,seq_3564,0,9.58053,3.218034
One-hot,UMAP,seq_3565,0,9.253645,2.4363089
One-hot,UMAP,seq_3566,0,9.363396,3.5261955
One-hot,UMAP,seq_3567,0,9.053421,2.4944153
One-hot,UMAP,seq_3568,0,9.591092,2.2367752
One-hot,UMAP,seq_3569,0,10.250928,3.5374048
One-hot,UMAP,seq_3570,0,9.112784,2.2966
One-hot,UMAP,seq_3571,0,9.030843,2.9083796
One-hot,UMAP,seq_3572,0,9.330185,2.4248278
One-hot,UMAP,seq_3573,0,9.626508,2.33375
One-hot,UMAP,seq_3574,0,8.99641,2.5624168
One-hot,UMAP,seq_3575,0,9.023143,3.1720912
One-hot,UMAP,seq_3576,0,8.66439,2.6909287
One-hot,UMAP,seq_3577,0,9.967163,0.6759938
One-hot,UMAP,seq_3578,0,9.721982,3.588675
One-hot,UMAP,seq_3579,0,9.962285,0.68433505
One-hot,UMAP,seq_3580,0,9.252072,2.6576993
One-hot,UMAP,seq_3581,0,9.5966625,3.3777254
One-hot,UMAP,seq_3582,0,9.477011,3.4235115
One-hot,UMAP,seq_3583,0,9.555148,2.7873344
One-hot,UMAP,seq_3584,0,9.362653,2.5521083
One-hot,UMAP,seq_3585,0,8.9872675,3.3095007
One-hot,UMAP,seq_3586,0,8.940918,2.6925523
One-hot,UMAP,seq_3587,0,9.062939,2.8487313
One-hot,UMAP,seq_3588,0,9.668312,2.5071385
One-hot,UMAP,seq_3589,0,8.878664,3.4279106
One-hot,UMAP,seq_3590,0,9.090546,2.8583364
One-hot,UMAP,seq_3591,0,9.722395,3.5901155
One-hot,UMAP,seq_3592,0,9.15341,2.7336133
One-hot,UMAP,seq_3593,0,9.297532,2.0725152
One-hot,UMAP,seq_3594,0,9.44013,3.3854063
One-hot,UMAP,seq_3595,0,9.643893,3.1485612
One-hot,UMAP,seq_3596,0,9.638473,3.6428277
One-hot,UMAP,seq_3597,0,10.213156,3.433371
One-hot,UMAP,seq_3598,0,8.844004,3.0414155
One-hot,UMAP,seq_3599,0,10.06705,3.6925645
One-hot,UMAP,seq_3600,0,10.247148,3.5843673
One-hot,UMAP,seq_3601,0,9.703444,3.634138
One-hot,UMAP,seq_3602,0,9.021904,2.6136172
One-hot,UMAP,seq_3603,0,8.819698,2.538117
One-hot,UMAP,seq_3604,0,9.269643,2.4674335
One-hot,UMAP,seq_3605,0,10.365788,3.6918602
One-hot,UMAP,seq_3606,0,10.152909,3.671716
One-hot,UMAP,seq_3607,0,9.374003,3.6818244
One-hot,UMAP,seq_3608,0,9.243541,3.3406093
One-hot,UMAP,seq_3609,0,10.56236,3.5870411
One-hot,UMAP,seq_3610,0,9.071573,3.1397367
One-hot,UMAP,seq_3611,0,9.309118,2.6817226
One-hot,UMAP,seq_3612,0,9.253007,2.8732984
One-hot,UMAP,seq_3613,0,10.222367,3.6704078
One-hot,UMAP,seq_3614,0,9.569041,2.5353084
One-hot,UMAP,seq_3615,0,9.386094,3.3291183
One-hot,UMAP,seq_3616,0,8.934564,2.4893005
One-hot,UMAP,seq_3617,0,10.612186,3.1221952
One-hot,UMAP,seq_3618,0,9.1270485,3.11928
One-hot,UMAP,seq_3619,0,9.568268,2.0283227
One-hot,UMAP,seq_3620,0,9.659264,2.950911
One-hot,UMAP,seq_3621,0,8.996005,3.262602
One-hot,UMAP,seq_3622,0,9.220436,2.3088293
One-hot,UMAP,seq_3623,0,8.994959,2.6856165
One-hot,UMAP,seq_3624,0,9.735342,3.1046236
One-hot,UMAP,seq_3625,0,8.830481,2.5367014
One-hot,UMAP,seq_3626,0,9.170524,3.1575425
One-hot,UMAP,seq_3627,0,9.253727,3.2149322
One-hot,UMAP,seq_3628,0,9.507492,3.0263665
One-hot,UMAP,seq_3629,0,10.452086,3.8210893
One-hot,UMAP,seq_3630,0,10.472389,3.521372
One-hot,UMAP,seq_3631,0,9.518256,3.03331
One-hot,UMAP,seq_3632,0,9.917767,3.1493156
One-hot,UMAP,seq_3633,0,8.942554,2.5984585
One-hot,UMAP,seq_3634,0,9.017939,3.1549323
One-hot,UMAP,seq_3635,0,8.61117,3.036198
One-hot,UMAP,seq_3636,0,9.265079,3.0445242
One-hot,UMAP,seq_3637,0,9.139388,2.94519
One-hot,UMAP,seq_3638,0,9.662795,3.6159515
One-hot,UMAP,seq_3639,0,9.773698,3.5637655
One-hot,UMAP,seq_3640,0,10.075543,2.9622233
One-hot,UMAP,seq_3641,0,9.666522,3.0959175
One-hot,UMAP,seq_3642,0,9.43304,3.4464304
One-hot,UMAP,seq_3643,0,9.674773,3.340951
One-hot,UMAP,seq_3644,0,8.710714,3.2517529
One-hot,UMAP,seq_3645,0,9.217886,2.4401932
One-hot,UMAP,seq_3646,0,9.151791,2.7522504
One-hot,UMAP,seq_3647,0,9.494442,2.8639467
One-hot,UMAP,seq_3648,0,9.06419,3.2944076
One-hot,UMAP,seq_3649,0,9.010194,2.1981115
One-hot,UMAP,seq_3650,0,9.364791,3.447667
One-hot,UMAP,seq_3651,0,9.184076,2.9233258
One-hot,UMAP,seq_3652,0,9.195732,2.9760802
One-hot,UMAP,seq_3653,0,9.250449,3.1703207
One-hot,UMAP,seq_3654,0,9.32909,2.9897246
One-hot,UMAP,seq_3655,0,9.420533,3.031172
One-hot,UMAP,seq_3656,0,10.224291,3.6608768
One-hot,UMAP,seq_3657,0,9.17439,1.9034532
One-hot,UMAP,seq_3658,0,8.657254,2.9326246
One-hot,UMAP,seq_3659,0,9.376455,3.253573
One-hot,UMAP,seq_3660,0,9.048805,2.5517843
One-hot,UMAP,seq_3661,0,9.511729,3.1814866
One-hot,UMAP,seq_3662,0,10.157051,3.5510905
One-hot,UMAP,seq_3663,0,9.233231,3.0255244
One-hot,UMAP,seq_3664,0,9.316469,2.9550414
One-hot,UMAP,seq_3665,0,9.854664,3.3758202
One-hot,UMAP,seq_3666,0,10.173924,3.6589286
One-hot,UMAP,seq_3667,0,9.760274,3.5231714
One-hot,UMAP,seq_3668,0,9.996097,3.723277
One-hot,UMAP,seq_3669,0,9.210067,3.1354032
One-hot,UMAP,seq_3670,0,9.77501,3.4451506
One-hot,UMAP,seq_3671,0,9.371489,2.939015
One-hot,UMAP,seq_3672,0,9.232329,2.749673
One-hot,UMAP,seq_3673,0,10.083203,3.3297763
One-hot,UMAP,seq_3674,0,9.466072,2.78454
One-hot,UMAP,seq_3675,0,10.276494,3.0737872
One-hot,UMAP,seq_3676,0,10.446918,2.0156255
One-hot,UMAP,seq_3677,0,9.480945,3.09529
One-hot,UMAP,seq_3678,0,9.437251,1.3790805
One-hot,UMAP,seq_3679,0,9.469026,3.3645375
One-hot,UMAP,seq_3680,0,9.039961,2.6564198
One-hot,UMAP,seq_3681,0,9.198676,3.1907454
One-hot,UMAP,seq_3682,0,9.454328,3.3168545
One-hot,UMAP,seq_3683,0,9.145312,3.6407673
One-hot,UMAP,seq_3684,0,9.245385,3.5309749
One-hot,UMAP,seq_3685,0,9.51325,2.6650655
One-hot,UMAP,seq_3686,0,10.22847,3.5553558
One-hot,UMAP,seq_3687,0,10.003809,3.200799
One-hot,UMAP,seq_3688,0,9.820019,3.68522
One-hot,UMAP,seq_3689,0,9.888768,3.666738
One-hot,UMAP,seq_3690,0,9.3659,2.951555
One-hot,UMAP,seq_3691,0,8.8608465,3.034585
One-hot,UMAP,seq_3692,0,9.339751,3.583406
One-hot,UMAP,seq_3693,0,9.332313,3.219457
One-hot,UMAP,seq_3694,0,10.493604,3.6021693
One-hot,UMAP,seq_3695,0,10.053133,3.2178154
One-hot,UMAP,seq_3696,0,9.422516,3.2450995
One-hot,UMAP,seq_3697,0,8.972932,3.0508282
One-hot,UMAP,seq_3698,0,9.141465,3.5507843
One-hot,UMAP,seq_3699,0,9.742017,3.3910892
One-hot,UMAP,seq_3700,0,9.658185,3.46582
One-hot,UMAP,seq_3701,0,9.567767,3.4578183
One-hot,UMAP,seq_3702,0,9.348908,3.736803
One-hot,UMAP,seq_3703,0,9.707742,3.273208
One-hot,UMAP,seq_3704,0,10.270455,3.2536418
One-hot,UMAP,seq_3705,0,9.13714,2.8833654
One-hot,UMAP,seq_3706,0,9.772382,3.5526805
One-hot,UMAP,seq_3707,0,9.255408,3.1821954
One-hot,UMAP,seq_3708,0,9.382931,3.3540092
One-hot,UMAP,seq_3709,0,9.433021,3.4130428
One-hot,UMAP,seq_3710,0,9.285113,3.2970521
One-hot,UMAP,seq_3711,0,9.389068,3.5346348
One-hot,UMAP,seq_3712,0,9.754218,2.521745
One-hot,UMAP,seq_3713,0,8.87234,2.8643389
One-hot,UMAP,seq_3714,0,9.304977,3.4037354
One-hot,UMAP,seq_3715,0,9.476558,1.3527685
One-hot,UMAP,seq_3716,0,9.385715,3.310599
One-hot,UMAP,seq_3717,0,10.056685,3.3781807
One-hot,UMAP,seq_3718,0,9.67502,3.1909838
One-hot,UMAP,seq_3719,0,9.592817,3.6268692
One-hot,UMAP,seq_3720,0,9.469131,3.2490087
One-hot,UMAP,seq_3721,0,9.038547,3.1675699
One-hot,UMAP,seq_3722,0,9.162357,2.847779
One-hot,UMAP,seq_3723,0,9.646835,2.5932374
One-hot,UMAP,seq_3724,0,9.882839,3.3747659
One-hot,UMAP,seq_3725,0,9.069622,3.0025961
One-hot,UMAP,seq_3726,0,10.41812,3.6181614
One-hot,UMAP,seq_3727,0,9.697079,3.7361817
One-hot,UMAP,seq_3728,0,9.150586,3.1948895
One-hot,UMAP,seq_3729,0,9.928211,3.4059744
One-hot,UMAP,seq_3730,0,9.752015,3.744069
One-hot,UMAP,seq_3731,0,10.15905,3.499029
One-hot,UMAP,seq_3732,0,9.951275,3.5743237
One-hot,UMAP,seq_3733,0,9.654694,3.4264386
One-hot,UMAP,seq_3734,0,9.747146,3.6386821
One-hot,UMAP,seq_3735,0,9.197616,3.5409997
One-hot,UMAP,seq_3736,0,9.350432,3.1614928
One-hot,UMAP,seq_3737,0,9.829353,2.6730936
One-hot,UMAP,seq_3738,0,9.10353,3.4053543
One-hot,UMAP,seq_3739,0,9.662296,3.1628096
One-hot,UMAP,seq_3740,0,9.872469,3.4652908
One-hot,UMAP,seq_3741,0,9.218509,3.5751212
One-hot,UMAP,seq_3742,0,9.557291,3.2948887
One-hot,UMAP,seq_3743,0,9.714231,3.5947695
One-hot,UMAP,seq_3744,0,9.431419,2.3876238
One-hot,UMAP,seq_3745,0,9.323737,3.0720036
One-hot,UMAP,seq_3746,0,9.883946,3.1553104
One-hot,UMAP,seq_3747,0,9.762658,2.9865913
One-hot,UMAP,seq_3748,0,9.673316,3.5576286
One-hot,UMAP,seq_3749,0,10.021494,2.089588
One-hot,UMAP,seq_3750,0,9.813553,3.3387759
One-hot,UMAP,seq_3751,0,9.6433115,3.6728022
One-hot,UMAP,seq_3752,0,9.526364,3.2690468
One-hot,UMAP,seq_3753,0,9.540604,3.0478547
One-hot,UMAP,seq_3754,0,9.424571,2.4407306
One-hot,UMAP,seq_3755,0,9.569164,3.0238185
One-hot,UMAP,seq_3756,0,9.698739,3.3950922
One-hot,UMAP,seq_3757,0,9.949322,3.4670117
One-hot,UMAP,seq_3758,0,9.410333,3.4711652
One-hot,UMAP,seq_3759,0,9.617988,3.451114
One-hot,UMAP,seq_3760,0,9.217745,3.0357113
One-hot,UMAP,seq_3761,0,9.409719,2.7577314
One-hot,UMAP,seq_3762,0,9.94459,3.2902687
One-hot,UMAP,seq_3763,0,9.454019,2.9379845
One-hot,UMAP,seq_3764,0,9.668931,3.6911633
One-hot,UMAP,seq_3765,0,9.932622,2.965573
One-hot,UMAP,seq_3766,0,9.326798,3.1393251
One-hot,UMAP,seq_3767,0,9.498724,3.1796384
One-hot,UMAP,seq_3768,0,9.377597,3.4279244
One-hot,UMAP,seq_3769,0,9.847803,3.4025223
One-hot,UMAP,seq_3770,0,9.744786,3.1087174
One-hot,UMAP,seq_3771,0,10.353863,3.2084134
One-hot,UMAP,seq_3772,0,9.433471,2.936659
One-hot,UMAP,seq_3773,0,9.755544,3.5277317
One-hot,UMAP,seq_3774,0,9.695266,3.5301502
One-hot,UMAP,seq_3775,0,9.9061775,3.148606
One-hot,UMAP,seq_3776,0,9.683728,3.2542586
One-hot,UMAP,seq_3777,0,10.056222,3.311604
One-hot,UMAP,seq_3778,0,10.065945,3.571331
One-hot,UMAP,seq_3779,0,9.5736885,3.2009394
One-hot,UMAP,seq_3780,0,9.905496,3.5763652
One-hot,UMAP,seq_3781,0,9.050798,3.217998
One-hot,UMAP,seq_3782,0,10.469695,3.6652558
One-hot,UMAP,seq_3783,0,9.608688,3.0132806
One-hot,UMAP,seq_3784,0,9.526702,3.484663
One-hot,UMAP,seq_3785,0,9.550542,2.8952072
One-hot,UMAP,seq_3786,0,10.162348,2.848937
One-hot,UMAP,seq_3787,0,9.133302,2.7629895
One-hot,UMAP,seq_3788,0,9.753041,3.1510687
One-hot,UMAP,seq_3789,0,9.590705,3.2408407
One-hot,UMAP,seq_3790,0,10.240613,3.2578437
One-hot,UMAP,seq_3791,0,9.847175,3.369345
One-hot,UMAP,seq_3792,0,9.443175,2.7994523
One-hot,UMAP,seq_3793,0,9.449192,3.6248085
One-hot,UMAP,seq_3794,0,9.25331,2.957316
One-hot,UMAP,seq_3795,0,9.872604,3.2693152
One-hot,UMAP,seq_3796,0,10.074993,3.270716
One-hot,UMAP,seq_3797,0,9.818333,2.5944304
One-hot,UMAP,seq_3798,0,9.7724285,3.1511712
One-hot,UMAP,seq_3799,0,10.106561,3.1246738
One-hot,UMAP,seq_3800,0,10.348291,3.543817
One-hot,UMAP,seq_3801,0,9.924406,3.5985956
One-hot,UMAP,seq_3802,0,10.171678,3.0329533
One-hot,UMAP,seq_3803,0,9.267452,3.2563283
One-hot,UMAP,seq_3804,0,9.200273,3.0211983
One-hot,UMAP,seq_3805,0,9.766639,3.45161
One-hot,UMAP,seq_3806,0,9.607966,3.1473103
One-hot,UMAP,seq_3807,0,9.879187,3.3186016
One-hot,UMAP,seq_3808,0,9.447089,3.0214033
One-hot,UMAP,seq_3809,0,9.746409,2.8579104
One-hot,UMAP,seq_3810,0,9.67407,2.7759001
One-hot,UMAP,seq_3811,0,9.707943,2.9027202
One-hot,UMAP,seq_3812,0,10.061283,3.0068355
One-hot,UMAP,seq_3813,0,9.670357,3.0390773
One-hot,UMAP,seq_3814,0,9.988122,2.9489036
One-hot,UMAP,seq_3815,0,9.552717,3.204853
One-hot,UMAP,seq_3816,0,9.36967,3.0838342
One-hot,UMAP,seq_3817,0,9.828767,3.2441702
One-hot,UMAP,seq_3818,0,9.556605,3.832391
One-hot,UMAP,seq_3819,0,10.116167,2.821724
One-hot,UMAP,seq_3820,0,9.815595,3.1102872
One-hot,UMAP,seq_3821,0,9.970992,3.3538256
One-hot,UMAP,seq_3822,0,10.431112,3.2313466
One-hot,UMAP,seq_3823,0,9.335208,3.3862596
One-hot,UMAP,seq_3824,0,9.780822,3.1401343
One-hot,UMAP,seq_3825,0,10.218468,3.0419266
One-hot,UMAP,seq_3826,0,9.476499,3.0228758
One-hot,UMAP,seq_3827,0,9.599523,2.9086761
One-hot,UMAP,seq_3828,0,9.75852,2.7509017
One-hot,UMAP,seq_3829,0,9.960873,3.293307
One-hot,UMAP,seq_3830,0,9.53054,2.9414008
One-hot,UMAP,seq_3831,0,9.838363,3.1049557
One-hot,UMAP,seq_3832,0,9.751368,3.0227196
One-hot,UMAP,seq_3833,0,10.020803,2.9666348
One-hot,UMAP,seq_3834,0,9.74788,3.1425016
One-hot,UMAP,seq_3835,0,9.836527,3.3093984
One-hot,UMAP,seq_3836,0,9.767278,3.257733
One-hot,UMAP,seq_3837,0,10.2958975,3.4425106
One-hot,UMAP,seq_3838,0,9.687832,3.166486
One-hot,UMAP,seq_3839,0,9.647671,3.5915372
One-hot,UMAP,seq_3840,0,9.560936,3.4533744
One-hot,UMAP,seq_3841,0,9.773903,3.2871962
One-hot,UMAP,seq_3842,0,9.607041,2.4443085
One-hot,UMAP,seq_3843,0,9.636652,3.4647634
One-hot,UMAP,seq_3844,0,9.664818,2.951543
One-hot,UMAP,seq_3845,0,9.446178,2.87683
One-hot,UMAP,seq_3846,0,9.5643215,3.194794
One-hot,UMAP,seq_3847,0,9.537856,2.6468346
One-hot,UMAP,seq_3848,0,10.203364,3.0197904
One-hot,UMAP,seq_3849,0,9.878757,2.5347164
One-hot,UMAP,seq_3850,0,9.770403,2.8665602
One-hot,UMAP,seq_3851,0,9.899061,2.2681663
One-hot,UMAP,seq_3852,0,9.600291,3.0043085
One-hot,UMAP,seq_3853,0,9.587599,2.9842546
One-hot,UMAP,seq_3854,0,9.674681,2.6883223
One-hot,UMAP,seq_3855,0,10.019612,2.9724908
One-hot,UMAP,seq_3856,0,10.067244,3.0657458
One-hot,UMAP,seq_3857,0,9.5085535,3.2929842
One-hot,UMAP,seq_3858,0,9.7124815,3.3476946
One-hot,UMAP,seq_3859,0,9.728453,1.9088417
One-hot,UMAP,seq_3860,0,9.434737,2.8694685
One-hot,UMAP,seq_3861,0,10.000747,2.5500233
One-hot,UMAP,seq_3862,0,9.599233,2.8694525
One-hot,UMAP,seq_3863,0,9.753915,2.7951643
One-hot,UMAP,seq_3864,0,10.106889,3.8054156
One-hot,UMAP,seq_3865,0,9.861514,2.8681445
One-hot,UMAP,seq_3866,0,10.119763,3.260132
One-hot,UMAP,seq_3867,0,9.637574,2.7783022
One-hot,UMAP,seq_3868,0,10.28679,3.1629508
One-hot,UMAP,seq_3869,0,10.234866,2.9394445
One-hot,UMAP,seq_3870,0,9.6515045,3.0513256
One-hot,UMAP,seq_3871,0,9.88186,3.1524584
One-hot,UMAP,seq_3872,0,9.914593,2.680428
One-hot,UMAP,seq_3873,0,9.2477865,2.6360126
One-hot,UMAP,seq_3874,0,10.199033,3.157476
One-hot,UMAP,seq_3875,0,9.535023,3.2789726
One-hot,UMAP,seq_3876,0,10.011352,3.0325747
One-hot,UMAP,seq_3877,0,9.966187,3.8626645
One-hot,UMAP,seq_3878,0,9.816554,2.8980067
One-hot,UMAP,seq_3879,0,9.456142,2.6395679
One-hot,UMAP,seq_3880,0,10.04144,3.064661
One-hot,UMAP,seq_3881,0,9.456121,2.6662495
One-hot,UMAP,seq_3882,0,9.5572605,2.858761
One-hot,UMAP,seq_3883,0,9.523258,2.6951938
One-hot,UMAP,seq_3884,0,9.888453,2.8603063
One-hot,UMAP,seq_3885,0,10.0053005,3.138808
One-hot,UMAP,seq_3886,0,9.624182,2.8012784
One-hot,UMAP,seq_3887,0,9.680162,2.140729
One-hot,UMAP,seq_3888,0,9.598488,2.73344
One-hot,UMAP,seq_3889,0,12.702974,3.4105222
One-hot,UMAP,seq_3890,0,9.70516,1.4869882
One-hot,UMAP,seq_3891,0,9.81773,4.103663
One-hot,UMAP,seq_3892,0,9.865308,2.8145666
One-hot,UMAP,seq_3893,0,9.909681,2.6427164
One-hot,UMAP,seq_3894,0,9.68439,2.8155594
One-hot,UMAP,seq_3895,0,9.50357,2.6777704
One-hot,UMAP,seq_3896,0,9.654836,2.5965748
One-hot,UMAP,seq_3897,0,9.672253,2.413754
One-hot,UMAP,seq_3898,0,10.010891,2.991818
One-hot,UMAP,seq_3899,0,10.192161,3.2470398
One-hot,UMAP,seq_3900,0,9.904699,2.799719
One-hot,UMAP,seq_3901,0,10.390429,3.3872895
One-hot,UMAP,seq_3902,0,9.769374,3.2723472
One-hot,UMAP,seq_3903,0,10.252205,3.093207
One-hot,UMAP,seq_3904,0,9.923915,1.7792815
One-hot,UMAP,seq_3905,0,9.850996,2.8804932
One-hot,UMAP,seq_3906,0,9.843283,2.6320078
One-hot,UMAP,seq_3907,0,12.509043,3.7200015
One-hot,UMAP,seq_3908,0,9.770629,2.803226
One-hot,UMAP,seq_3909,0,11.353525,4.8707843
One-hot,UMAP,seq_3910,0,9.836873,2.801711
One-hot,UMAP,seq_3911,0,12.436384,3.7875884
One-hot,UMAP,seq_3912,0,9.957707,3.1027856
One-hot,UMAP,seq_3913,0,9.979,2.7326791
One-hot,UMAP,seq_3914,0,9.960608,3.3574734
One-hot,UMAP,seq_3915,0,10.365601,2.9176311
One-hot,UMAP,seq_3916,0,10.191034,3.355934
One-hot,UMAP,seq_3917,0,10.084757,1.4722642
One-hot,UMAP,seq_3918,0,9.745429,2.9011698
One-hot,UMAP,seq_3919,0,9.825114,2.4027803
One-hot,UMAP,seq_3920,0,9.656269,2.630541
One-hot,UMAP,seq_3921,0,9.574846,1.9213487
One-hot,UMAP,seq_3922,0,10.075418,3.0382962
One-hot,UMAP,seq_3923,0,9.948288,2.5387602
One-hot,UMAP,seq_3924,0,9.664698,1.9459374
One-hot,UMAP,seq_3925,0,9.7233,2.2202473
One-hot,UMAP,seq_3926,0,12.544883,2.3570042
One-hot,UMAP,seq_3927,0,10.404258,3.2133868
One-hot,UMAP,seq_3928,0,9.847826,1.6414486
One-hot,UMAP,seq_3929,0,10.021366,1.7536523
One-hot,UMAP,seq_3930,0,10.296518,3.0727124
One-hot,UMAP,seq_3931,0,10.794028,3.2642674
One-hot,UMAP,seq_3932,0,9.844241,1.8117278
One-hot,UMAP,seq_3933,0,10.43807,1.5215797
One-hot,UMAP,seq_3934,0,11.804522,4.328091
One-hot,UMAP,seq_3935,0,9.830783,2.01582
One-hot,UMAP,seq_3936,0,9.99439,2.640736
One-hot,UMAP,seq_3937,0,10.453644,3.0578651
One-hot,UMAP,seq_3938,0,9.922105,2.852519
One-hot,UMAP,seq_3939,0,9.978448,2.473546
One-hot,UMAP,seq_3940,0,9.812116,2.4621305
One-hot,UMAP,seq_3941,0,9.920074,2.7616177
One-hot,UMAP,seq_3942,0,11.279577,4.3678894
One-hot,UMAP,seq_3943,0,10.3599615,2.9495764
One-hot,UMAP,seq_3944,0,11.352777,4.8830314
One-hot,UMAP,seq_3945,0,12.398932,3.0580328
One-hot,UMAP,seq_3946,0,10.319124,3.3611436
One-hot,UMAP,seq_3947,0,10.064357,3.0211828
One-hot,UMAP,seq_3948,0,10.019349,2.7434983
One-hot,UMAP,seq_3949,0,12.110323,4.190147
One-hot,UMAP,seq_3950,0,9.873853,2.0440938
One-hot,UMAP,seq_3951,0,10.136518,2.6373851
One-hot,UMAP,seq_3952,0,10.001183,2.235489
One-hot,UMAP,seq_3953,0,12.530451,3.4016197
One-hot,UMAP,seq_3954,0,10.253516,2.3226936
One-hot,UMAP,seq_3955,0,10.205376,2.8433893
One-hot,UMAP,seq_3956,0,9.975659,2.370402
One-hot,UMAP,seq_3957,0,10.314765,1.1955537
One-hot,UMAP,seq_3958,0,10.152306,3.324484
One-hot,UMAP,seq_3959,0,12.674805,2.955039
One-hot,UMAP,seq_3960,0,10.432727,2.8661864
One-hot,UMAP,seq_3961,0,10.091295,2.7199225
One-hot,UMAP,seq_3962,0,10.066689,2.5055935
One-hot,UMAP,seq_3963,0,10.784615,2.9852116
One-hot,UMAP,seq_3964,0,10.285673,3.0720482
One-hot,UMAP,seq_3965,0,9.792171,2.4570947
One-hot,UMAP,seq_3966,0,10.254053,2.999837
One-hot,UMAP,seq_3967,0,10.134911,2.1955874
One-hot,UMAP,seq_3968,0,10.178886,3.2009037
One-hot,UMAP,seq_3969,0,9.788676,2.4923997
One-hot,UMAP,seq_3970,0,10.2807865,2.5605297
One-hot,UMAP,seq_3971,0,9.903249,2.3926213
One-hot,UMAP,seq_3972,0,11.574831,3.3570194
One-hot,UMAP,seq_3973,0,10.3426485,3.2733016
One-hot,UMAP,seq_3974,0,9.826246,2.6627986
One-hot,UMAP,seq_3975,0,10.233369,3.2217739
One-hot,UMAP,seq_3976,0,9.931843,2.1723576
One-hot,UMAP,seq_3977,0,9.841441,1.9698633
One-hot,UMAP,seq_3978,0,9.947643,2.4865801
One-hot,UMAP,seq_3979,0,9.721028,2.0821288
One-hot,UMAP,seq_3980,0,9.971853,2.1957476
One-hot,UMAP,seq_3981,0,10.087673,2.7079153
One-hot,UMAP,seq_3982,0,9.852547,2.3308165
One-hot,UMAP,seq_3983,0,10.565479,3.1445415
One-hot,UMAP,seq_3984,0,10.297059,2.7414744
One-hot,UMAP,seq_3985,0,9.953894,3.0258005
One-hot,UMAP,seq_3986,0,11.677044,3.2623913
One-hot,UMAP,seq_3987,0,9.988146,3.15526
One-hot,UMAP,seq_3988,0,9.906752,2.2435577
One-hot,UMAP,seq_3989,0,10.159527,2.9514163
One-hot,UMAP,seq_3990,0,10.923978,4.3348737
One-hot,UMAP,seq_3991,0,11.505438,4.446595
One-hot,UMAP,seq_3992,0,10.644549,3.1514611
One-hot,UMAP,seq_3993,0,9.872084,2.5957084
One-hot,UMAP,seq_3994,0,10.04192,2.5570235
One-hot,UMAP,seq_3995,0,10.402151,3.3321323
One-hot,UMAP,seq_3996,0,10.176111,1.2383898
One-hot,UMAP,seq_3997,0,10.011441,3.4139287
One-hot,UMAP,seq_3998,0,9.976652,3.1650968
One-hot,UMAP,seq_3999,0,10.049739,2.475551
One-hot,UMAP,seq_4000,0,10.108972,1.6466264
One-hot,UMAP,seq_4001,0,9.798854,1.8194069
One-hot,UMAP,seq_4002,0,9.934075,2.0363934
One-hot,UMAP,seq_4003,0,9.896838,2.0675797
One-hot,UMAP,seq_4004,0,10.190925,2.5865638
One-hot,UMAP,seq_4005,0,9.893084,2.0152268
One-hot,UMAP,seq_4006,0,10.192119,2.3856492
One-hot,UMAP,seq_4007,0,9.982418,1.30513
One-hot,UMAP,seq_4008,0,10.502746,3.1385055
One-hot,UMAP,seq_4009,0,9.977532,2.407467
One-hot,UMAP,seq_4010,0,10.117225,3.0666955
One-hot,UMAP,seq_4011,0,10.144379,3.0367785
One-hot,UMAP,seq_4012,0,10.033269,2.4418595
One-hot,UMAP,seq_4013,0,10.578462,3.0023606
One-hot,UMAP,seq_4014,0,10.064525,1.8629391
One-hot,UMAP,seq_4015,0,9.820133,1.976832
One-hot,UMAP,seq_4016,0,10.13004,2.2857716
One-hot,UMAP,seq_4017,0,10.1033535,2.6511054
One-hot,UMAP,seq_4018,0,10.362222,2.897666
One-hot,UMAP,seq_4019,0,9.720971,2.3308725
One-hot,UMAP,seq_4020,0,10.185356,2.7213447
One-hot,UMAP,seq_4021,0,10.139337,2.6223924
One-hot,UMAP,seq_4022,0,10.065009,2.80812
One-hot,UMAP,seq_4023,0,9.8581295,2.6136909
One-hot,UMAP,seq_4024,0,10.315409,2.8307014
One-hot,UMAP,seq_4025,0,10.020914,2.7770967
One-hot,UMAP,seq_4026,0,10.066904,2.7769847
One-hot,UMAP,seq_4027,0,10.5494,3.3475993
One-hot,UMAP,seq_4028,0,10.815456,3.5986023
One-hot,UMAP,seq_4029,0,10.923185,3.308436
One-hot,UMAP,seq_4030,0,11.881879,2.645474
One-hot,UMAP,seq_4031,0,10.378947,1.2806736
One-hot,UMAP,seq_4032,0,9.937986,2.1512184
One-hot,UMAP,seq_4033,0,10.076843,2.6862833
One-hot,UMAP,seq_4034,0,12.355107,3.9421477
One-hot,UMAP,seq_4035,0,11.323346,4.674542
One-hot,UMAP,seq_4036,0,10.25182,1.3818163
One-hot,UMAP,seq_4037,0,10.629406,1.2491412
One-hot,UMAP,seq_4038,0,10.015555,2.7225378
One-hot,UMAP,seq_4039,0,10.024895,1.9035275
One-hot,UMAP,seq_4040,0,10.174762,2.4100034
One-hot,UMAP,seq_4041,0,10.117894,2.0891895
One-hot,UMAP,seq_4042,0,9.907268,1.5984101
One-hot,UMAP,seq_4043,0,10.19059,1.4005651
One-hot,UMAP,seq_4044,0,10.242844,2.046907
One-hot,UMAP,seq_4045,0,10.042354,1.5943322
One-hot,UMAP,seq_4046,0,10.092486,1.4910097
One-hot,UMAP,seq_4047,0,9.884405,1.7383107
One-hot,UMAP,seq_4048,0,10.263553,1.2505188
One-hot,UMAP,seq_4049,0,10.821982,0.85356486
One-hot,UMAP,seq_4050,0,11.124485,3.1037605
One-hot,UMAP,seq_4051,0,10.218919,2.045666
One-hot,UMAP,seq_4052,0,10.083693,2.3939843
One-hot,UMAP,seq_4053,0,10.358445,1.1705488
One-hot,UMAP,seq_4054,0,10.0222,2.0204167
One-hot,UMAP,seq_4055,0,10.496038,3.1702669
One-hot,UMAP,seq_4056,0,10.096885,1.9050202
One-hot,UMAP,seq_4057,0,10.087653,1.9521128
One-hot,UMAP,seq_4058,0,12.579813,1.9338026
One-hot,UMAP,seq_4059,0,10.772814,0.78313684
One-hot,UMAP,seq_4060,0,10.743453,3.4023817
One-hot,UMAP,seq_4061,0,10.383032,3.2033288
One-hot,UMAP,seq_4062,0,10.232277,1.8593014
One-hot,UMAP,seq_4063,0,10.238449,2.7172763
One-hot,UMAP,seq_4064,0,11.91658,1.9396576
One-hot,UMAP,seq_4065,0,12.602414,3.5280027
One-hot,UMAP,seq_4066,0,10.141656,2.2029605
One-hot,UMAP,seq_4067,0,10.257871,3.1572778
One-hot,UMAP,seq_4068,0,10.20689,2.3719962
One-hot,UMAP,seq_4069,0,11.201838,2.3114781
One-hot,UMAP,seq_4070,0,10.069621,2.3825848
One-hot,UMAP,seq_4071,0,12.741164,3.1088495
One-hot,UMAP,seq_4072,0,12.528926,1.9886724
One-hot,UMAP,seq_4073,0,10.782674,1.5998102
One-hot,UMAP,seq_4074,0,10.22098,1.3815023
One-hot,UMAP,seq_4075,0,10.556007,2.7524233
One-hot,UMAP,seq_4076,0,12.299792,3.0948527
One-hot,UMAP,seq_4077,0,10.426186,1.7109619
One-hot,UMAP,seq_4078,0,10.183425,2.183478
One-hot,UMAP,seq_4079,0,10.685138,1.2030778
One-hot,UMAP,seq_4080,0,9.998025,2.307751
One-hot,UMAP,seq_4081,0,11.813821,2.132329
One-hot,UMAP,seq_4082,0,11.017336,0.81623
One-hot,UMAP,seq_4083,0,10.664915,1.0826471
One-hot,UMAP,seq_4084,0,10.226133,1.5588422
One-hot,UMAP,seq_4085,0,10.475368,1.9022475
One-hot,UMAP,seq_4086,0,10.216542,2.7856674
One-hot,UMAP,seq_4087,0,10.414972,2.6352286
One-hot,UMAP,seq_4088,0,10.41764,0.7414555
One-hot,UMAP,seq_4089,0,11.20584,0.8769638
One-hot,UMAP,seq_4090,0,10.20795,3.1525745
One-hot,UMAP,seq_4091,0,11.6630745,1.4418396
One-hot,UMAP,seq_4092,0,10.442761,1.374593
One-hot,UMAP,seq_4093,0,10.296174,2.643429
One-hot,UMAP,seq_4094,0,10.203312,2.3966992
One-hot,UMAP,seq_4095,0,10.900126,1.1129525
One-hot,UMAP,seq_4096,0,10.207401,1.949564
One-hot,UMAP,seq_4097,0,10.181372,2.446173
One-hot,UMAP,seq_4098,0,12.618634,2.6785812
One-hot,UMAP,seq_4099,0,12.61308,2.35372
One-hot,UMAP,seq_4100,0,10.155166,1.687818
One-hot,UMAP,seq_4101,0,10.162768,2.2095869
One-hot,UMAP,seq_4102,0,10.797462,3.6210911
One-hot,UMAP,seq_4103,0,10.354749,1.8118271
One-hot,UMAP,seq_4104,0,10.11249,1.520445
One-hot,UMAP,seq_4105,0,10.213199,1.5672466
One-hot,UMAP,seq_4106,0,12.63658,2.0095696
One-hot,UMAP,seq_4107,0,10.640506,0.8624328
One-hot,UMAP,seq_4108,0,10.989958,1.2604921
One-hot,UMAP,seq_4109,0,12.041727,2.6263144
One-hot,UMAP,seq_4110,0,11.07271,2.976556
One-hot,UMAP,seq_4111,0,10.415499,1.7693009
One-hot,UMAP,seq_4112,0,10.405324,2.5924437
One-hot,UMAP,seq_4113,0,10.030358,1.6886554
One-hot,UMAP,seq_4114,0,10.108326,2.252773
One-hot,UMAP,seq_4115,0,12.300443,3.5395138
One-hot,UMAP,seq_4116,0,10.466262,2.914149
One-hot,UMAP,seq_4117,0,10.073111,2.2818055
One-hot,UMAP,seq_4118,0,10.337899,2.7485397
One-hot,UMAP,seq_4119,0,12.772708,2.320566
One-hot,UMAP,seq_4120,0,10.923984,4.325043
One-hot,UMAP,seq_4121,0,11.623124,4.212412
One-hot,UMAP,seq_4122,0,10.162299,3.1546822
One-hot,UMAP,seq_4123,0,10.149941,1.9369503
One-hot,UMAP,seq_4124,0,12.061735,0.9553068
One-hot,UMAP,seq_4125,0,10.31886,2.755871
One-hot,UMAP,seq_4126,0,12.287471,2.3762162
One-hot,UMAP,seq_4127,0,10.246396,1.9380088
One-hot,UMAP,seq_4128,0,10.442767,3.4386325
One-hot,UMAP,seq_4129,0,10.834891,3.011263
One-hot,UMAP,seq_4130,0,10.555062,1.4025681
One-hot,UMAP,seq_4131,0,11.439457,1.0089494
One-hot,UMAP,seq_4132,0,12.318781,1.3649037
One-hot,UMAP,seq_4133,0,10.155543,2.581791
One-hot,UMAP,seq_4134,0,10.196407,1.7656103
One-hot,UMAP,seq_4135,0,10.234938,1.8596082
One-hot,UMAP,seq_4136,0,10.288811,1.3702896
One-hot,UMAP,seq_4137,0,12.411315,2.5491385
One-hot,UMAP,seq_4138,0,10.490737,1.3707445
One-hot,UMAP,seq_4139,0,10.262265,1.3537458
One-hot,UMAP,seq_4140,0,10.19367,1.6212467
One-hot,UMAP,seq_4141,0,10.139197,2.489604
One-hot,UMAP,seq_4142,0,12.5693245,2.3721004
One-hot,UMAP,seq_4143,0,10.3109255,1.5230353
One-hot,UMAP,seq_4144,0,10.466334,2.4508448
One-hot,UMAP,seq_4145,0,10.790517,3.25862
One-hot,UMAP,seq_4146,0,11.068598,1.000715
One-hot,UMAP,seq_4147,0,12.52337,1.8326988
One-hot,UMAP,seq_4148,0,10.239945,1.7299601
One-hot,UMAP,seq_4149,0,12.609128,2.9153705
One-hot,UMAP,seq_4150,0,10.93876,1.3530306
One-hot,UMAP,seq_4151,0,11.238583,1.146438
One-hot,UMAP,seq_4152,0,10.724708,1.001569
One-hot,UMAP,seq_4153,0,11.993742,1.185517
One-hot,UMAP,seq_4154,0,10.292783,1.5042788
One-hot,UMAP,seq_4155,0,12.0744705,1.1031563
One-hot,UMAP,seq_4156,0,10.011052,1.8022279
One-hot,UMAP,seq_4157,0,11.49496,0.7321222
One-hot,UMAP,seq_4158,0,10.408168,1.2173096
One-hot,UMAP,seq_4159,0,11.476806,2.8948197
One-hot,UMAP,seq_4160,0,10.352851,1.2194263
One-hot,UMAP,seq_4161,0,10.487303,1.3348082
One-hot,UMAP,seq_4162,0,10.275929,2.4830973
One-hot,UMAP,seq_4163,0,10.18708,1.7538481
One-hot,UMAP,seq_4164,0,10.514903,1.313095
One-hot,UMAP,seq_4165,0,10.5346365,1.3808554
One-hot,UMAP,seq_4166,0,12.177129,2.027977
One-hot,UMAP,seq_4167,0,10.570983,1.4305142
One-hot,UMAP,seq_4168,0,10.633566,1.2357969
One-hot,UMAP,seq_4169,0,10.433431,2.4627392
One-hot,UMAP,seq_4170,0,10.214738,3.3176763
One-hot,UMAP,seq_4171,0,10.706479,3.640475
One-hot,UMAP,seq_4172,0,12.358762,1.4913954
One-hot,UMAP,seq_4173,0,10.892234,0.954605
One-hot,UMAP,seq_4174,0,10.781472,1.0144475
One-hot,UMAP,seq_4175,0,12.550975,2.7169025
One-hot,UMAP,seq_4176,0,12.527987,1.9248024
One-hot,UMAP,seq_4177,0,12.703878,2.1369977
One-hot,UMAP,seq_4178,0,11.422122,0.99564356
One-hot,UMAP,seq_4179,0,11.059786,0.86910707
One-hot,UMAP,seq_4180,0,12.375325,1.7082322
One-hot,UMAP,seq_4181,0,12.140706,1.3711292
One-hot,UMAP,seq_4182,0,10.547472,2.8743618
One-hot,UMAP,seq_4183,0,10.523426,0.9314613
One-hot,UMAP,seq_4184,0,11.201879,0.88304347
One-hot,UMAP,seq_4185,0,11.658887,0.8496049
One-hot,UMAP,seq_4186,0,12.179569,2.2763085
One-hot,UMAP,seq_4187,0,10.6153145,3.51672
One-hot,UMAP,seq_4188,0,10.935576,0.8789583
One-hot,UMAP,seq_4189,0,12.543063,1.5804272
One-hot,UMAP,seq_4190,0,10.412161,3.3339803
One-hot,UMAP,seq_4191,0,12.138048,1.5814579
One-hot,UMAP,seq_4192,0,12.539363,2.22302
One-hot,UMAP,seq_4193,0,12.214743,1.7755128
ProtT5-XL,UMAP,seq_1,1,0.18348795,12.543719
ProtT5-XL,UMAP,seq_2,1,1.2885686,10.647292
ProtT5-XL,UMAP,seq_3,1,7.5566535,3.8515017
ProtT5-XL,UMAP,seq_4,1,-0.531779,11.846668
ProtT5-XL,UMAP,seq_5,1,-0.64420944,13.598435
ProtT5-XL,UMAP,seq_6,1,-0.47631848,12.262831
ProtT5-XL,UMAP,seq_7,1,-0.4785882,12.302946
ProtT5-XL,UMAP,seq_8,1,-0.6577241,13.644308
ProtT5-XL,UMAP,seq_9,1,-0.36865672,12.345822
ProtT5-XL,UMAP,seq_10,1,-0.4474777,11.886085
ProtT5-XL,UMAP,seq_11,1,-0.42521074,12.307678
ProtT5-XL,UMAP,seq_12,1,-0.61219686,12.882646
ProtT5-XL,UMAP,seq_13,1,0.3294444,11.661026
ProtT5-XL,UMAP,seq_14,1,-0.8176255,12.040458
ProtT5-XL,UMAP,seq_15,1,-1.4935671,11.7969475
ProtT5-XL,UMAP,seq_16,1,1.020703,10.588768
ProtT5-XL,UMAP,seq_17,1,1.0078036,10.56303
ProtT5-XL,UMAP,seq_18,1,1.2330719,10.601483
ProtT5-XL,UMAP,seq_19,1,1.2657812,10.603685
ProtT5-XL,UMAP,seq_20,1,1.2483623,10.599507
ProtT5-XL,UMAP,seq_21,1,-0.3165891,12.232303
ProtT5-XL,UMAP,seq_22,1,0.17534433,11.693611
ProtT5-XL,UMAP,seq_23,1,-0.44660765,12.279524
ProtT5-XL,UMAP,seq_24,1,-0.35063988,12.380165
ProtT5-XL,UMAP,seq_25,1,4.647583,8.996282
ProtT5-XL,UMAP,seq_26,1,3.942831,1.5391338
ProtT5-XL,UMAP,seq_27,1,3.9297025,1.5607117
ProtT5-XL,UMAP,seq_28,1,1.3174038,10.644178
ProtT5-XL,UMAP,seq_29,1,-0.92156494,12.022753
ProtT5-XL,UMAP,seq_30,1,3.2809157,0.049639832
ProtT5-XL,UMAP,seq_31,1,1.1999918,-0.72577906
ProtT5-XL,UMAP,seq_32,1,7.5653725,3.8622253
ProtT5-XL,UMAP,seq_33,1,-0.7756572,12.06828
ProtT5-XL,UMAP,seq_34,1,3.1732512,-1.0301255
ProtT5-XL,UMAP,seq_35,1,3.380023,0.05110212
ProtT5-XL,UMAP,seq_36,1,2.33848,-2.3839025
ProtT5-XL,UMAP,seq_37,1,4.663692,9.015864
ProtT5-XL,UMAP,seq_38,1,-0.024336483,4.7894087
ProtT5-XL,UMAP,seq_39,1,1.287123,10.643382
ProtT5-XL,UMAP,seq_40,1,3.196347,-0.6162721
ProtT5-XL,UMAP,seq_41,1,-0.4704324,12.310656
ProtT5-XL,UMAP,seq_42,1,-0.49503598,12.3083725
ProtT5-XL,UMAP,seq_43,1,-0.4791047,11.859711
ProtT5-XL,UMAP,seq_44,1,-0.4557549,11.815925
ProtT5-XL,UMAP,seq_45,1,8.729824,4.5742645
ProtT5-XL,UMAP,seq_46,1,8.752746,4.6041536
ProtT5-XL,UMAP,seq_47,1,8.747589,4.568097
ProtT5-XL,UMAP,seq_48,1,8.738015,4.5705085
ProtT5-XL,UMAP,seq_49,1,8.711329,4.5555897
ProtT5-XL,UMAP,seq_50,1,-0.33054265,11.825704
ProtT5-XL,UMAP,seq_51,1,4.6637955,9.014688
ProtT5-XL,UMAP,seq_52,1,1.978931,10.693431
ProtT5-XL,UMAP,seq_53,1,1.9707351,10.65101
ProtT5-XL,UMAP,seq_54,1,1.8320683,10.656498
ProtT5-XL,UMAP,seq_55,1,1.9741273,10.653076
ProtT5-XL,UMAP,seq_56,1,1.843951,10.623588
ProtT5-XL,UMAP,seq_57,1,1.4974594,10.655363
ProtT5-XL,UMAP,seq_58,1,2.0222511,10.636824
ProtT5-XL,UMAP,seq_59,1,1.9583107,10.629434
ProtT5-XL,UMAP,seq_60,1,2.1325185,10.745596
ProtT5-XL,UMAP,seq_61,1,1.7588391,10.653064
ProtT5-XL,UMAP,seq_62,1,2.103406,10.71054
ProtT5-XL,UMAP,seq_63,1,1.9549878,10.625363
ProtT5-XL,UMAP,seq_64,1,1.9159517,10.6389265
ProtT5-XL,UMAP,seq_65,1,2.0480256,10.68242
ProtT5-XL,UMAP,seq_66,1,2.0176532,10.637205
ProtT5-XL,UMAP,seq_67,1,1.9494258,10.682048
ProtT5-XL,UMAP,seq_68,1,2.093451,10.7172
ProtT5-XL,UMAP,seq_69,1,2.0596974,10.674662
ProtT5-XL,UMAP,seq_70,1,2.1110702,10.720029
ProtT5-XL,UMAP,seq_71,1,2.1024282,10.725506
ProtT5-XL,UMAP,seq_72,1,2.110456,10.715033
ProtT5-XL,UMAP,seq_73,1,1.9814817,10.6590605
ProtT5-XL,UMAP,seq_74,1,2.0115643,10.661239
ProtT5-XL,UMAP,seq_75,1,1.9822019,10.678206
ProtT5-XL,UMAP,seq_76,1,2.1780314,10.800577
ProtT5-XL,UMAP,seq_77,1,1.8817645,10.637856
ProtT5-XL,UMAP,seq_78,1,2.0487297,10.660222
ProtT5-XL,UMAP,seq_79,1,1.9119972,10.645135
ProtT5-XL,UMAP,seq_80,1,2.0972652,10.672701
ProtT5-XL,UMAP,seq_81,1,1.9405075,10.627529
ProtT5-XL,UMAP,seq_82,1,1.7793565,10.599263
ProtT5-XL,UMAP,seq_83,1,2.0052552,10.691796
ProtT5-XL,UMAP,seq_84,1,2.1721036,10.806997
ProtT5-XL,UMAP,seq_85,1,1.805505,10.622392
ProtT5-XL,UMAP,seq_86,1,1.9734427,10.643412
ProtT5-XL,UMAP,seq_87,1,2.0446262,10.688626
ProtT5-XL,UMAP,seq_88,1,2.108066,10.718679
ProtT5-XL,UMAP,seq_89,1,1.9818368,10.725845
ProtT5-XL,UMAP,seq_90,1,1.9722971,10.628074
ProtT5-XL,UMAP,seq_91,1,3.107831,-0.68107146
ProtT5-XL,UMAP,seq_92,1,-3.6926858,0.3022919
ProtT5-XL,UMAP,seq_93,1,0.73017955,10.836103
ProtT5-XL,UMAP,seq_94,1,-4.5211644,8.999509
ProtT5-XL,UMAP,seq_95,1,2.297543,4.3419247
ProtT5-XL,UMAP,seq_96,1,2.3057506,4.314253
ProtT5-XL,UMAP,seq_97,1,2.0740433,4.5466743
ProtT5-XL,UMAP,seq_98,1,1.903661,1.9836324
ProtT5-XL,UMAP,seq_99,1,2.3063383,4.3100834
ProtT5-XL,UMAP,seq_100,1,2.3178227,4.340194
ProtT5-XL,UMAP,seq_101,1,2.0063963,4.4909
ProtT5-XL,UMAP,seq_102,1,3.6115987,1.1308061
ProtT5-XL,UMAP,seq_103,1,4.024915,1.5559965
ProtT5-XL,UMAP,seq_104,1,13.410674,-1.1953222
ProtT5-XL,UMAP,seq_105,1,13.402611,-1.1893055
ProtT5-XL,UMAP,seq_106,1,13.417521,-1.200305
ProtT5-XL,UMAP,seq_107,1,13.418198,-1.2018954
ProtT5-XL,UMAP,seq_108,1,1.8592349,4.5491467
ProtT5-XL,UMAP,seq_109,1,-5.533921,6.100918
ProtT5-XL,UMAP,seq_110,1,0.016984198,-5.877282
ProtT5-XL,UMAP,seq_111,1,0.003772853,-5.8673596
ProtT5-XL,UMAP,seq_112,1,0.6957935,3.9208221
ProtT5-XL,UMAP,seq_113,1,1.1241713,10.581649
ProtT5-XL,UMAP,seq_114,1,4.6547713,9.01398
ProtT5-XL,UMAP,seq_115,1,1.9805108,3.8930516
ProtT5-XL,UMAP,seq_116,1,1.6536468,3.3098223
ProtT5-XL,UMAP,seq_117,1,0.80594414,3.02806
ProtT5-XL,UMAP,seq_118,1,0.8208714,3.0537229
ProtT5-XL,UMAP,seq_119,1,1.9761083,3.9035242
ProtT5-XL,UMAP,seq_120,1,2.0106378,4.5309973
ProtT5-XL,UMAP,seq_121,1,2.0075102,3.9164836
ProtT5-XL,UMAP,seq_122,1,2.2480102,4.3890615
ProtT5-XL,UMAP,seq_123,1,1.5494465,5.2477837
ProtT5-XL,UMAP,seq_124,1,1.5438764,5.2712955
ProtT5-XL,UMAP,seq_125,1,1.9161419,4.55391
ProtT5-XL,UMAP,seq_126,1,2.2851284,4.342254
ProtT5-XL,UMAP,seq_127,1,-2.553796,4.946406
ProtT5-XL,UMAP,seq_128,1,13.416388,-1.201209
ProtT5-XL,UMAP,seq_129,1,1.9639345,3.8817027
ProtT5-XL,UMAP,seq_130,1,1.556031,5.254886
ProtT5-XL,UMAP,seq_131,1,1.5733289,5.2668276
ProtT5-XL,UMAP,seq_132,1,1.8379827,1.9987074
ProtT5-XL,UMAP,seq_133,1,4.0619946,0.76369
ProtT5-XL,UMAP,seq_134,1,13.417592,-1.2024647
ProtT5-XL,UMAP,seq_135,1,1.9430344,4.5011945
ProtT5-XL,UMAP,seq_136,1,3.9038486,1.4891256
ProtT5-XL,UMAP,seq_137,1,-0.67686695,3.6184144
ProtT5-XL,UMAP,seq_138,1,3.1260526,2.4452226
ProtT5-XL,UMAP,seq_139,1,1.1129164,1.7072686
ProtT5-XL,UMAP,seq_140,1,1.1155998,1.7085395
ProtT5-XL,UMAP,seq_141,1,3.3247182,-0.8345022
ProtT5-XL,UMAP,seq_142,1,0.60651374,0.5253146
ProtT5-XL,UMAP,seq_143,1,4.039014,0.54042315
ProtT5-XL,UMAP,seq_144,1,1.8028129,4.2725472
ProtT5-XL,UMAP,seq_145,1,1.937382,4.558393
ProtT5-XL,UMAP,seq_146,1,1.9142783,4.5605264
ProtT5-XL,UMAP,seq_147,1,1.5936427,0.47651398
ProtT5-XL,UMAP,seq_148,1,0.69324875,3.5388086
ProtT5-XL,UMAP,seq_149,1,0.67796326,5.7184668
ProtT5-XL,UMAP,seq_150,1,1.6003935,4.474581
ProtT5-XL,UMAP,seq_151,1,-0.10757166,3.5179007
ProtT5-XL,UMAP,seq_152,1,9.332631,4.1286383
ProtT5-XL,UMAP,seq_153,1,11.724084,5.609125
ProtT5-XL,UMAP,seq_154,1,11.726247,5.612765
ProtT5-XL,UMAP,seq_155,1,0.21555626,3.6187203
ProtT5-XL,UMAP,seq_156,1,3.374527,-0.7364728
ProtT5-XL,UMAP,seq_157,1,0.5395632,2.6722224
ProtT5-XL,UMAP,seq_158,1,1.8867722,2.0015068
ProtT5-XL,UMAP,seq_159,1,-0.052721255,-5.739356
ProtT5-XL,UMAP,seq_160,1,-0.047261495,-5.733017
ProtT5-XL,UMAP,seq_161,1,-0.061234176,-5.834979
ProtT5-XL,UMAP,seq_162,1,1.1093644,2.736677
ProtT5-XL,UMAP,seq_163,1,0.17284846,11.884252
ProtT5-XL,UMAP,seq_164,1,-0.50860286,11.725282
ProtT5-XL,UMAP,seq_165,1,-0.4124436,12.321739
ProtT5-XL,UMAP,seq_166,1,9.509442,5.244603
ProtT5-XL,UMAP,seq_167,1,0.45977047,2.4708478
ProtT5-XL,UMAP,seq_168,1,3.2841144,-0.034011126
ProtT5-XL,UMAP,seq_169,1,-0.12632984,3.683854
ProtT5-XL,UMAP,seq_170,1,9.473178,5.211918
ProtT5-XL,UMAP,seq_171,1,9.461771,5.199094
ProtT5-XL,UMAP,seq_172,1,9.457231,5.1919627
ProtT5-XL,UMAP,seq_173,1,9.448352,5.218652
ProtT5-XL,UMAP,seq_174,1,9.438686,5.183243
ProtT5-XL,UMAP,seq_175,1,9.451504,5.200661
ProtT5-XL,UMAP,seq_176,1,2.4321356,4.3636065
ProtT5-XL,UMAP,seq_177,1,3.1359768,2.555775
ProtT5-XL,UMAP,seq_178,1,-2.189932,5.6163893
ProtT5-XL,UMAP,seq_179,1,-5.598607,6.1661983
ProtT5-XL,UMAP,seq_180,1,-0.3561289,5.6238556
ProtT5-XL,UMAP,seq_181,1,1.0141864,4.2232885
ProtT5-XL,UMAP,seq_182,1,-1.6331649,2.8839912
ProtT5-XL,UMAP,seq_183,1,3.421306,-0.69816184
ProtT5-XL,UMAP,seq_184,1,3.5753257,1.118674
ProtT5-XL,UMAP,seq_185,1,-0.09427475,4.814383
ProtT5-XL,UMAP,seq_186,1,3.5137446,1.0250837
ProtT5-XL,UMAP,seq_187,1,3.5830753,1.1468655
ProtT5-XL,UMAP,seq_188,1,3.5916572,1.0709566
ProtT5-XL,UMAP,seq_189,1,2.5664976,-1.8922026
ProtT5-XL,UMAP,seq_190,1,3.5810308,1.0223242
ProtT5-XL,UMAP,seq_191,1,4.077247,0.67388505
ProtT5-XL,UMAP,seq_192,1,3.286651,-0.9008548
ProtT5-XL,UMAP,seq_193,1,3.4330442,-0.71825963
ProtT5-XL,UMAP,seq_194,1,3.3604407,-0.7397753
ProtT5-XL,UMAP,seq_195,1,0.29241183,12.220301
ProtT5-XL,UMAP,seq_196,1,2.1972647,3.9607491
ProtT5-XL,UMAP,seq_197,1,1.7316171,4.344519
ProtT5-XL,UMAP,seq_198,1,3.4423609,-0.6012821
ProtT5-XL,UMAP,seq_199,1,3.227661,-0.99812335
ProtT5-XL,UMAP,seq_200,1,2.3713849,4.4399967
ProtT5-XL,UMAP,seq_201,1,-3.1557374,6.176954
ProtT5-XL,UMAP,seq_202,1,-3.1548276,6.173214
ProtT5-XL,UMAP,seq_203,1,-3.1728375,6.1876493
ProtT5-XL,UMAP,seq_204,1,-3.1609693,6.1922784
ProtT5-XL,UMAP,seq_205,1,3.9258873,1.4896744
ProtT5-XL,UMAP,seq_206,1,3.9031584,1.4856263
ProtT5-XL,UMAP,seq_207,1,3.9431093,1.5288349
ProtT5-XL,UMAP,seq_208,1,3.9689841,1.5592736
ProtT5-XL,UMAP,seq_209,1,3.9314277,1.5839218
ProtT5-XL,UMAP,seq_210,1,13.417054,-1.2021612
ProtT5-XL,UMAP,seq_211,1,0.43088865,0.4969348
ProtT5-XL,UMAP,seq_212,1,1.9038223,4.5685587
ProtT5-XL,UMAP,seq_213,1,3.357815,-0.8118785
ProtT5-XL,UMAP,seq_214,1,1.1943431,2.5413926
ProtT5-XL,UMAP,seq_215,1,1.1550581,2.5585563
ProtT5-XL,UMAP,seq_216,1,0.870556,3.0606148
ProtT5-XL,UMAP,seq_217,1,13.417104,-1.2020102
ProtT5-XL,UMAP,seq_218,1,13.417873,-1.2027059
ProtT5-XL,UMAP,seq_219,1,-0.1997974,-0.98707396
ProtT5-XL,UMAP,seq_220,1,1.9696102,4.496208
ProtT5-XL,UMAP,seq_221,1,0.059329595,2.875925
ProtT5-XL,UMAP,seq_222,1,0.6753867,5.697026
ProtT5-XL,UMAP,seq_223,1,-5.5497594,6.1231136
ProtT5-XL,UMAP,seq_224,1,3.3327453,-0.7849753
ProtT5-XL,UMAP,seq_225,1,9.475395,5.205628
ProtT5-XL,UMAP,seq_226,1,9.437268,5.1767683
ProtT5-XL,UMAP,seq_227,1,9.492407,5.2262435
ProtT5-XL,UMAP,seq_228,1,9.4767,5.199469
ProtT5-XL,UMAP,seq_229,1,9.479703,5.213487
ProtT5-XL,UMAP,seq_230,1,9.477801,5.2104883
ProtT5-XL,UMAP,seq_231,1,9.467596,5.19752
ProtT5-XL,UMAP,seq_232,1,9.425795,5.169463
ProtT5-XL,UMAP,seq_233,1,9.462494,5.2019453
ProtT5-XL,UMAP,seq_234,1,9.474309,5.209462
ProtT5-XL,UMAP,seq_235,1,-0.013949249,-5.849523
ProtT5-XL,UMAP,seq_236,1,9.52279,5.257646
ProtT5-XL,UMAP,seq_237,1,1.8857288,4.557331
ProtT5-XL,UMAP,seq_238,1,1.8440382,4.4953375
ProtT5-XL,UMAP,seq_239,1,3.4033008,-0.7369379
ProtT5-XL,UMAP,seq_240,1,9.500828,5.2343216
ProtT5-XL,UMAP,seq_241,1,2.5553174,-1.8839227
ProtT5-XL,UMAP,seq_242,1,13.4168005,-1.201439
ProtT5-XL,UMAP,seq_243,1,1.2192274,0.987482
ProtT5-XL,UMAP,seq_244,1,0.7069215,3.7471416
ProtT5-XL,UMAP,seq_245,1,0.72296643,3.6591642
ProtT5-XL,UMAP,seq_246,1,3.5633028,0.55107284
ProtT5-XL,UMAP,seq_247,1,0.49682558,11.44998
ProtT5-XL,UMAP,seq_248,1,0.27486765,11.77931
ProtT5-XL,UMAP,seq_249,1,-1.3426846,11.638892
ProtT5-XL,UMAP,seq_250,1,0.09255703,11.894863
ProtT5-XL,UMAP,seq_251,1,-0.33474925,12.355937
ProtT5-XL,UMAP,seq_252,1,0.25338596,11.72251
ProtT5-XL,UMAP,seq_253,1,3.4743183,1.014684
ProtT5-XL,UMAP,seq_254,1,4.2834487,-1.5193399
ProtT5-XL,UMAP,seq_255,1,4.2793636,-1.5245528
ProtT5-XL,UMAP,seq_256,1,1.0945504,1.7408837
ProtT5-XL,UMAP,seq_257,1,2.2906978,4.1035757
ProtT5-XL,UMAP,seq_258,1,2.2933898,4.111041
ProtT5-XL,UMAP,seq_259,1,9.455849,5.143243
ProtT5-XL,UMAP,seq_260,1,2.3033156,4.137139
ProtT5-XL,UMAP,seq_261,1,-5.55278,6.121073
ProtT5-XL,UMAP,seq_262,1,-3.2665634,5.640627
ProtT5-XL,UMAP,seq_263,1,-3.2757163,5.616205
ProtT5-XL,UMAP,seq_264,1,-3.285266,5.6447277
ProtT5-XL,UMAP,seq_265,1,0.99845093,4.2568135
ProtT5-XL,UMAP,seq_266,1,2.5942698,-1.7983847
ProtT5-XL,UMAP,seq_267,1,2.2134311,-2.3630326
ProtT5-XL,UMAP,seq_268,1,2.2530286,-2.3859959
ProtT5-XL,UMAP,seq_269,1,4.65061,9.000909
ProtT5-XL,UMAP,seq_270,1,-1.8268226,2.6523604
ProtT5-XL,UMAP,seq_271,1,1.8319467,10.656367
ProtT5-XL,UMAP,seq_272,1,1.3655506,2.9022465
ProtT5-XL,UMAP,seq_273,1,3.799284,0.026808055
ProtT5-XL,UMAP,seq_274,1,-0.06083256,-5.772692
ProtT5-XL,UMAP,seq_275,1,1.5214134,5.1259627
ProtT5-XL,UMAP,seq_276,1,0.68214655,3.7442136
ProtT5-XL,UMAP,seq_277,1,-0.17805798,-0.59088695
ProtT5-XL,UMAP,seq_278,1,2.209844,4.0037866
ProtT5-XL,UMAP,seq_279,1,2.1829112,3.9607773
ProtT5-XL,UMAP,seq_280,1,1.4417446,5.0069494
ProtT5-XL,UMAP,seq_281,1,2.4786613,-2.0746965
ProtT5-XL,UMAP,seq_282,1,2.3008096,4.1135416
ProtT5-XL,UMAP,seq_283,1,1.3905137,2.9693654
ProtT5-XL,UMAP,seq_284,1,2.2850003,-2.3012092
ProtT5-XL,UMAP,seq_285,1,1.9630536,3.8827808
ProtT5-XL,UMAP,seq_286,1,1.9213785,3.851592
ProtT5-XL,UMAP,seq_287,1,7.571307,3.8843825
ProtT5-XL,UMAP,seq_288,1,-0.40827328,7.5203156
ProtT5-XL,UMAP,seq_289,1,-0.4068643,7.5135865
ProtT5-XL,UMAP,seq_290,1,-0.40104395,7.5240955
ProtT5-XL,UMAP,seq_291,1,-0.35640445,7.574365
ProtT5-XL,UMAP,seq_292,1,-0.37646508,7.5590477
ProtT5-XL,UMAP,seq_293,1,-4.4973307,8.971878
ProtT5-XL,UMAP,seq_294,1,-4.5232887,8.998537
ProtT5-XL,UMAP,seq_295,1,8.811018,4.6699033
ProtT5-XL,UMAP,seq_296,1,8.826646,4.731658
ProtT5-XL,UMAP,seq_297,1,0.39592105,11.558768
ProtT5-XL,UMAP,seq_298,1,0.3826205,11.563269
ProtT5-XL,UMAP,seq_299,1,3.989355,0.47624156
ProtT5-XL,UMAP,seq_300,1,-2.2467887,6.310176
ProtT5-XL,UMAP,seq_301,1,-2.2335217,6.265492
ProtT5-XL,UMAP,seq_302,1,-2.233377,6.3072243
ProtT5-XL,UMAP,seq_303,1,2.1241322,1.957578
ProtT5-XL,UMAP,seq_304,1,7.549427,3.8555284
ProtT5-XL,UMAP,seq_305,1,0.6662213,3.8482273
ProtT5-XL,UMAP,seq_306,1,3.7720962,0.6436205
ProtT5-XL,UMAP,seq_307,1,4.0260572,0.6991999
ProtT5-XL,UMAP,seq_308,1,0.061281864,11.038849
ProtT5-XL,UMAP,seq_309,1,0.049353383,11.011627
ProtT5-XL,UMAP,seq_310,1,4.1528654,1.7341849
ProtT5-XL,UMAP,seq_311,1,-1.3974396,2.496863
ProtT5-XL,UMAP,seq_312,1,-0.374804,12.284564
ProtT5-XL,UMAP,seq_313,1,-0.6842181,13.83462
ProtT5-XL,UMAP,seq_314,1,4.051843,1.6544693
ProtT5-XL,UMAP,seq_315,1,3.4271781,0.9760502
ProtT5-XL,UMAP,seq_316,1,0.9546411,10.5446
ProtT5-XL,UMAP,seq_317,1,1.9319276,0.88186216
ProtT5-XL,UMAP,seq_318,1,0.011063856,4.2121596
ProtT5-XL,UMAP,seq_319,1,0.2711187,11.664626
ProtT5-XL,UMAP,seq_320,1,3.5430896,0.5398386
ProtT5-XL,UMAP,seq_321,1,-1.5644431,11.857227
ProtT5-XL,UMAP,seq_322,1,0.29721558,11.636385
ProtT5-XL,UMAP,seq_323,1,3.9774003,0.45531037
ProtT5-XL,UMAP,seq_324,1,3.5370321,0.5111836
ProtT5-XL,UMAP,seq_325,1,11.709311,5.5928893
ProtT5-XL,UMAP,seq_326,1,11.711931,5.6024013
ProtT5-XL,UMAP,seq_327,1,11.729745,5.6118007
ProtT5-XL,UMAP,seq_328,1,2.399256,4.4343753
ProtT5-XL,UMAP,seq_329,1,2.3663297,4.4298906
ProtT5-XL,UMAP,seq_330,1,2.3895533,4.439843
ProtT5-XL,UMAP,seq_331,1,11.732641,5.6043463
ProtT5-XL,UMAP,seq_332,1,0.08076936,2.7332766
ProtT5-XL,UMAP,seq_333,1,0.9870672,4.224196
ProtT5-XL,UMAP,seq_334,1,0.9752071,4.218928
ProtT5-XL,UMAP,seq_335,1,1.2376789,10.637505
ProtT5-XL,UMAP,seq_336,1,1.1498238,10.639326
ProtT5-XL,UMAP,seq_337,1,1.9358746,3.854854
ProtT5-XL,UMAP,seq_338,1,1.9302455,3.872732
ProtT5-XL,UMAP,seq_339,1,3.8774145,0.13882455
ProtT5-XL,UMAP,seq_340,1,-1.3125418,5.076388
ProtT5-XL,UMAP,seq_341,1,-1.2846037,5.0986834
ProtT5-XL,UMAP,seq_342,1,-1.2937105,5.0482025
ProtT5-XL,UMAP,seq_343,1,1.0317365,10.563372
ProtT5-XL,UMAP,seq_344,1,1.5559329,5.2549605
ProtT5-XL,UMAP,seq_345,1,-2.4279807,5.1986294
ProtT5-XL,UMAP,seq_346,1,1.0039586,10.568461
ProtT5-XL,UMAP,seq_347,1,0.9565686,10.584549
ProtT5-XL,UMAP,seq_348,1,0.9768664,10.536388
ProtT5-XL,UMAP,seq_349,1,2.4381428,-2.1170201
ProtT5-XL,UMAP,seq_350,1,0.27555686,3.6061082
ProtT5-XL,UMAP,seq_351,1,4.665229,9.019132
ProtT5-XL,UMAP,seq_352,1,3.9869766,0.48323318
ProtT5-XL,UMAP,seq_353,1,1.0081788,10.556713
ProtT5-XL,UMAP,seq_354,1,-0.045895725,-5.773641
ProtT5-XL,UMAP,seq_355,1,9.365449,5.1038036
ProtT5-XL,UMAP,seq_356,1,1.4940379,3.5495481
ProtT5-XL,UMAP,seq_357,1,3.6942854,0.49931434
ProtT5-XL,UMAP,seq_358,1,0.24947411,11.7314005
ProtT5-XL,UMAP,seq_359,1,0.22963794,11.726943
ProtT5-XL,UMAP,seq_360,1,1.5128976,3.5374992
ProtT5-XL,UMAP,seq_361,1,-0.4102295,-0.65008247
ProtT5-XL,UMAP,seq_362,1,-0.20186238,12.073559
ProtT5-XL,UMAP,seq_363,1,0.26240918,11.744445
ProtT5-XL,UMAP,seq_364,1,-0.3767945,12.222354
ProtT5-XL,UMAP,seq_365,1,-0.26530018,12.18488
ProtT5-XL,UMAP,seq_366,1,-0.324704,12.377138
ProtT5-XL,UMAP,seq_367,1,0.24812467,11.766232
ProtT5-XL,UMAP,seq_368,1,-0.28863987,12.388543
ProtT5-XL,UMAP,seq_369,1,0.24172151,11.807622
ProtT5-XL,UMAP,seq_370,1,0.24746327,11.761354
ProtT5-XL,UMAP,seq_371,1,-0.20973748,12.189497
ProtT5-XL,UMAP,seq_372,1,-0.36845502,-0.4616489
ProtT5-XL,UMAP,seq_373,1,7.555647,4.3246136
ProtT5-XL,UMAP,seq_374,1,7.5581684,4.3282723
ProtT5-XL,UMAP,seq_375,1,0.215266,12.505896
ProtT5-XL,UMAP,seq_376,1,0.24741872,4.2287416
ProtT5-XL,UMAP,seq_377,1,3.382756,-0.66416425
ProtT5-XL,UMAP,seq_378,1,8.068745,4.490659
ProtT5-XL,UMAP,seq_379,1,-0.60515845,2.60681
ProtT5-XL,UMAP,seq_380,1,-1.1950569,2.5802846
ProtT5-XL,UMAP,seq_381,1,7.5406575,3.8687544
ProtT5-XL,UMAP,seq_382,1,4.0510893,0.64236903
ProtT5-XL,UMAP,seq_383,1,4.06828,0.6945982
ProtT5-XL,UMAP,seq_384,1,4.0671973,0.80529404
ProtT5-XL,UMAP,seq_385,1,2.2161047,-2.4087663
ProtT5-XL,UMAP,seq_386,1,7.44172,4.2673845
ProtT5-XL,UMAP,seq_387,1,8.530418,4.5587616
ProtT5-XL,UMAP,seq_388,1,8.580992,4.568428
ProtT5-XL,UMAP,seq_389,1,0.6992549,2.29616
ProtT5-XL,UMAP,seq_390,1,-4.5203977,8.998495
ProtT5-XL,UMAP,seq_391,1,-4.5208163,8.998179
ProtT5-XL,UMAP,seq_392,1,9.515755,5.208952
ProtT5-XL,UMAP,seq_393,1,8.745853,4.5785766
ProtT5-XL,UMAP,seq_394,1,2.2501378,-2.3587399
ProtT5-XL,UMAP,seq_395,1,0.003959155,-1.1360604
ProtT5-XL,UMAP,seq_396,1,0.5919381,3.3276212
ProtT5-XL,UMAP,seq_397,1,4.273345,-1.4906698
ProtT5-XL,UMAP,seq_398,1,4.2651978,-1.5129116
ProtT5-XL,UMAP,seq_399,1,7.5916595,3.9043295
ProtT5-XL,UMAP,seq_400,1,4.2416434,-1.5100662
ProtT5-XL,UMAP,seq_401,1,4.246462,-1.5104202
ProtT5-XL,UMAP,seq_402,1,4.2793283,-1.5329604
ProtT5-XL,UMAP,seq_403,1,4.253652,-1.5127391
ProtT5-XL,UMAP,seq_404,1,4.245347,-1.5074422
ProtT5-XL,UMAP,seq_405,1,4.265808,-1.5075904
ProtT5-XL,UMAP,seq_406,1,4.2775526,-1.5274649
ProtT5-XL,UMAP,seq_407,1,0.61490864,3.3299415
ProtT5-XL,UMAP,seq_408,1,7.54719,3.8449583
ProtT5-XL,UMAP,seq_409,1,2.5785437,-1.8139832
ProtT5-XL,UMAP,seq_410,1,-1.379081,6.7214985
ProtT5-XL,UMAP,seq_411,1,1.4922438,3.5241442
ProtT5-XL,UMAP,seq_412,1,2.9376972,-0.8698168
ProtT5-XL,UMAP,seq_413,1,7.549204,3.8396354
ProtT5-XL,UMAP,seq_414,1,7.5562205,3.827235
ProtT5-XL,UMAP,seq_415,1,2.1904364,-2.3843193
ProtT5-XL,UMAP,seq_416,1,2.2373161,-2.4108646
ProtT5-XL,UMAP,seq_417,1,-0.28191847,11.944163
ProtT5-XL,UMAP,seq_418,1,0.65032756,0.63453865
ProtT5-XL,UMAP,seq_419,1,0.57876366,3.3372326
ProtT5-XL,UMAP,seq_420,1,0.602472,3.3069236
ProtT5-XL,UMAP,seq_421,1,1.5520631,5.2094374
ProtT5-XL,UMAP,seq_422,1,7.516066,3.824393
ProtT5-XL,UMAP,seq_423,1,7.5316305,3.8526227
ProtT5-XL,UMAP,seq_424,1,7.536352,3.8354483
ProtT5-XL,UMAP,seq_425,1,3.3481584,-0.3766312
ProtT5-XL,UMAP,seq_426,1,8.073955,4.494875
ProtT5-XL,UMAP,seq_427,1,3.2708037,-0.7722996
ProtT5-XL,UMAP,seq_428,1,-1.8088669,6.3340154
ProtT5-XL,UMAP,seq_429,1,-4.5198207,8.997286
ProtT5-XL,UMAP,seq_430,1,-4.5214787,8.999301
ProtT5-XL,UMAP,seq_431,1,-4.521784,8.999512
ProtT5-XL,UMAP,seq_432,1,-0.5987422,5.982733
ProtT5-XL,UMAP,seq_433,1,7.417756,4.207657
ProtT5-XL,UMAP,seq_434,1,7.4108615,4.1870384
ProtT5-XL,UMAP,seq_435,1,7.5486903,3.856985
ProtT5-XL,UMAP,seq_436,1,7.8633,4.506327
ProtT5-XL,UMAP,seq_437,1,1.1302907,10.600381
ProtT5-XL,UMAP,seq_438,1,7.8661084,4.527996
ProtT5-XL,UMAP,seq_439,1,7.836899,4.532966
ProtT5-XL,UMAP,seq_440,1,1.5195243,3.5152264
ProtT5-XL,UMAP,seq_441,1,4.162787,1.7565446
ProtT5-XL,UMAP,seq_442,1,0.7684529,3.726931
ProtT5-XL,UMAP,seq_443,1,1.5167286,3.5168598
ProtT5-XL,UMAP,seq_444,1,-0.3572079,11.736431
ProtT5-XL,UMAP,seq_445,1,2.3051414,4.4297495
ProtT5-XL,UMAP,seq_446,1,4.290992,-1.5270747
ProtT5-XL,UMAP,seq_447,1,0.40016124,11.557467
ProtT5-XL,UMAP,seq_448,1,1.0427779,10.561659
ProtT5-XL,UMAP,seq_449,1,3.1714094,-0.6192075
ProtT5-XL,UMAP,seq_450,1,-2.6271315,4.8787684
ProtT5-XL,UMAP,seq_451,1,0.40335235,11.547715
ProtT5-XL,UMAP,seq_452,1,2.3914876,4.415189
ProtT5-XL,UMAP,seq_453,1,4.0341735,0.5248289
ProtT5-XL,UMAP,seq_454,1,-0.12754881,-5.7114077
ProtT5-XL,UMAP,seq_455,1,1.9946802,-2.368152
ProtT5-XL,UMAP,seq_456,1,-1.4032639,2.6128607
ProtT5-XL,UMAP,seq_457,1,-2.4523087,6.3151407
ProtT5-XL,UMAP,seq_458,1,1.5398327,0.66012406
ProtT5-XL,UMAP,seq_459,1,1.4969124,0.7703669
ProtT5-XL,UMAP,seq_460,1,-0.4698591,2.918549
ProtT5-XL,UMAP,seq_461,1,-5.5398183,6.113295
ProtT5-XL,UMAP,seq_462,1,4.296845,-1.5292917
ProtT5-XL,UMAP,seq_463,1,3.900439,0.376954
ProtT5-XL,UMAP,seq_464,1,3.9101467,0.3870799
ProtT5-XL,UMAP,seq_465,1,0.17947674,12.500563
ProtT5-XL,UMAP,seq_466,1,0.21004838,12.533626
ProtT5-XL,UMAP,seq_467,1,0.19325306,12.529102
ProtT5-XL,UMAP,seq_468,1,-2.472416,6.2949147
ProtT5-XL,UMAP,seq_469,1,-2.462484,6.2730727
ProtT5-XL,UMAP,seq_470,1,-2.4657092,6.2824087
ProtT5-XL,UMAP,seq_471,1,-2.4428983,6.308357
ProtT5-XL,UMAP,seq_472,1,8.072629,4.4784055
ProtT5-XL,UMAP,seq_473,1,8.0939045,4.495798
ProtT5-XL,UMAP,seq_474,1,7.51504,3.824249
ProtT5-XL,UMAP,seq_475,1,7.5564094,3.867623
ProtT5-XL,UMAP,seq_476,1,0.38326883,11.565962
ProtT5-XL,UMAP,seq_477,1,0.40545848,11.55176
ProtT5-XL,UMAP,seq_478,1,1.5070984,3.5456867
ProtT5-XL,UMAP,seq_479,1,8.122913,4.5206046
ProtT5-XL,UMAP,seq_480,1,-0.69512594,13.867405
ProtT5-XL,UMAP,seq_481,1,-0.6456288,13.597531
ProtT5-XL,UMAP,seq_482,1,-0.38681838,12.365094
ProtT5-XL,UMAP,seq_483,1,0.09641065,5.993841
ProtT5-XL,UMAP,seq_484,1,1.1656941,10.592071
ProtT5-XL,UMAP,seq_485,1,3.4454365,1.5467582
ProtT5-XL,UMAP,seq_486,1,3.4704027,1.5279908
ProtT5-XL,UMAP,seq_487,1,3.456723,1.5471826
ProtT5-XL,UMAP,seq_488,1,7.5336165,3.863445
ProtT5-XL,UMAP,seq_489,1,7.9465146,4.474336
ProtT5-XL,UMAP,seq_490,1,7.547271,3.861838
ProtT5-XL,UMAP,seq_491,1,-0.045423865,1.8313202
ProtT5-XL,UMAP,seq_492,1,-0.14206567,-5.658761
ProtT5-XL,UMAP,seq_493,1,4.6997395,9.050802
ProtT5-XL,UMAP,seq_494,1,0.9692472,10.585585
ProtT5-XL,UMAP,seq_495,1,7.54367,3.850683
ProtT5-XL,UMAP,seq_496,1,7.5513763,3.8475623
ProtT5-XL,UMAP,seq_497,1,0.74808174,3.8000138
ProtT5-XL,UMAP,seq_498,1,3.4497714,-0.20112592
ProtT5-XL,UMAP,seq_499,1,8.802112,4.647454
ProtT5-XL,UMAP,seq_500,1,0.6931909,3.773125
ProtT5-XL,UMAP,seq_501,1,0.38301364,11.570609
ProtT5-XL,UMAP,seq_502,1,2.58572,-1.7704979
ProtT5-XL,UMAP,seq_503,1,3.5121434,0.94926447
ProtT5-XL,UMAP,seq_504,1,1.8207564,2.5698106
ProtT5-XL,UMAP,seq_505,1,1.847336,2.609994
ProtT5-XL,UMAP,seq_506,1,1.862783,2.59594
ProtT5-XL,UMAP,seq_507,1,1.8735688,2.6032033
ProtT5-XL,UMAP,seq_508,1,1.8617191,2.6173365
ProtT5-XL,UMAP,seq_509,1,1.8949361,2.6403825
ProtT5-XL,UMAP,seq_510,1,1.9139171,2.6362605
ProtT5-XL,UMAP,seq_511,1,3.4926434,0.5456531
ProtT5-XL,UMAP,seq_512,1,1.0581431,2.7754593
ProtT5-XL,UMAP,seq_513,1,1.8471879,2.600821
ProtT5-XL,UMAP,seq_514,1,3.5646105,0.5162376
ProtT5-XL,UMAP,seq_515,1,3.5475538,0.5157046
ProtT5-XL,UMAP,seq_516,1,3.520115,0.5037401
ProtT5-XL,UMAP,seq_517,1,3.5371525,0.5120197
ProtT5-XL,UMAP,seq_518,1,3.5569453,0.5344465
ProtT5-XL,UMAP,seq_519,1,3.5526762,0.51147324
ProtT5-XL,UMAP,seq_520,1,3.576356,0.45280316
ProtT5-XL,UMAP,seq_521,1,3.5797188,0.46325576
ProtT5-XL,UMAP,seq_522,1,2.260707,-2.3454893
ProtT5-XL,UMAP,seq_523,1,2.2455776,-2.3319867
ProtT5-XL,UMAP,seq_524,1,2.1427326,-2.4105515
ProtT5-XL,UMAP,seq_525,1,0.26043004,11.8424
ProtT5-XL,UMAP,seq_526,1,0.24825728,11.863449
ProtT5-XL,UMAP,seq_527,1,0.2512095,11.827361
ProtT5-XL,UMAP,seq_528,1,0.20182964,11.886723
ProtT5-XL,UMAP,seq_529,1,0.19384298,11.891531
ProtT5-XL,UMAP,seq_530,1,0.25580585,11.851528
ProtT5-XL,UMAP,seq_531,1,-0.7018791,13.872164
ProtT5-XL,UMAP,seq_532,1,0.23754077,11.8732605
ProtT5-XL,UMAP,seq_533,1,0.20448087,11.923977
ProtT5-XL,UMAP,seq_534,1,-0.07827666,-5.725262
ProtT5-XL,UMAP,seq_535,1,7.5204782,3.824603
ProtT5-XL,UMAP,seq_536,1,7.537293,3.8413663
ProtT5-XL,UMAP,seq_537,1,2.5834944,-1.7888254
ProtT5-XL,UMAP,seq_538,1,2.6020007,-1.75999
ProtT5-XL,UMAP,seq_539,1,2.6063309,-1.7707357
ProtT5-XL,UMAP,seq_540,1,2.586282,-1.7707281
ProtT5-XL,UMAP,seq_541,1,2.6060662,-1.7723868
ProtT5-XL,UMAP,seq_542,1,3.261285,-0.06323058
ProtT5-XL,UMAP,seq_543,1,2.1763222,-2.463833
ProtT5-XL,UMAP,seq_544,1,1.0744088,2.7764564
ProtT5-XL,UMAP,seq_545,1,4.1020474,0.7081138
ProtT5-XL,UMAP,seq_546,1,-5.548894,6.124805
ProtT5-XL,UMAP,seq_547,1,0.9832993,10.575476
ProtT5-XL,UMAP,seq_548,1,2.26333,-2.3477395
ProtT5-XL,UMAP,seq_549,1,3.053169,-0.31309178
ProtT5-XL,UMAP,seq_550,1,2.3985567,-2.1963384
ProtT5-XL,UMAP,seq_551,1,2.2198145,-2.4184663
ProtT5-XL,UMAP,seq_552,1,13.416202,-1.2014267
ProtT5-XL,UMAP,seq_553,1,3.8994932,0.15153942
ProtT5-XL,UMAP,seq_554,1,1.5931692,-1.2406323
ProtT5-XL,UMAP,seq_555,1,1.6333284,5.217483
ProtT5-XL,UMAP,seq_556,1,0.4051361,11.548913
ProtT5-XL,UMAP,seq_557,1,3.3428783,-0.8554588
ProtT5-XL,UMAP,seq_558,1,3.3584821,-0.84223735
ProtT5-XL,UMAP,seq_559,1,-1.9395818,4.0614643
ProtT5-XL,UMAP,seq_560,1,-0.8189641,4.4530444
ProtT5-XL,UMAP,seq_561,1,-0.73901486,4.45719
ProtT5-XL,UMAP,seq_562,1,-0.79881716,4.441391
ProtT5-XL,UMAP,seq_563,1,-0.79950255,4.4460683
ProtT5-XL,UMAP,seq_564,1,-0.80533206,4.471717
ProtT5-XL,UMAP,seq_565,1,0.7614359,3.7396688
ProtT5-XL,UMAP,seq_566,1,-0.8112076,12.056579
ProtT5-XL,UMAP,seq_567,1,1.4623119,3.5917945
ProtT5-XL,UMAP,seq_568,1,-0.4726252,11.664915
ProtT5-XL,UMAP,seq_569,1,-0.5205653,11.712716
ProtT5-XL,UMAP,seq_570,1,-1.48125,11.780968
ProtT5-XL,UMAP,seq_571,1,-1.4744931,11.786619
ProtT5-XL,UMAP,seq_572,1,-1.4782971,11.785455
ProtT5-XL,UMAP,seq_573,1,-1.4807234,11.786855
ProtT5-XL,UMAP,seq_574,1,-1.4940042,11.78055
ProtT5-XL,UMAP,seq_575,1,-1.4908615,11.785932
ProtT5-XL,UMAP,seq_576,1,-1.4949678,11.785825
ProtT5-XL,UMAP,seq_577,1,-1.5454909,11.847042
ProtT5-XL,UMAP,seq_578,1,-1.5190423,11.830532
ProtT5-XL,UMAP,seq_579,1,-0.4080922,12.319751
ProtT5-XL,UMAP,seq_580,1,-0.69588244,13.839741
ProtT5-XL,UMAP,seq_581,1,-0.5246919,11.888873
ProtT5-XL,UMAP,seq_582,1,-0.5286465,11.864456
ProtT5-XL,UMAP,seq_583,1,-0.67777216,13.847521
ProtT5-XL,UMAP,seq_584,1,-1.5895829,11.859696
ProtT5-XL,UMAP,seq_585,1,-1.6077318,11.880248
ProtT5-XL,UMAP,seq_586,1,-1.5848278,11.860376
ProtT5-XL,UMAP,seq_587,1,-0.27746937,12.37037
ProtT5-XL,UMAP,seq_588,1,-1.5556902,11.845212
ProtT5-XL,UMAP,seq_589,1,-1.5819452,11.858767
ProtT5-XL,UMAP,seq_590,1,-1.5624549,11.84867
ProtT5-XL,UMAP,seq_591,1,-1.5619594,11.852394
ProtT5-XL,UMAP,seq_592,1,0.1890459,12.53739
ProtT5-XL,UMAP,seq_593,1,0.17949443,12.544838
ProtT5-XL,UMAP,seq_594,1,0.1483635,12.58442
ProtT5-XL,UMAP,seq_595,1,-0.7212437,13.893081
ProtT5-XL,UMAP,seq_596,1,-1.4951922,11.7875
ProtT5-XL,UMAP,seq_597,1,-1.4955797,11.760454
ProtT5-XL,UMAP,seq_598,1,0.2738754,11.731674
ProtT5-XL,UMAP,seq_599,1,-0.54079825,11.685096
ProtT5-XL,UMAP,seq_600,1,-0.5072407,11.675533
ProtT5-XL,UMAP,seq_601,1,-0.5160005,11.719194
ProtT5-XL,UMAP,seq_602,1,-0.53479314,11.704941
ProtT5-XL,UMAP,seq_603,1,-0.50626516,11.727665
ProtT5-XL,UMAP,seq_604,1,-0.5110862,11.711794
ProtT5-XL,UMAP,seq_605,1,-0.5017656,11.739708
ProtT5-XL,UMAP,seq_606,1,-0.5133624,11.7755375
ProtT5-XL,UMAP,seq_607,1,-0.49764442,11.722629
ProtT5-XL,UMAP,seq_608,1,-1.4833928,11.785693
ProtT5-XL,UMAP,seq_609,1,-1.4866161,11.785683
ProtT5-XL,UMAP,seq_610,1,4.640837,9.03089
ProtT5-XL,UMAP,seq_611,1,-0.21999352,12.432873
ProtT5-XL,UMAP,seq_612,1,0.18686415,12.535471
ProtT5-XL,UMAP,seq_613,1,0.23217411,11.773591
ProtT5-XL,UMAP,seq_614,1,-0.34951824,11.935619
ProtT5-XL,UMAP,seq_615,1,-0.31041193,11.925032
ProtT5-XL,UMAP,seq_616,1,2.3723478,4.4307113
ProtT5-XL,UMAP,seq_617,1,7.8924174,4.423191
ProtT5-XL,UMAP,seq_618,1,0.96249694,1.6682471
ProtT5-XL,UMAP,seq_619,1,-0.45396054,6.425124
ProtT5-XL,UMAP,seq_620,1,3.9497602,0.6113604
ProtT5-XL,UMAP,seq_621,1,-0.22662283,3.1991942
ProtT5-XL,UMAP,seq_622,1,-0.21310689,3.1832304
ProtT5-XL,UMAP,seq_623,1,-0.20605744,3.1885881
ProtT5-XL,UMAP,seq_624,1,1.4502102,3.5617685
ProtT5-XL,UMAP,seq_625,1,-0.34204364,12.433086
ProtT5-XL,UMAP,seq_626,1,-0.285656,12.17346
ProtT5-XL,UMAP,seq_627,1,-0.08341713,12.062582
ProtT5-XL,UMAP,seq_628,1,1.491831,3.5249863
ProtT5-XL,UMAP,seq_629,1,-0.65377563,13.748466
ProtT5-XL,UMAP,seq_630,1,0.25725773,11.703921
ProtT5-XL,UMAP,seq_631,1,3.9790843,1.5531516
ProtT5-XL,UMAP,seq_632,1,8.578603,4.5555296
ProtT5-XL,UMAP,seq_633,1,-0.26750964,11.970063
ProtT5-XL,UMAP,seq_634,1,-0.36077368,11.755628
ProtT5-XL,UMAP,seq_635,1,-0.41503397,12.207044
ProtT5-XL,UMAP,seq_636,1,-0.35262233,12.400498
ProtT5-XL,UMAP,seq_637,1,-0.25333822,12.071518
ProtT5-XL,UMAP,seq_638,1,-0.7165568,13.88975
ProtT5-XL,UMAP,seq_639,1,-0.69069564,13.853096
ProtT5-XL,UMAP,seq_640,1,-0.5271691,11.860977
ProtT5-XL,UMAP,seq_641,1,-0.5060393,11.971681
ProtT5-XL,UMAP,seq_642,1,-0.5542562,12.118009
ProtT5-XL,UMAP,seq_643,1,-0.48324767,12.224789
ProtT5-XL,UMAP,seq_644,1,-0.28516895,12.422952
ProtT5-XL,UMAP,seq_645,1,-0.6552741,13.662785
ProtT5-XL,UMAP,seq_646,1,-0.45217323,12.223885
ProtT5-XL,UMAP,seq_647,1,-0.40000424,12.233244
ProtT5-XL,UMAP,seq_648,1,-0.7006821,13.840335
ProtT5-XL,UMAP,seq_649,1,4.617225,8.980681
ProtT5-XL,UMAP,seq_650,1,4.613379,8.971147
ProtT5-XL,UMAP,seq_651,1,-0.38304552,12.364328
ProtT5-XL,UMAP,seq_652,1,-0.64830923,13.625255
ProtT5-XL,UMAP,seq_653,1,-0.4255684,12.396441
ProtT5-XL,UMAP,seq_654,1,4.6203747,9.024699
ProtT5-XL,UMAP,seq_655,1,-0.40736723,12.391759
ProtT5-XL,UMAP,seq_656,1,-0.40530258,12.366361
ProtT5-XL,UMAP,seq_657,1,-0.6976386,13.839854
ProtT5-XL,UMAP,seq_658,1,-0.6987933,13.846411
ProtT5-XL,UMAP,seq_659,1,-0.24436879,12.252449
ProtT5-XL,UMAP,seq_660,1,0.11570432,11.898387
ProtT5-XL,UMAP,seq_661,1,-0.63562804,13.58744
ProtT5-XL,UMAP,seq_662,1,-0.3480189,12.291481
ProtT5-XL,UMAP,seq_663,1,-0.39259103,12.3169155
ProtT5-XL,UMAP,seq_664,1,-0.69656384,13.843026
ProtT5-XL,UMAP,seq_665,1,-0.329587,12.418287
ProtT5-XL,UMAP,seq_666,1,-0.6891749,13.8381405
ProtT5-XL,UMAP,seq_667,1,-0.3047411,12.414366
ProtT5-XL,UMAP,seq_668,1,-0.6979314,13.845712
ProtT5-XL,UMAP,seq_669,1,-0.31378567,12.420617
ProtT5-XL,UMAP,seq_670,1,-0.37143984,12.234334
ProtT5-XL,UMAP,seq_671,1,-0.6630857,13.805328
ProtT5-XL,UMAP,seq_672,1,-0.39481953,12.260297
ProtT5-XL,UMAP,seq_673,1,-0.6731141,13.803869
ProtT5-XL,UMAP,seq_674,1,-0.19914982,12.211542
ProtT5-XL,UMAP,seq_675,1,-0.1949185,12.223385
ProtT5-XL,UMAP,seq_676,1,-0.24602532,12.1934805
ProtT5-XL,UMAP,seq_677,1,-0.70826155,13.872851
ProtT5-XL,UMAP,seq_678,1,-0.7094835,13.879781
ProtT5-XL,UMAP,seq_679,1,-0.7364672,13.90418
ProtT5-XL,UMAP,seq_680,1,-0.18352261,12.241178
ProtT5-XL,UMAP,seq_681,1,-0.27169788,12.25873
ProtT5-XL,UMAP,seq_682,1,-0.21523467,12.211153
ProtT5-XL,UMAP,seq_683,1,-0.22194317,12.164755
ProtT5-XL,UMAP,seq_684,1,-0.69581205,13.856508
ProtT5-XL,UMAP,seq_685,1,-0.70431596,13.870339
ProtT5-XL,UMAP,seq_686,1,-0.69545597,13.851733
ProtT5-XL,UMAP,seq_687,1,-0.3733689,12.330887
ProtT5-XL,UMAP,seq_688,1,-0.70721686,13.859538
ProtT5-XL,UMAP,seq_689,1,-0.18122609,12.283789
ProtT5-XL,UMAP,seq_690,1,0.20170143,12.453692
ProtT5-XL,UMAP,seq_691,1,0.3451457,4.998833
ProtT5-XL,UMAP,seq_692,1,4.6428356,9.0056305
ProtT5-XL,UMAP,seq_693,1,4.656534,9.015712
ProtT5-XL,UMAP,seq_694,1,4.661256,9.020607
ProtT5-XL,UMAP,seq_695,1,-0.6156353,12.876785
ProtT5-XL,UMAP,seq_696,1,-0.6132781,12.8766775
ProtT5-XL,UMAP,seq_697,1,4.6957045,9.046068
ProtT5-XL,UMAP,seq_698,1,-0.6271173,12.909688
ProtT5-XL,UMAP,seq_699,1,-0.62356824,12.906249
ProtT5-XL,UMAP,seq_700,1,-0.61956257,12.884947
ProtT5-XL,UMAP,seq_701,1,-0.637862,12.922714
ProtT5-XL,UMAP,seq_702,1,-0.6139893,12.890005
ProtT5-XL,UMAP,seq_703,1,-0.6171934,12.89977
ProtT5-XL,UMAP,seq_704,1,-0.6154504,12.890151
ProtT5-XL,UMAP,seq_705,1,4.6467586,8.997827
ProtT5-XL,UMAP,seq_706,1,4.6758313,8.997281
ProtT5-XL,UMAP,seq_707,1,4.67941,9.003045
ProtT5-XL,UMAP,seq_708,1,4.6669483,9.0164385
ProtT5-XL,UMAP,seq_709,1,4.6986475,9.054094
ProtT5-XL,UMAP,seq_710,1,4.67802,9.021611
ProtT5-XL,UMAP,seq_711,1,4.682898,9.02953
ProtT5-XL,UMAP,seq_712,1,4.6528068,8.999966
ProtT5-XL,UMAP,seq_713,1,-0.2781366,12.403538
ProtT5-XL,UMAP,seq_714,1,4.6056986,8.957384
ProtT5-XL,UMAP,seq_715,1,9.368542,5.1004467
ProtT5-XL,UMAP,seq_716,1,-0.8681958,2.0257077
ProtT5-XL,UMAP,seq_717,1,4.0989,0.65770614
ProtT5-XL,UMAP,seq_718,1,4.048873,0.84173477
ProtT5-XL,UMAP,seq_719,1,-5.570446,6.1370792
ProtT5-XL,UMAP,seq_720,1,3.979545,0.49834794
ProtT5-XL,UMAP,seq_721,1,-0.10403875,12.093367
ProtT5-XL,UMAP,seq_722,1,-0.10769995,12.037871
ProtT5-XL,UMAP,seq_723,1,-0.19245046,12.149934
ProtT5-XL,UMAP,seq_724,1,3.5089407,1.024311
ProtT5-XL,UMAP,seq_725,1,1.1250007,1.705905
ProtT5-XL,UMAP,seq_726,1,2.405265,-2.1752467
ProtT5-XL,UMAP,seq_727,1,2.1740208,-2.4125488
ProtT5-XL,UMAP,seq_728,1,3.842969,0.08157078
ProtT5-XL,UMAP,seq_729,1,1.9680116,3.8864377
ProtT5-XL,UMAP,seq_730,1,1.9621382,3.8884013
ProtT5-XL,UMAP,seq_731,1,-0.7194165,2.624651
ProtT5-XL,UMAP,seq_732,1,1.7624589,3.214452
ProtT5-XL,UMAP,seq_733,1,3.4763017,1.528322
ProtT5-XL,UMAP,seq_734,1,4.087012,0.5662822
ProtT5-XL,UMAP,seq_735,1,3.5471582,1.0620121
ProtT5-XL,UMAP,seq_736,1,0.39142355,0.5144781
ProtT5-XL,UMAP,seq_737,1,3.8802207,0.11679966
ProtT5-XL,UMAP,seq_738,1,-0.031376578,-5.8066792
ProtT5-XL,UMAP,seq_739,1,-0.087673746,-5.7386823
ProtT5-XL,UMAP,seq_740,1,-0.12955257,-5.704431
ProtT5-XL,UMAP,seq_741,1,-0.083820835,-5.749847
ProtT5-XL,UMAP,seq_742,1,-0.09131023,-5.7419033
ProtT5-XL,UMAP,seq_743,1,-0.096596025,-5.7404504
ProtT5-XL,UMAP,seq_744,1,0.008411043,-5.8570514
ProtT5-XL,UMAP,seq_745,1,-0.06851436,-5.74626
ProtT5-XL,UMAP,seq_746,1,-0.027347846,-5.80576
ProtT5-XL,UMAP,seq_747,1,-0.05148277,-5.771088
ProtT5-XL,UMAP,seq_748,1,-0.004165802,-5.828647
ProtT5-XL,UMAP,seq_749,1,0.007361502,-5.8674617
ProtT5-XL,UMAP,seq_750,1,-0.026089564,-5.8127284
ProtT5-XL,UMAP,seq_751,1,-0.021055002,-5.818454
ProtT5-XL,UMAP,seq_752,1,-0.039344966,-5.80244
ProtT5-XL,UMAP,seq_753,1,-0.0257383,-5.8082886
ProtT5-XL,UMAP,seq_754,1,-0.05541918,-5.775568
ProtT5-XL,UMAP,seq_755,1,-0.005959243,-5.8331604
ProtT5-XL,UMAP,seq_756,1,-0.01579701,-5.851083
ProtT5-XL,UMAP,seq_757,1,0.030086689,-5.8711476
ProtT5-XL,UMAP,seq_758,1,-0.0026417775,-5.8475137
ProtT5-XL,UMAP,seq_759,1,-0.036252096,-5.7917147
ProtT5-XL,UMAP,seq_760,1,3.6248922,-0.17207901
ProtT5-XL,UMAP,seq_761,1,8.628474,4.588942
ProtT5-XL,UMAP,seq_762,1,-2.5252786,2.6448345
ProtT5-XL,UMAP,seq_763,1,3.3504868,-0.78281224
ProtT5-XL,UMAP,seq_764,1,4.027251,1.1172957
ProtT5-XL,UMAP,seq_765,1,3.394988,-0.64137274
ProtT5-XL,UMAP,seq_766,1,7.5562162,3.8284836
ProtT5-XL,UMAP,seq_767,1,8.8830185,4.5041127
ProtT5-XL,UMAP,seq_768,1,-1.2115947,2.305331
ProtT5-XL,UMAP,seq_769,1,3.7582347,-1.1899234
ProtT5-XL,UMAP,seq_770,1,3.6962192,-1.2262985
ProtT5-XL,UMAP,seq_771,1,-0.04158798,-5.8363476
ProtT5-XL,UMAP,seq_772,1,-0.02364866,-5.7665462
ProtT5-XL,UMAP,seq_773,1,-0.08546504,-5.742778
ProtT5-XL,UMAP,seq_774,1,3.744488,-1.1811705
ProtT5-XL,UMAP,seq_775,1,-0.10828185,-5.712783
ProtT5-XL,UMAP,seq_776,1,3.2587101,-0.0044214604
ProtT5-XL,UMAP,seq_777,1,3.2553246,-0.0043814
ProtT5-XL,UMAP,seq_778,1,3.24972,-0.020848848
ProtT5-XL,UMAP,seq_779,1,3.2700548,0.001327784
ProtT5-XL,UMAP,seq_780,1,3.269578,0.020000404
ProtT5-XL,UMAP,seq_781,1,3.2588172,-0.00033150445
ProtT5-XL,UMAP,seq_782,1,3.115832,0.15108883
ProtT5-XL,UMAP,seq_783,1,3.1172655,0.15920034
ProtT5-XL,UMAP,seq_784,1,3.219855,0.013896746
ProtT5-XL,UMAP,seq_785,1,-0.118029825,-5.711046
ProtT5-XL,UMAP,seq_786,1,8.071109,4.476144
ProtT5-XL,UMAP,seq_787,1,4.1297274,0.71588993
ProtT5-XL,UMAP,seq_788,1,0.89283365,4.2202287
ProtT5-XL,UMAP,seq_789,1,0.32616132,11.628134
ProtT5-XL,UMAP,seq_790,1,1.9129738,4.5031447
ProtT5-XL,UMAP,seq_791,1,0.9908102,10.569933
ProtT5-XL,UMAP,seq_792,1,0.9596599,10.571591
ProtT5-XL,UMAP,seq_793,1,9.39109,5.128246
ProtT5-XL,UMAP,seq_794,1,3.3021963,-0.8430298
ProtT5-XL,UMAP,seq_795,1,-0.10226726,-5.7368727
ProtT5-XL,UMAP,seq_796,1,-0.32511505,12.427173
ProtT5-XL,UMAP,seq_797,1,0.0047911247,-5.866494
ProtT5-XL,UMAP,seq_798,1,0.49914837,2.9503946
ProtT5-XL,UMAP,seq_799,1,3.3950887,-0.63543355
ProtT5-XL,UMAP,seq_800,1,3.4267278,-0.62350863
ProtT5-XL,UMAP,seq_801,1,3.4236617,-0.63615274
ProtT5-XL,UMAP,seq_802,1,3.8189354,0.5732678
ProtT5-XL,UMAP,seq_803,1,1.5209199,3.515498
ProtT5-XL,UMAP,seq_804,1,1.5278292,3.5294259
ProtT5-XL,UMAP,seq_805,1,4.0028677,1.605419
ProtT5-XL,UMAP,seq_806,1,4.0345826,1.6018013
ProtT5-XL,UMAP,seq_807,1,4.041979,1.6060308
ProtT5-XL,UMAP,seq_808,1,4.044506,1.6201129
ProtT5-XL,UMAP,seq_809,1,4.031874,1.6165825
ProtT5-XL,UMAP,seq_810,1,4.059402,1.5808568
ProtT5-XL,UMAP,seq_811,1,3.9780843,1.647187
ProtT5-XL,UMAP,seq_812,1,3.9929001,1.5912951
ProtT5-XL,UMAP,seq_813,1,2.0088737,1.9439192
ProtT5-XL,UMAP,seq_814,1,-0.30499834,12.251565
ProtT5-XL,UMAP,seq_815,1,3.0942364,-0.19914398
ProtT5-XL,UMAP,seq_816,1,-0.29678798,3.2450418
ProtT5-XL,UMAP,seq_817,1,-0.04733376,4.046634
ProtT5-XL,UMAP,seq_818,1,-1.2350558,2.367643
ProtT5-XL,UMAP,seq_819,1,-2.2339413,5.143829
ProtT5-XL,UMAP,seq_820,1,0.01217672,1.8659067
ProtT5-XL,UMAP,seq_821,1,-0.93165904,1.799352
ProtT5-XL,UMAP,seq_822,1,-0.31749108,11.77247
ProtT5-XL,UMAP,seq_823,1,-0.35353333,11.811665
ProtT5-XL,UMAP,seq_824,1,-0.33396432,11.796265
ProtT5-XL,UMAP,seq_825,1,-0.3485258,11.807458
ProtT5-XL,UMAP,seq_826,1,-0.34903374,11.841968
ProtT5-XL,UMAP,seq_827,1,-0.42576808,11.840423
ProtT5-XL,UMAP,seq_828,1,-0.66935223,13.833802
ProtT5-XL,UMAP,seq_829,1,9.339629,5.088246
ProtT5-XL,UMAP,seq_830,1,-0.8294382,12.0496435
ProtT5-XL,UMAP,seq_831,1,0.38773236,-0.6791941
ProtT5-XL,UMAP,seq_832,1,-0.06793343,-5.777181
ProtT5-XL,UMAP,seq_833,1,0.0133715905,-5.856274
ProtT5-XL,UMAP,seq_834,1,-0.05872238,-5.827308
ProtT5-XL,UMAP,seq_835,1,3.4260838,0.9939163
ProtT5-XL,UMAP,seq_836,1,4.67662,9.028372
ProtT5-XL,UMAP,seq_837,1,4.6415124,8.993083
ProtT5-XL,UMAP,seq_838,1,4.6605153,9.011317
ProtT5-XL,UMAP,seq_839,1,-2.0628507,5.7445936
ProtT5-XL,UMAP,seq_840,1,-2.576764,2.5228338
ProtT5-XL,UMAP,seq_841,1,2.3948047,4.396112
ProtT5-XL,UMAP,seq_842,1,7.5565715,3.8828886
ProtT5-XL,UMAP,seq_843,1,0.5886994,2.7480521
ProtT5-XL,UMAP,seq_844,1,-5.5633616,6.128832
ProtT5-XL,UMAP,seq_845,1,3.4495502,-0.36901897
ProtT5-XL,UMAP,seq_846,1,3.5128663,1.0223019
ProtT5-XL,UMAP,seq_847,1,3.3350487,-0.89417416
ProtT5-XL,UMAP,seq_848,1,3.3378067,-0.86326474
ProtT5-XL,UMAP,seq_849,1,3.2922685,-0.8705904
ProtT5-XL,UMAP,seq_850,1,0.32146028,5.393669
ProtT5-XL,UMAP,seq_851,1,4.0635076,0.6443989
ProtT5-XL,UMAP,seq_852,1,-0.06851556,-1.0926633
ProtT5-XL,UMAP,seq_853,1,1.2582654,1.0147676
ProtT5-XL,UMAP,seq_854,1,3.5688536,-0.28876773
ProtT5-XL,UMAP,seq_855,1,-0.03391065,-5.802883
ProtT5-XL,UMAP,seq_856,1,3.2392,-0.62252754
ProtT5-XL,UMAP,seq_857,1,-2.1290722,5.795927
ProtT5-XL,UMAP,seq_858,1,3.4937265,0.57882094
ProtT5-XL,UMAP,seq_859,1,3.5561855,0.5612658
ProtT5-XL,UMAP,seq_860,1,3.3844056,-0.4937839
ProtT5-XL,UMAP,seq_861,1,3.3444073,-0.8049782
ProtT5-XL,UMAP,seq_862,1,4.0817056,1.0889014
ProtT5-XL,UMAP,seq_863,1,0.016086595,-5.881939
ProtT5-XL,UMAP,seq_864,1,3.9729445,0.37238795
ProtT5-XL,UMAP,seq_865,1,8.116088,4.4984093
ProtT5-XL,UMAP,seq_866,1,-0.056549113,-1.090176
ProtT5-XL,UMAP,seq_867,1,3.998628,0.38655794
ProtT5-XL,UMAP,seq_868,1,3.1482801,-0.11180288
ProtT5-XL,UMAP,seq_869,1,3.3228672,-0.88609296
ProtT5-XL,UMAP,seq_870,1,3.274551,-0.90169984
ProtT5-XL,UMAP,seq_871,1,3.4721339,-0.5597107
ProtT5-XL,UMAP,seq_872,1,3.3031352,-0.82719994
ProtT5-XL,UMAP,seq_873,1,3.3451762,-0.7961873
ProtT5-XL,UMAP,seq_874,1,3.3595595,-0.82469994
ProtT5-XL,UMAP,seq_875,1,-0.10317661,-1.0686872
ProtT5-XL,UMAP,seq_876,1,-0.15290459,-1.0683954
ProtT5-XL,UMAP,seq_877,1,-0.12281074,-1.1250981
ProtT5-XL,UMAP,seq_878,1,0.8984053,4.196182
ProtT5-XL,UMAP,seq_879,1,3.3045497,-0.8507863
ProtT5-XL,UMAP,seq_880,1,3.3307965,-0.8412582
ProtT5-XL,UMAP,seq_881,1,3.383814,-0.83186054
ProtT5-XL,UMAP,seq_882,1,3.332665,-0.8266645
ProtT5-XL,UMAP,seq_883,1,3.388887,-0.86566395
ProtT5-XL,UMAP,seq_884,1,3.9323359,0.2140647
ProtT5-XL,UMAP,seq_885,1,0.59303474,2.6963484
ProtT5-XL,UMAP,seq_886,1,2.2238195,3.9300675
ProtT5-XL,UMAP,seq_887,1,-0.036918376,-5.7955117
ProtT5-XL,UMAP,seq_888,1,3.1591375,-0.65049493
ProtT5-XL,UMAP,seq_889,1,3.1766598,-0.713129
ProtT5-XL,UMAP,seq_890,1,3.2881646,-0.62301016
ProtT5-XL,UMAP,seq_891,1,8.068199,4.500104
ProtT5-XL,UMAP,seq_892,1,2.171825,3.960596
ProtT5-XL,UMAP,seq_893,1,2.185903,3.9508772
ProtT5-XL,UMAP,seq_894,1,4.083565,0.6035124
ProtT5-XL,UMAP,seq_895,1,7.88125,4.5083637
ProtT5-XL,UMAP,seq_896,1,8.732777,4.589443
ProtT5-XL,UMAP,seq_897,1,4.0876813,0.66521394
ProtT5-XL,UMAP,seq_898,1,3.5218427,1.0376294
ProtT5-XL,UMAP,seq_899,1,0.2603737,0.6777049
ProtT5-XL,UMAP,seq_900,1,0.2509252,0.6869936
ProtT5-XL,UMAP,seq_901,1,9.184905,4.2536325
ProtT5-XL,UMAP,seq_902,1,8.57847,4.563406
ProtT5-XL,UMAP,seq_903,1,9.369625,4.087378
ProtT5-XL,UMAP,seq_904,1,9.362051,4.1006994
ProtT5-XL,UMAP,seq_905,1,9.391176,4.069833
ProtT5-XL,UMAP,seq_906,1,11.752004,5.596115
ProtT5-XL,UMAP,seq_907,1,11.731092,5.6410475
ProtT5-XL,UMAP,seq_908,1,11.753343,5.6289735
ProtT5-XL,UMAP,seq_909,1,11.749242,5.6209583
ProtT5-XL,UMAP,seq_910,1,11.737154,5.6092806
ProtT5-XL,UMAP,seq_911,1,11.735937,5.6079526
ProtT5-XL,UMAP,seq_912,1,9.300801,4.1939244
ProtT5-XL,UMAP,seq_913,1,11.768582,5.609933
ProtT5-XL,UMAP,seq_914,1,11.752343,5.633145
ProtT5-XL,UMAP,seq_915,1,9.341147,4.1244817
ProtT5-XL,UMAP,seq_916,1,9.414372,4.047375
ProtT5-XL,UMAP,seq_917,1,9.3840275,4.079773
ProtT5-XL,UMAP,seq_918,1,9.371009,4.0598416
ProtT5-XL,UMAP,seq_919,1,9.378734,4.0792923
ProtT5-XL,UMAP,seq_920,1,9.350092,4.122667
ProtT5-XL,UMAP,seq_921,1,9.311578,4.1525917
ProtT5-XL,UMAP,seq_922,1,11.772545,5.6267147
ProtT5-XL,UMAP,seq_923,1,11.752614,5.6256976
ProtT5-XL,UMAP,seq_924,1,11.755003,5.624005
ProtT5-XL,UMAP,seq_925,1,11.769431,5.638992
ProtT5-XL,UMAP,seq_926,1,11.738941,5.5819755
ProtT5-XL,UMAP,seq_927,1,11.74922,5.617012
ProtT5-XL,UMAP,seq_928,1,11.762241,5.618943
ProtT5-XL,UMAP,seq_929,1,9.387041,4.074902
ProtT5-XL,UMAP,seq_930,1,9.271167,4.18249
ProtT5-XL,UMAP,seq_931,1,9.339636,4.119461
ProtT5-XL,UMAP,seq_932,1,9.354507,4.1072087
ProtT5-XL,UMAP,seq_933,1,8.779379,4.6197615
ProtT5-XL,UMAP,seq_934,1,9.502867,5.2359324
ProtT5-XL,UMAP,seq_935,1,9.493191,5.221727
ProtT5-XL,UMAP,seq_936,1,9.384811,4.08019
ProtT5-XL,UMAP,seq_937,1,9.388376,4.073607
ProtT5-XL,UMAP,seq_938,1,9.30079,4.1525345
ProtT5-XL,UMAP,seq_939,1,9.360356,4.10085
ProtT5-XL,UMAP,seq_940,1,11.76103,5.6251454
ProtT5-XL,UMAP,seq_941,1,11.726092,5.591902
ProtT5-XL,UMAP,seq_942,1,11.731981,5.611731
ProtT5-XL,UMAP,seq_943,1,11.714381,5.5946074
ProtT5-XL,UMAP,seq_944,1,11.760281,5.6260095
ProtT5-XL,UMAP,seq_945,1,-0.51051396,4.824116
ProtT5-XL,UMAP,seq_946,1,-0.57431996,6.611623
ProtT5-XL,UMAP,seq_947,1,2.2141929,-2.4162693
ProtT5-XL,UMAP,seq_948,1,3.653921,1.1331991
ProtT5-XL,UMAP,seq_949,1,2.28782,-2.38229
ProtT5-XL,UMAP,seq_950,1,8.785366,4.628802
ProtT5-XL,UMAP,seq_951,1,4.0147276,0.40858787
ProtT5-XL,UMAP,seq_952,1,4.016984,0.3561349
ProtT5-XL,UMAP,seq_953,1,8.548725,4.5572724
ProtT5-XL,UMAP,seq_954,1,9.294002,4.169558
ProtT5-XL,UMAP,seq_955,1,9.448206,5.1860623
ProtT5-XL,UMAP,seq_956,1,-0.14873631,3.4396288
ProtT5-XL,UMAP,seq_957,1,9.36212,4.0988693
ProtT5-XL,UMAP,seq_958,1,2.400788,4.4139647
ProtT5-XL,UMAP,seq_959,1,9.2478895,4.2000647
ProtT5-XL,UMAP,seq_960,1,9.502896,5.2339916
ProtT5-XL,UMAP,seq_961,1,-0.76028466,11.961177
ProtT5-XL,UMAP,seq_962,1,0.7337592,5.701969
ProtT5-XL,UMAP,seq_963,1,2.247194,3.977288
ProtT5-XL,UMAP,seq_964,1,3.3579252,-0.7646751
ProtT5-XL,UMAP,seq_965,1,3.6415796,1.0864005
ProtT5-XL,UMAP,seq_966,1,3.616821,1.0966369
ProtT5-XL,UMAP,seq_967,1,0.031023754,2.9014697
ProtT5-XL,UMAP,seq_968,1,2.596887,-1.8422949
ProtT5-XL,UMAP,seq_969,1,2.221723,-2.4174144
ProtT5-XL,UMAP,seq_970,1,2.2894356,-2.37685
ProtT5-XL,UMAP,seq_971,1,2.2180839,-2.4432437
ProtT5-XL,UMAP,seq_972,1,2.604222,-1.8293755
ProtT5-XL,UMAP,seq_973,1,8.822354,4.650078
ProtT5-XL,UMAP,seq_974,1,8.770517,4.6169715
ProtT5-XL,UMAP,seq_975,1,8.770076,4.615348
ProtT5-XL,UMAP,seq_976,1,8.767219,4.6042213
ProtT5-XL,UMAP,seq_977,1,8.76174,4.6171727
ProtT5-XL,UMAP,seq_978,1,8.766122,4.6087866
ProtT5-XL,UMAP,seq_979,1,8.729875,4.622159
ProtT5-XL,UMAP,seq_980,1,8.706531,4.6110487
ProtT5-XL,UMAP,seq_981,1,2.2986712,-2.308079
ProtT5-XL,UMAP,seq_982,1,1.0608556,10.573608
ProtT5-XL,UMAP,seq_983,1,1.0337737,10.559856
ProtT5-XL,UMAP,seq_984,1,4.6317787,8.97154
ProtT5-XL,UMAP,seq_985,1,4.589783,8.920373
ProtT5-XL,UMAP,seq_986,1,4.632865,8.971264
ProtT5-XL,UMAP,seq_987,1,4.1143126,0.5623
ProtT5-XL,UMAP,seq_988,1,11.735579,5.6236644
ProtT5-XL,UMAP,seq_989,1,4.082895,0.5722198
ProtT5-XL,UMAP,seq_990,1,1.3224896,10.603739
ProtT5-XL,UMAP,seq_991,1,1.9248519,4.569073
ProtT5-XL,UMAP,seq_992,1,11.6926,5.586365
ProtT5-XL,UMAP,seq_993,1,0.0746332,7.6352954
ProtT5-XL,UMAP,seq_994,1,0.119267225,11.806422
ProtT5-XL,UMAP,seq_995,1,-1.4599785,11.788816
ProtT5-XL,UMAP,seq_996,1,1.9290602,10.6799135
ProtT5-XL,UMAP,seq_997,1,0.041952427,-1.902058
ProtT5-XL,UMAP,seq_998,1,-0.3614476,12.25947
ProtT5-XL,UMAP,seq_999,1,4.6581435,9.004001
ProtT5-XL,UMAP,seq_1000,1,3.6246345,-1.291059
ProtT5-XL,UMAP,seq_1001,1,3.727636,-1.3006554
ProtT5-XL,UMAP,seq_1002,1,3.6796887,-1.2689108
ProtT5-XL,UMAP,seq_1003,1,-0.22225942,-1.0273213
ProtT5-XL,UMAP,seq_1004,1,3.4564223,-0.38639805
ProtT5-XL,UMAP,seq_1005,1,3.6088061,-1.2892034
ProtT5-XL,UMAP,seq_1006,1,2.1692607,-2.4388616
ProtT5-XL,UMAP,seq_1007,1,3.5443404,0.49738175
ProtT5-XL,UMAP,seq_1008,1,4.1330066,1.710756
ProtT5-XL,UMAP,seq_1009,1,4.685454,9.0374775
ProtT5-XL,UMAP,seq_1010,1,0.041588552,-1.9069688
ProtT5-XL,UMAP,seq_1011,0,-0.092323296,-0.731368
ProtT5-XL,UMAP,seq_1012,0,-0.02471408,4.0980163
ProtT5-XL,UMAP,seq_1013,0,-1.3251894,0.9514799
ProtT5-XL,UMAP,seq_1014,0,-1.1561029,0.62905425
ProtT5-XL,UMAP,seq_1015,0,4.542195,-0.48402855
ProtT5-XL,UMAP,seq_1016,0,4.250953,-0.61494046
ProtT5-XL,UMAP,seq_1017,0,1.0109254,1.0975014
ProtT5-XL,UMAP,seq_1018,0,-1.2908579,0.62499183
ProtT5-XL,UMAP,seq_1019,0,0.7916979,1.7964048
ProtT5-XL,UMAP,seq_1020,0,-1.5781333,0.9926222
ProtT5-XL,UMAP,seq_1021,0,0.6759404,2.3846948
ProtT5-XL,UMAP,seq_1022,0,-0.46530616,7.5735555
ProtT5-XL,UMAP,seq_1023,0,4.545154,-0.5676241
ProtT5-XL,UMAP,seq_1024,0,-1.5551124,0.6578382
ProtT5-XL,UMAP,seq_1025,0,3.2236378,-0.9252599
ProtT5-XL,UMAP,seq_1026,0,-3.6790287,0.1722231
ProtT5-XL,UMAP,seq_1027,0,1.8852847,1.3374536
ProtT5-XL,UMAP,seq_1028,0,3.8001962,-0.5701061
ProtT5-XL,UMAP,seq_1029,0,-1.671602,1.0966967
ProtT5-XL,UMAP,seq_1030,0,1.311776,1.4443977
ProtT5-XL,UMAP,seq_1031,0,0.95861644,-0.38349444
ProtT5-XL,UMAP,seq_1032,0,3.7848423,-0.4767169
ProtT5-XL,UMAP,seq_1033,0,-0.7455339,0.4421463
ProtT5-XL,UMAP,seq_1034,0,-0.365811,0.6017103
ProtT5-XL,UMAP,seq_1035,0,4.358072,-0.6116034
ProtT5-XL,UMAP,seq_1036,0,3.1551478,2.6973417
ProtT5-XL,UMAP,seq_1037,0,-1.2071565,0.41076878
ProtT5-XL,UMAP,seq_1038,0,0.2414745,3.9035604
ProtT5-XL,UMAP,seq_1039,0,4.2518907,-0.61097264
ProtT5-XL,UMAP,seq_1040,0,-0.335471,0.5210847
ProtT5-XL,UMAP,seq_1041,0,0.766642,0.9443949
ProtT5-XL,UMAP,seq_1042,0,-0.30347615,0.376065
ProtT5-XL,UMAP,seq_1043,0,-1.2379736,1.0099871
ProtT5-XL,UMAP,seq_1044,0,-0.55109847,6.5908394
ProtT5-XL,UMAP,seq_1045,0,-0.5540228,6.610439
ProtT5-XL,UMAP,seq_1046,0,1.635051,-0.6695602
ProtT5-XL,UMAP,seq_1047,0,-0.9200296,0.46490863
ProtT5-XL,UMAP,seq_1048,0,0.30995518,0.8931917
ProtT5-XL,UMAP,seq_1049,0,-0.35675496,-0.1681114
ProtT5-XL,UMAP,seq_1050,0,-2.857256,0.08320576
ProtT5-XL,UMAP,seq_1051,0,-1.439754,0.57719725
ProtT5-XL,UMAP,seq_1052,0,-1.4931393,0.5502498
ProtT5-XL,UMAP,seq_1053,0,-3.3961449,0.24338607
ProtT5-XL,UMAP,seq_1054,0,-3.777087,0.3180474
ProtT5-XL,UMAP,seq_1055,0,-5.5151534,6.097872
ProtT5-XL,UMAP,seq_1056,0,-1.4853369,0.79313546
ProtT5-XL,UMAP,seq_1057,0,-0.6502615,6.5029416
ProtT5-XL,UMAP,seq_1058,0,4.491403,8.835285
ProtT5-XL,UMAP,seq_1059,0,0.47121575,2.9606326
ProtT5-XL,UMAP,seq_1060,0,-2.2557063,4.2418213
ProtT5-XL,UMAP,seq_1061,0,-0.7284171,3.959595
ProtT5-XL,UMAP,seq_1062,0,-1.2586379,0.64370805
ProtT5-XL,UMAP,seq_1063,0,-2.272564,4.002481
ProtT5-XL,UMAP,seq_1064,0,-3.577252,-0.046120785
ProtT5-XL,UMAP,seq_1065,0,-0.106655575,6.358655
ProtT5-XL,UMAP,seq_1066,0,-0.7032688,-1.3270831
ProtT5-XL,UMAP,seq_1067,0,-0.7210853,0.35283875
ProtT5-XL,UMAP,seq_1068,0,3.5663385,-0.833892
ProtT5-XL,UMAP,seq_1069,0,-1.3534108,1.3622483
ProtT5-XL,UMAP,seq_1070,0,-0.4789342,6.6802716
ProtT5-XL,UMAP,seq_1071,0,-1.5120827,1.2100773
ProtT5-XL,UMAP,seq_1072,0,1.2544345,0.4871522
ProtT5-XL,UMAP,seq_1073,0,1.1065811,-2.1285846
ProtT5-XL,UMAP,seq_1074,0,-3.5992467,0.08620974
ProtT5-XL,UMAP,seq_1075,0,1.9395518,0.63294023
ProtT5-XL,UMAP,seq_1076,0,-1.2038066,5.094575
ProtT5-XL,UMAP,seq_1077,0,1.2014526,-2.1215246
ProtT5-XL,UMAP,seq_1078,0,-0.3824553,6.9875736
ProtT5-XL,UMAP,seq_1079,0,-0.39213857,6.9325724
ProtT5-XL,UMAP,seq_1080,0,-3.523201,0.048682697
ProtT5-XL,UMAP,seq_1081,0,-3.572861,0.1479577
ProtT5-XL,UMAP,seq_1082,0,-2.8212435,3.9986444
ProtT5-XL,UMAP,seq_1083,0,-1.6594609,0.038458887
ProtT5-XL,UMAP,seq_1084,0,-1.3267257,4.101629
ProtT5-XL,UMAP,seq_1085,0,0.53744334,0.4278278
ProtT5-XL,UMAP,seq_1086,0,-2.9071734,4.2134748
ProtT5-XL,UMAP,seq_1087,0,-1.5654824,4.558249
ProtT5-XL,UMAP,seq_1088,0,1.0477148,0.6528459
ProtT5-XL,UMAP,seq_1089,0,1.791688,-2.1865618
ProtT5-XL,UMAP,seq_1090,0,-1.4353901,0.6754296
ProtT5-XL,UMAP,seq_1091,0,0.8252456,1.0466444
ProtT5-XL,UMAP,seq_1092,0,-1.4877075,0.7814839
ProtT5-XL,UMAP,seq_1093,0,3.7616532,1.760467
ProtT5-XL,UMAP,seq_1094,0,-1.1608814,0.61739284
ProtT5-XL,UMAP,seq_1095,0,-1.5936357,1.3009914
ProtT5-XL,UMAP,seq_1096,0,-1.5384144,0.7644971
ProtT5-XL,UMAP,seq_1097,0,-0.6625425,5.6185174
ProtT5-XL,UMAP,seq_1098,0,-1.4900442,0.5133822
ProtT5-XL,UMAP,seq_1099,0,-0.21162227,6.6153407
ProtT5-XL,UMAP,seq_1100,0,0.08146695,0.124604344
ProtT5-XL,UMAP,seq_1101,0,-1.4633493,0.9596853
ProtT5-XL,UMAP,seq_1102,0,0.67317015,-0.37218207
ProtT5-XL,UMAP,seq_1103,0,-1.0720202,1.3725698
ProtT5-XL,UMAP,seq_1104,0,-0.4081316,7.272008
ProtT5-XL,UMAP,seq_1105,0,3.7544665,-0.650786
ProtT5-XL,UMAP,seq_1106,0,-1.5903676,1.1386986
ProtT5-XL,UMAP,seq_1107,0,-1.5802457,1.0536616
ProtT5-XL,UMAP,seq_1108,0,-3.5969627,0.23779851
ProtT5-XL,UMAP,seq_1109,0,-0.7550708,1.4279264
ProtT5-XL,UMAP,seq_1110,0,-0.20083445,0.25454724
ProtT5-XL,UMAP,seq_1111,0,-3.5808759,0.12848137
ProtT5-XL,UMAP,seq_1112,0,0.876028,1.0460659
ProtT5-XL,UMAP,seq_1113,0,3.0256355,3.1734495
ProtT5-XL,UMAP,seq_1114,0,-1.3613554,0.5066925
ProtT5-XL,UMAP,seq_1115,0,-0.08886897,3.452297
ProtT5-XL,UMAP,seq_1116,0,-1.5033333,0.66358334
ProtT5-XL,UMAP,seq_1117,0,-1.2529025,0.44426468
ProtT5-XL,UMAP,seq_1118,0,-0.84453124,-0.28913525
ProtT5-XL,UMAP,seq_1119,0,-1.4893439,0.44432127
ProtT5-XL,UMAP,seq_1120,0,-1.4108368,1.0200027
ProtT5-XL,UMAP,seq_1121,0,-1.1949841,1.1957778
ProtT5-XL,UMAP,seq_1122,0,1.6288779,3.3600383
ProtT5-XL,UMAP,seq_1123,0,-1.4905496,0.8041392
ProtT5-XL,UMAP,seq_1124,0,-1.6107019,1.1512375
ProtT5-XL,UMAP,seq_1125,0,0.50120306,2.7415102
ProtT5-XL,UMAP,seq_1126,0,3.6702042,1.0630008
ProtT5-XL,UMAP,seq_1127,0,2.902859,-0.69448704
ProtT5-XL,UMAP,seq_1128,0,-2.2000241,3.9852993
ProtT5-XL,UMAP,seq_1129,0,-1.6099329,4.4414477
ProtT5-XL,UMAP,seq_1130,0,0.97310394,1.0250839
ProtT5-XL,UMAP,seq_1131,0,-0.15412483,3.9708664
ProtT5-XL,UMAP,seq_1132,0,-1.4658613,1.0141294
ProtT5-XL,UMAP,seq_1133,0,-1.258352,1.3443522
ProtT5-XL,UMAP,seq_1134,0,-1.669039,0.9890962
ProtT5-XL,UMAP,seq_1135,0,-3.653997,0.21517111
ProtT5-XL,UMAP,seq_1136,0,1.6471221,1.0118939
ProtT5-XL,UMAP,seq_1137,0,-1.7465839,0.48604634
ProtT5-XL,UMAP,seq_1138,0,-1.1703987,0.5912265
ProtT5-XL,UMAP,seq_1139,0,1.4892653,-1.0117915
ProtT5-XL,UMAP,seq_1140,0,0.2728653,3.549459
ProtT5-XL,UMAP,seq_1141,0,-3.4662359,5.375163
ProtT5-XL,UMAP,seq_1142,0,1.2469105,-1.9173391
ProtT5-XL,UMAP,seq_1143,0,0.29269895,3.3883371
ProtT5-XL,UMAP,seq_1144,0,0.42286322,3.8716676
ProtT5-XL,UMAP,seq_1145,0,4.589166,9.004043
ProtT5-XL,UMAP,seq_1146,0,-0.15383969,0.5532846
ProtT5-XL,UMAP,seq_1147,0,4.6225014,-0.49133098
ProtT5-XL,UMAP,seq_1148,0,1.1158913,10.5292015
ProtT5-XL,UMAP,seq_1149,0,0.1581391,6.4981637
ProtT5-XL,UMAP,seq_1150,0,0.96052474,1.0211183
ProtT5-XL,UMAP,seq_1151,0,-0.7973712,0.74390393
ProtT5-XL,UMAP,seq_1152,0,-1.7755066,0.17837827
ProtT5-XL,UMAP,seq_1153,0,-0.5951749,5.755435
ProtT5-XL,UMAP,seq_1154,0,-0.41935486,0.41570395
ProtT5-XL,UMAP,seq_1155,0,3.7015061,-0.79959303
ProtT5-XL,UMAP,seq_1156,0,-0.49575898,7.433177
ProtT5-XL,UMAP,seq_1157,0,-1.4649299,0.98683316
ProtT5-XL,UMAP,seq_1158,0,-0.5155426,0.8917498
ProtT5-XL,UMAP,seq_1159,0,-1.861797,0.10754592
ProtT5-XL,UMAP,seq_1160,0,-1.8608849,0.09894172
ProtT5-XL,UMAP,seq_1161,0,-0.23391557,-0.68022394
ProtT5-XL,UMAP,seq_1162,0,2.900725,-0.6812143
ProtT5-XL,UMAP,seq_1163,0,0.18008758,-0.33508512
ProtT5-XL,UMAP,seq_1164,0,-1.3154328,0.181354
ProtT5-XL,UMAP,seq_1165,0,-1.7982807,4.585825
ProtT5-XL,UMAP,seq_1166,0,-2.3592017,4.4493685
ProtT5-XL,UMAP,seq_1167,0,-0.9772448,1.4511498
ProtT5-XL,UMAP,seq_1168,0,-1.6546433,1.0535264
ProtT5-XL,UMAP,seq_1169,0,-1.5361005,0.48264658
ProtT5-XL,UMAP,seq_1170,0,-1.3952326,0.6904608
ProtT5-XL,UMAP,seq_1171,0,-1.539777,1.0027188
ProtT5-XL,UMAP,seq_1172,0,4.581316,-0.5545646
ProtT5-XL,UMAP,seq_1173,0,1.6006569,-1.6254147
ProtT5-XL,UMAP,seq_1174,0,-1.4870545,0.98847914
ProtT5-XL,UMAP,seq_1175,0,-1.0472442,1.3878589
ProtT5-XL,UMAP,seq_1176,0,-1.2499746,0.563859
ProtT5-XL,UMAP,seq_1177,0,1.4376945,2.837956
ProtT5-XL,UMAP,seq_1178,0,-3.142244,0.12315306
ProtT5-XL,UMAP,seq_1179,0,-2.2352493,3.9696481
ProtT5-XL,UMAP,seq_1180,0,3.759963,-0.48602977
ProtT5-XL,UMAP,seq_1181,0,-2.4728067,4.4425197
ProtT5-XL,UMAP,seq_1182,0,-0.80774176,0.57798696
ProtT5-XL,UMAP,seq_1183,0,-0.70930356,5.532097
ProtT5-XL,UMAP,seq_1184,0,-1.0994021,1.3171734
ProtT5-XL,UMAP,seq_1185,0,0.9716754,1.111184
ProtT5-XL,UMAP,seq_1186,0,0.12501082,3.6105754
ProtT5-XL,UMAP,seq_1187,0,1.5449468,0.88108456
ProtT5-XL,UMAP,seq_1188,0,1.0985724,-0.57512885
ProtT5-XL,UMAP,seq_1189,0,1.241433,-2.3772194
ProtT5-XL,UMAP,seq_1190,0,-1.6611345,1.0257472
ProtT5-XL,UMAP,seq_1191,0,-0.15718031,6.5976696
ProtT5-XL,UMAP,seq_1192,0,-1.7479364,4.593304
ProtT5-XL,UMAP,seq_1193,0,-0.2670397,0.44116843
ProtT5-XL,UMAP,seq_1194,0,-0.2217365,-0.2197288
ProtT5-XL,UMAP,seq_1195,0,-9.294516,-4.472462
ProtT5-XL,UMAP,seq_1196,0,-3.6716516,0.17990112
ProtT5-XL,UMAP,seq_1197,0,0.7388745,-0.3231513
ProtT5-XL,UMAP,seq_1198,0,-2.475371,4.4419446
ProtT5-XL,UMAP,seq_1199,0,4.626239,-0.536263
ProtT5-XL,UMAP,seq_1200,0,-1.0181565,1.4681106
ProtT5-XL,UMAP,seq_1201,0,3.4477987,-0.7959249
ProtT5-XL,UMAP,seq_1202,0,-3.6789565,0.2243709
ProtT5-XL,UMAP,seq_1203,0,-0.6963559,0.8115512
ProtT5-XL,UMAP,seq_1204,0,0.2078831,-1.6811575
ProtT5-XL,UMAP,seq_1205,0,-1.6848998,1.0630463
ProtT5-XL,UMAP,seq_1206,0,-0.45006433,7.450325
ProtT5-XL,UMAP,seq_1207,0,0.45126227,3.8582697
ProtT5-XL,UMAP,seq_1208,0,-2.1625025,4.342144
ProtT5-XL,UMAP,seq_1209,0,-1.4603332,1.1281906
ProtT5-XL,UMAP,seq_1210,0,-3.6594007,0.22276947
ProtT5-XL,UMAP,seq_1211,0,-0.09257053,-0.025755849
ProtT5-XL,UMAP,seq_1212,0,0.0042773336,4.311686
ProtT5-XL,UMAP,seq_1213,0,-1.148343,0.014759073
ProtT5-XL,UMAP,seq_1214,0,-0.8172969,0.48863047
ProtT5-XL,UMAP,seq_1215,0,-1.8620546,0.35561314
ProtT5-XL,UMAP,seq_1216,0,4.565316,-0.49091578
ProtT5-XL,UMAP,seq_1217,0,0.5360015,3.709019
ProtT5-XL,UMAP,seq_1218,0,-1.3425249,0.5855397
ProtT5-XL,UMAP,seq_1219,0,-1.8342372,0.43944153
ProtT5-XL,UMAP,seq_1220,0,-1.0452355,0.8444127
ProtT5-XL,UMAP,seq_1221,0,-1.6466614,1.0119842
ProtT5-XL,UMAP,seq_1222,0,-1.5107118,0.983184
ProtT5-XL,UMAP,seq_1223,0,0.45416823,10.865286
ProtT5-XL,UMAP,seq_1224,0,-1.1925352,1.1774771
ProtT5-XL,UMAP,seq_1225,0,-1.4178461,0.5523026
ProtT5-XL,UMAP,seq_1226,0,-0.47778252,7.679128
ProtT5-XL,UMAP,seq_1227,0,-3.6159449,0.2704741
ProtT5-XL,UMAP,seq_1228,0,-2.437846,4.406314
ProtT5-XL,UMAP,seq_1229,0,-0.7371821,0.2125462
ProtT5-XL,UMAP,seq_1230,0,-2.0205047,5.0135217
ProtT5-XL,UMAP,seq_1231,0,-0.5793222,-1.2785403
ProtT5-XL,UMAP,seq_1232,0,0.06716223,0.14961164
ProtT5-XL,UMAP,seq_1233,0,-1.1172253,0.44487014
ProtT5-XL,UMAP,seq_1234,0,-1.2427729,4.493352
ProtT5-XL,UMAP,seq_1235,0,-2.5564427,4.2779636
ProtT5-XL,UMAP,seq_1236,0,-1.8454034,0.46685368
ProtT5-XL,UMAP,seq_1237,0,-2.1965764,5.1595454
ProtT5-XL,UMAP,seq_1238,0,0.6255304,0.4393332
ProtT5-XL,UMAP,seq_1239,0,0.9508596,1.0274509
ProtT5-XL,UMAP,seq_1240,0,-1.8933125,5.139151
ProtT5-XL,UMAP,seq_1241,0,-1.8785064,4.496918
ProtT5-XL,UMAP,seq_1242,0,0.3568046,0.2182923
ProtT5-XL,UMAP,seq_1243,0,-1.6768771,4.494954
ProtT5-XL,UMAP,seq_1244,0,-1.7587177,3.1937542
ProtT5-XL,UMAP,seq_1245,0,0.14213353,3.97393
ProtT5-XL,UMAP,seq_1246,0,-2.3329437,4.3216987
ProtT5-XL,UMAP,seq_1247,0,0.63841534,-0.7068108
ProtT5-XL,UMAP,seq_1248,0,0.41389376,2.6905186
ProtT5-XL,UMAP,seq_1249,0,1.1300721,0.0464642
ProtT5-XL,UMAP,seq_1250,0,-2.7513986,4.1575546
ProtT5-XL,UMAP,seq_1251,0,11.464309,5.459852
ProtT5-XL,UMAP,seq_1252,0,-1.8944678,4.0113277
ProtT5-XL,UMAP,seq_1253,0,-3.0824485,5.0495477
ProtT5-XL,UMAP,seq_1254,0,-2.2703474,4.2626705
ProtT5-XL,UMAP,seq_1255,0,-0.8192615,4.391603
ProtT5-XL,UMAP,seq_1256,0,-2.0202649,4.2466197
ProtT5-XL,UMAP,seq_1257,0,-0.16313262,-0.75647026
ProtT5-XL,UMAP,seq_1258,0,-1.5159651,4.4790435
ProtT5-XL,UMAP,seq_1259,0,0.95963585,-2.0013406
ProtT5-XL,UMAP,seq_1260,0,-1.2085415,2.3477747
ProtT5-XL,UMAP,seq_1261,0,-2.2913074,4.0188622
ProtT5-XL,UMAP,seq_1262,0,-1.0696529,0.3379016
ProtT5-XL,UMAP,seq_1263,0,-0.25867748,6.2445607
ProtT5-XL,UMAP,seq_1264,0,0.84866995,-0.68150836
ProtT5-XL,UMAP,seq_1265,0,-1.4466033,0.1494195
ProtT5-XL,UMAP,seq_1266,0,-1.7727058,3.0369143
ProtT5-XL,UMAP,seq_1267,0,-2.3901057,4.0385556
ProtT5-XL,UMAP,seq_1268,0,-1.7515825,2.5587692
ProtT5-XL,UMAP,seq_1269,0,1.0884137,3.7280545
ProtT5-XL,UMAP,seq_1270,0,-1.4440355,0.20430765
ProtT5-XL,UMAP,seq_1271,0,-1.1698854,0.5062417
ProtT5-XL,UMAP,seq_1272,0,-0.122642875,-0.93625027
ProtT5-XL,UMAP,seq_1273,0,-1.9279853,4.240736
ProtT5-XL,UMAP,seq_1274,0,-1.299215,0.25234002
ProtT5-XL,UMAP,seq_1275,0,-1.8517597,4.506299
ProtT5-XL,UMAP,seq_1276,0,-1.2915736,4.3018417
ProtT5-XL,UMAP,seq_1277,0,1.8831486,0.5756713
ProtT5-XL,UMAP,seq_1278,0,-2.9118607,4.154694
ProtT5-XL,UMAP,seq_1279,0,-1.1115046,0.42401963
ProtT5-XL,UMAP,seq_1280,0,3.3854597,-2.096748
ProtT5-XL,UMAP,seq_1281,0,0.02466491,-1.9460052
ProtT5-XL,UMAP,seq_1282,0,-0.089754544,6.6276474
ProtT5-XL,UMAP,seq_1283,0,-0.7177986,-1.2285061
ProtT5-XL,UMAP,seq_1284,0,-1.4603167,0.17527823
ProtT5-XL,UMAP,seq_1285,0,-1.7058424,0.4573071
ProtT5-XL,UMAP,seq_1286,0,-3.4700994,0.113998316
ProtT5-XL,UMAP,seq_1287,0,-2.6607711,4.2520757
ProtT5-XL,UMAP,seq_1288,0,-1.4793382,0.16036412
ProtT5-XL,UMAP,seq_1289,0,1.1828362,0.82648337
ProtT5-XL,UMAP,seq_1290,0,1.393993,0.99821925
ProtT5-XL,UMAP,seq_1291,0,-1.4237124,4.345433
ProtT5-XL,UMAP,seq_1292,0,-0.15582778,0.36626756
ProtT5-XL,UMAP,seq_1293,0,-1.0320704,2.0878596
ProtT5-XL,UMAP,seq_1294,0,-0.2181772,-0.5254473
ProtT5-XL,UMAP,seq_1295,0,-3.5442488,-0.16211838
ProtT5-XL,UMAP,seq_1296,0,4.135297,1.6789582
ProtT5-XL,UMAP,seq_1297,0,-3.7260911,0.2789775
ProtT5-XL,UMAP,seq_1298,0,-0.5510195,-0.1361081
ProtT5-XL,UMAP,seq_1299,0,-0.29632214,-1.1674385
ProtT5-XL,UMAP,seq_1300,0,-1.785686,-0.21522634
ProtT5-XL,UMAP,seq_1301,0,0.04999253,-1.846722
ProtT5-XL,UMAP,seq_1302,0,-1.7754337,4.5941973
ProtT5-XL,UMAP,seq_1303,0,1.851958,-2.3464856
ProtT5-XL,UMAP,seq_1304,0,1.4610296,-2.0494614
ProtT5-XL,UMAP,seq_1305,0,1.6878871,-2.0840333
ProtT5-XL,UMAP,seq_1306,0,3.2129114,-0.24157816
ProtT5-XL,UMAP,seq_1307,0,-1.8883859,3.051179
ProtT5-XL,UMAP,seq_1308,0,1.5550672,-2.0680792
ProtT5-XL,UMAP,seq_1309,0,-0.025799556,-0.7034604
ProtT5-XL,UMAP,seq_1310,0,-1.1661023,4.339561
ProtT5-XL,UMAP,seq_1311,0,0.17181881,-0.37621653
ProtT5-XL,UMAP,seq_1312,0,-0.16753379,-0.7104547
ProtT5-XL,UMAP,seq_1313,0,1.906042,10.477821
ProtT5-XL,UMAP,seq_1314,0,-3.6139615,0.36417216
ProtT5-XL,UMAP,seq_1315,0,-3.618804,0.112812884
ProtT5-XL,UMAP,seq_1316,0,-1.5653163,1.1174506
ProtT5-XL,UMAP,seq_1317,0,-1.4837642,0.1834676
ProtT5-XL,UMAP,seq_1318,0,0.83089274,0.9517517
ProtT5-XL,UMAP,seq_1319,0,-0.25379103,4.864305
ProtT5-XL,UMAP,seq_1320,0,-1.7931504,2.8016481
ProtT5-XL,UMAP,seq_1321,0,0.58545464,-0.8590064
ProtT5-XL,UMAP,seq_1322,0,0.018586714,3.7042155
ProtT5-XL,UMAP,seq_1323,0,-1.4550667,4.505407
ProtT5-XL,UMAP,seq_1324,0,-2.2835107,3.979031
ProtT5-XL,UMAP,seq_1325,0,-1.7984349,0.19991039
ProtT5-XL,UMAP,seq_1326,0,-0.97790575,4.237666
ProtT5-XL,UMAP,seq_1327,0,-1.3475918,4.2836614
ProtT5-XL,UMAP,seq_1328,0,0.030595878,-1.9565665
ProtT5-XL,UMAP,seq_1329,0,-1.2054381,0.5811399
ProtT5-XL,UMAP,seq_1330,0,0.05784699,-0.41478622
ProtT5-XL,UMAP,seq_1331,0,-0.28223935,-0.70186454
ProtT5-XL,UMAP,seq_1332,0,-0.33747995,-0.8751873
ProtT5-XL,UMAP,seq_1333,0,-0.4243127,-0.82283175
ProtT5-XL,UMAP,seq_1334,0,0.96044385,-0.85080546
ProtT5-XL,UMAP,seq_1335,0,0.16765153,-0.28645936
ProtT5-XL,UMAP,seq_1336,0,-3.4822984,0.089186616
ProtT5-XL,UMAP,seq_1337,0,-0.3363514,-0.6501249
ProtT5-XL,UMAP,seq_1338,0,-0.11424218,-0.39903346
ProtT5-XL,UMAP,seq_1339,0,-0.28208712,-0.45656353
ProtT5-XL,UMAP,seq_1340,0,-0.3634761,-0.9060506
ProtT5-XL,UMAP,seq_1341,0,-0.8511869,-0.72228926
ProtT5-XL,UMAP,seq_1342,0,0.281464,0.58970505
ProtT5-XL,UMAP,seq_1343,0,-0.19247825,-0.8836209
ProtT5-XL,UMAP,seq_1344,0,0.770359,0.27761674
ProtT5-XL,UMAP,seq_1345,0,0.073532715,-1.36147
ProtT5-XL,UMAP,seq_1346,0,-0.17856975,-0.84203964
ProtT5-XL,UMAP,seq_1347,0,-0.8686913,-0.76685464
ProtT5-XL,UMAP,seq_1348,0,-0.7747071,0.08372221
ProtT5-XL,UMAP,seq_1349,0,0.008185358,-0.65342814
ProtT5-XL,UMAP,seq_1350,0,-0.46577427,-0.52368146
ProtT5-XL,UMAP,seq_1351,0,-0.7543381,-1.2546101
ProtT5-XL,UMAP,seq_1352,0,0.13294806,0.11300893
ProtT5-XL,UMAP,seq_1353,0,1.4699665,-1.2018135
ProtT5-XL,UMAP,seq_1354,0,1.1952304,-2.2906039
ProtT5-XL,UMAP,seq_1355,0,-2.7905912,3.9824612
ProtT5-XL,UMAP,seq_1356,0,0.3735234,-0.88083166
ProtT5-XL,UMAP,seq_1357,0,0.048626017,-1.313483
ProtT5-XL,UMAP,seq_1358,0,0.37593073,-1.0077336
ProtT5-XL,UMAP,seq_1359,0,-0.8124586,-0.6541829
ProtT5-XL,UMAP,seq_1360,0,-0.3648686,-0.59993607
ProtT5-XL,UMAP,seq_1361,0,0.061581448,0.23613304
ProtT5-XL,UMAP,seq_1362,0,-0.7701236,-1.2601004
ProtT5-XL,UMAP,seq_1363,0,-1.4540031,2.5512657
ProtT5-XL,UMAP,seq_1364,0,-0.48478585,-0.81567687
ProtT5-XL,UMAP,seq_1365,0,-0.08968895,-0.33063322
ProtT5-XL,UMAP,seq_1366,0,0.046808306,-0.17502975
ProtT5-XL,UMAP,seq_1367,0,-0.6820352,-1.2242795
ProtT5-XL,UMAP,seq_1368,0,0.3003803,0.24771641
ProtT5-XL,UMAP,seq_1369,0,0.3485828,-1.0744919
ProtT5-XL,UMAP,seq_1370,0,-0.23011166,-0.75770754
ProtT5-XL,UMAP,seq_1371,0,0.5323062,0.07812765
ProtT5-XL,UMAP,seq_1372,0,-0.58937967,-0.84280556
ProtT5-XL,UMAP,seq_1373,0,-1.2832817,2.7188416
ProtT5-XL,UMAP,seq_1374,0,0.45943603,-0.5104072
ProtT5-XL,UMAP,seq_1375,0,-0.33553922,-0.99992585
ProtT5-XL,UMAP,seq_1376,0,0.0091172615,-0.60222954
ProtT5-XL,UMAP,seq_1377,0,-0.47877362,-0.8962739
ProtT5-XL,UMAP,seq_1378,0,2.42017,-0.761808
ProtT5-XL,UMAP,seq_1379,0,0.05281092,-0.40631682
ProtT5-XL,UMAP,seq_1380,0,-1.2850052,-0.51620924
ProtT5-XL,UMAP,seq_1381,0,-0.2818664,-0.59127825
ProtT5-XL,UMAP,seq_1382,0,-0.68269545,-1.3369612
ProtT5-XL,UMAP,seq_1383,0,-0.9280368,-0.39447892
ProtT5-XL,UMAP,seq_1384,0,0.45239812,0.7709424
ProtT5-XL,UMAP,seq_1385,0,-0.46438363,-0.59882385
ProtT5-XL,UMAP,seq_1386,0,1.6465485,-2.3322608
ProtT5-XL,UMAP,seq_1387,0,-0.7195444,-1.2640109
ProtT5-XL,UMAP,seq_1388,0,-0.014458625,-0.7446665
ProtT5-XL,UMAP,seq_1389,0,-0.702531,-1.3067541
ProtT5-XL,UMAP,seq_1390,0,3.065904,-0.5890147
ProtT5-XL,UMAP,seq_1391,0,-0.09570668,-0.23588468
ProtT5-XL,UMAP,seq_1392,0,-0.8045318,-1.2508588
ProtT5-XL,UMAP,seq_1393,0,0.62914306,0.9204859
ProtT5-XL,UMAP,seq_1394,0,0.15150318,-0.8310504
ProtT5-XL,UMAP,seq_1395,0,-1.2459987,0.0031951717
ProtT5-XL,UMAP,seq_1396,0,-0.7363634,-1.2106874
ProtT5-XL,UMAP,seq_1397,0,0.42131242,0.75375277
ProtT5-XL,UMAP,seq_1398,0,-0.7420881,-1.3196123
ProtT5-XL,UMAP,seq_1399,0,0.5624148,-0.7211808
ProtT5-XL,UMAP,seq_1400,0,1.0333347,0.110824786
ProtT5-XL,UMAP,seq_1401,0,0.12659267,-0.79088277
ProtT5-XL,UMAP,seq_1402,0,0.4271862,-1.6237863
ProtT5-XL,UMAP,seq_1403,0,-0.4254758,-0.8101127
ProtT5-XL,UMAP,seq_1404,0,0.3568403,-0.57305056
ProtT5-XL,UMAP,seq_1405,0,-0.95874995,4.514883
ProtT5-XL,UMAP,seq_1406,0,4.6273136,-0.52393657
ProtT5-XL,UMAP,seq_1407,0,-1.5992929,4.1764703
ProtT5-XL,UMAP,seq_1408,0,-1.6272985,2.4973178
ProtT5-XL,UMAP,seq_1409,0,-1.2777923,0.43957853
ProtT5-XL,UMAP,seq_1410,0,-1.3317838,4.13676
ProtT5-XL,UMAP,seq_1411,0,-5.37109,6.0394344
ProtT5-XL,UMAP,seq_1412,0,-1.9869624,4.828684
ProtT5-XL,UMAP,seq_1413,0,-2.4039729,4.1225305
ProtT5-XL,UMAP,seq_1414,0,-2.146497,4.1163406
ProtT5-XL,UMAP,seq_1415,0,3.7014606,-2.8165317
ProtT5-XL,UMAP,seq_1416,0,-1.1502914,2.2507637
ProtT5-XL,UMAP,seq_1417,0,-1.7239492,2.604385
ProtT5-XL,UMAP,seq_1418,0,-0.96215427,4.322589
ProtT5-XL,UMAP,seq_1419,0,-2.0189214,4.6401315
ProtT5-XL,UMAP,seq_1420,0,-1.0569683,5.0011168
ProtT5-XL,UMAP,seq_1421,0,-3.5716097,0.11337411
ProtT5-XL,UMAP,seq_1422,0,0.42163444,3.7668588
ProtT5-XL,UMAP,seq_1423,0,-2.257645,4.370929
ProtT5-XL,UMAP,seq_1424,0,-0.8134224,-1.3090782
ProtT5-XL,UMAP,seq_1425,0,0.14147736,-0.47855994
ProtT5-XL,UMAP,seq_1426,0,0.17332412,-0.4529863
ProtT5-XL,UMAP,seq_1427,0,-0.6571471,5.7306237
ProtT5-XL,UMAP,seq_1428,0,0.31189728,1.9230657
ProtT5-XL,UMAP,seq_1429,0,-0.20177355,-0.32863006
ProtT5-XL,UMAP,seq_1430,0,3.113602,2.7931173
ProtT5-XL,UMAP,seq_1431,0,-0.7770424,4.495697
ProtT5-XL,UMAP,seq_1432,0,3.2436142,3.2063968
ProtT5-XL,UMAP,seq_1433,0,-0.41530088,6.7398224
ProtT5-XL,UMAP,seq_1434,0,-1.6376742,4.258316
ProtT5-XL,UMAP,seq_1435,0,-2.05494,4.366813
ProtT5-XL,UMAP,seq_1436,0,-0.117164105,6.3542404
ProtT5-XL,UMAP,seq_1437,0,-2.2990117,4.4745746
ProtT5-XL,UMAP,seq_1438,0,-3.1445038,4.2321773
ProtT5-XL,UMAP,seq_1439,0,-0.79676706,4.67902
ProtT5-XL,UMAP,seq_1440,0,-2.2450328,4.2051272
ProtT5-XL,UMAP,seq_1441,0,-1.1237044,0.47012112
ProtT5-XL,UMAP,seq_1442,0,1.9161608,0.7949669
ProtT5-XL,UMAP,seq_1443,0,-2.1268451,4.464594
ProtT5-XL,UMAP,seq_1444,0,2.0227418,3.7704759
ProtT5-XL,UMAP,seq_1445,0,4.455301,8.80053
ProtT5-XL,UMAP,seq_1446,0,-3.6806836,0.2315954
ProtT5-XL,UMAP,seq_1447,0,0.31994426,3.1890423
ProtT5-XL,UMAP,seq_1448,0,0.5210238,3.0021276
ProtT5-XL,UMAP,seq_1449,0,0.124336354,2.8875391
ProtT5-XL,UMAP,seq_1450,0,2.9651966,2.7085161
ProtT5-XL,UMAP,seq_1451,0,-1.5786332,0.6413537
ProtT5-XL,UMAP,seq_1452,0,-0.9702962,2.322518
ProtT5-XL,UMAP,seq_1453,0,-0.7585304,-0.6995368
ProtT5-XL,UMAP,seq_1454,0,-1.7978878,0.5323023
ProtT5-XL,UMAP,seq_1455,0,0.3694441,2.9771445
ProtT5-XL,UMAP,seq_1456,0,1.8629168,-2.0347722
ProtT5-XL,UMAP,seq_1457,0,0.39144632,-0.75524276
ProtT5-XL,UMAP,seq_1458,0,-2.2652597,4.4150896
ProtT5-XL,UMAP,seq_1459,0,1.350937,-0.7929733
ProtT5-XL,UMAP,seq_1460,0,0.23257649,-0.81745595
ProtT5-XL,UMAP,seq_1461,0,-3.500859,0.15179631
ProtT5-XL,UMAP,seq_1462,0,-1.2675741,0.4968222
ProtT5-XL,UMAP,seq_1463,0,0.9082162,-0.55148035
ProtT5-XL,UMAP,seq_1464,0,1.1706545,0.9216533
ProtT5-XL,UMAP,seq_1465,0,3.4757452,0.6913796
ProtT5-XL,UMAP,seq_1466,0,1.7125258,10.538815
ProtT5-XL,UMAP,seq_1467,0,2.9813068,3.0399082
ProtT5-XL,UMAP,seq_1468,0,1.3059195,-1.8676821
ProtT5-XL,UMAP,seq_1469,0,0.64823115,-0.34833497
ProtT5-XL,UMAP,seq_1470,0,2.3814292,2.7158716
ProtT5-XL,UMAP,seq_1471,0,-0.25539628,-0.033410355
ProtT5-XL,UMAP,seq_1472,0,2.9576838,-0.7478589
ProtT5-XL,UMAP,seq_1473,0,1.3033956,-2.4466267
ProtT5-XL,UMAP,seq_1474,0,-1.7394596,4.2355266
ProtT5-XL,UMAP,seq_1475,0,-0.22727142,11.617886
ProtT5-XL,UMAP,seq_1476,0,-3.3930998,-0.26119632
ProtT5-XL,UMAP,seq_1477,0,-0.34035486,-0.12273818
ProtT5-XL,UMAP,seq_1478,0,-2.5126085,3.3797514
ProtT5-XL,UMAP,seq_1479,0,3.1630602,-0.83489436
ProtT5-XL,UMAP,seq_1480,0,0.4006257,-0.523843
ProtT5-XL,UMAP,seq_1481,0,-1.6309086,4.3821115
ProtT5-XL,UMAP,seq_1482,0,0.63262147,5.0517344
ProtT5-XL,UMAP,seq_1483,0,1.7420877,10.352238
ProtT5-XL,UMAP,seq_1484,0,1.9254973,10.480223
ProtT5-XL,UMAP,seq_1485,0,-3.7362742,0.27380687
ProtT5-XL,UMAP,seq_1486,0,-0.26077715,-0.77701586
ProtT5-XL,UMAP,seq_1487,0,-2.1478672,4.8168635
ProtT5-XL,UMAP,seq_1488,0,-3.701253,0.24673022
ProtT5-XL,UMAP,seq_1489,0,-1.2509916,3.011403
ProtT5-XL,UMAP,seq_1490,0,0.54838604,2.9759703
ProtT5-XL,UMAP,seq_1491,0,3.09871,2.5220873
ProtT5-XL,UMAP,seq_1492,0,1.6387885,-2.1300054
ProtT5-XL,UMAP,seq_1493,0,0.91888326,-0.4599037
ProtT5-XL,UMAP,seq_1494,0,1.3931838,1.5926069
ProtT5-XL,UMAP,seq_1495,0,-1.8776639,4.389877
ProtT5-XL,UMAP,seq_1496,0,3.162983,2.7196562
ProtT5-XL,UMAP,seq_1497,0,-3.416946,4.0935645
ProtT5-XL,UMAP,seq_1498,0,1.2735466,1.8239067
ProtT5-XL,UMAP,seq_1499,0,-3.1229722,0.023007512
ProtT5-XL,UMAP,seq_1500,0,-0.5293616,4.8595057
ProtT5-XL,UMAP,seq_1501,0,-3.0650477,4.2141104
ProtT5-XL,UMAP,seq_1502,0,-1.7355889,3.1435523
ProtT5-XL,UMAP,seq_1503,0,1.4890698,-2.705781
ProtT5-XL,UMAP,seq_1504,0,-2.3632374,4.0988665
ProtT5-XL,UMAP,seq_1505,0,3.2682614,-0.5812902
ProtT5-XL,UMAP,seq_1506,0,-2.3191936,4.425166
ProtT5-XL,UMAP,seq_1507,0,-1.9076542,4.684035
ProtT5-XL,UMAP,seq_1508,0,-1.2818892,1.995354
ProtT5-XL,UMAP,seq_1509,0,0.5595574,2.8722255
ProtT5-XL,UMAP,seq_1510,0,-0.25537264,6.608522
ProtT5-XL,UMAP,seq_1511,0,-1.2345779,0.5828749
ProtT5-XL,UMAP,seq_1512,0,-2.2295458,4.29329
ProtT5-XL,UMAP,seq_1513,0,-0.35231206,6.687618
ProtT5-XL,UMAP,seq_1514,0,-2.3483016,4.3898134
ProtT5-XL,UMAP,seq_1515,0,-2.1622937,4.288309
ProtT5-XL,UMAP,seq_1516,0,1.079063,0.34724903
ProtT5-XL,UMAP,seq_1517,0,1.3456062,0.3707038
ProtT5-XL,UMAP,seq_1518,0,1.1251742,-0.051738996
ProtT5-XL,UMAP,seq_1519,0,0.5205089,-0.3731517
ProtT5-XL,UMAP,seq_1520,0,0.29484168,3.1108456
ProtT5-XL,UMAP,seq_1521,0,1.0368472,0.7599808
ProtT5-XL,UMAP,seq_1522,0,1.1706423,-2.1284368
ProtT5-XL,UMAP,seq_1523,0,-0.42407328,1.6228669
ProtT5-XL,UMAP,seq_1524,0,0.94000906,0.80651695
ProtT5-XL,UMAP,seq_1525,0,-0.594826,6.4771085
ProtT5-XL,UMAP,seq_1526,0,1.273225,-2.461867
ProtT5-XL,UMAP,seq_1527,0,-1.221774,4.4637322
ProtT5-XL,UMAP,seq_1528,0,-3.3021805,0.077624805
ProtT5-XL,UMAP,seq_1529,0,1.9962009,10.501764
ProtT5-XL,UMAP,seq_1530,0,-2.1714249,4.495366
ProtT5-XL,UMAP,seq_1531,0,0.5787038,0.3520527
ProtT5-XL,UMAP,seq_1532,0,-0.90572834,4.4016557
ProtT5-XL,UMAP,seq_1533,0,-2.2626035,4.2746663
ProtT5-XL,UMAP,seq_1534,0,1.0757685,-2.0818045
ProtT5-XL,UMAP,seq_1535,0,0.96160465,-0.36132848
ProtT5-XL,UMAP,seq_1536,0,-0.3539766,5.6264215
ProtT5-XL,UMAP,seq_1537,0,3.9650939,1.5393465
ProtT5-XL,UMAP,seq_1538,0,-1.5000665,0.77139854
ProtT5-XL,UMAP,seq_1539,0,0.06830858,-1.6286509
ProtT5-XL,UMAP,seq_1540,0,-1.0993657,-0.33237472
ProtT5-XL,UMAP,seq_1541,0,-1.6309845,0.9970409
ProtT5-XL,UMAP,seq_1542,0,0.49916163,-0.7496114
ProtT5-XL,UMAP,seq_1543,0,-1.3432817,4.6554804
ProtT5-XL,UMAP,seq_1544,0,-0.04828831,-0.32099676
ProtT5-XL,UMAP,seq_1545,0,-0.271313,-0.06289451
ProtT5-XL,UMAP,seq_1546,0,1.4100771,2.4048927
ProtT5-XL,UMAP,seq_1547,0,-2.5628405,4.115105
ProtT5-XL,UMAP,seq_1548,0,-1.8113655,4.5003724
ProtT5-XL,UMAP,seq_1549,0,-1.8560529,4.482422
ProtT5-XL,UMAP,seq_1550,0,1.0916951,0.7359227
ProtT5-XL,UMAP,seq_1551,0,2.089251,-0.7850626
ProtT5-XL,UMAP,seq_1552,0,-2.3137925,4.25172
ProtT5-XL,UMAP,seq_1553,0,1.0091069,1.1586293
ProtT5-XL,UMAP,seq_1554,0,-1.5199815,1.047114
ProtT5-XL,UMAP,seq_1555,0,-1.6749837,1.3760452
ProtT5-XL,UMAP,seq_1556,0,-1.3908994,0.8865709
ProtT5-XL,UMAP,seq_1557,0,2.1065602,10.641635
ProtT5-XL,UMAP,seq_1558,0,2.0921853,10.648942
ProtT5-XL,UMAP,seq_1559,0,-1.6926596,1.3860046
ProtT5-XL,UMAP,seq_1560,0,-1.6721247,1.248165
ProtT5-XL,UMAP,seq_1561,0,-1.697253,1.4008018
ProtT5-XL,UMAP,seq_1562,0,-0.9717757,6.454447
ProtT5-XL,UMAP,seq_1563,0,0.40917298,3.1889539
ProtT5-XL,UMAP,seq_1564,0,-0.08888519,0.18890299
ProtT5-XL,UMAP,seq_1565,0,2.0031886,-0.20186062
ProtT5-XL,UMAP,seq_1566,0,-2.1715233,4.2314777
ProtT5-XL,UMAP,seq_1567,0,0.14423493,2.9774961
ProtT5-XL,UMAP,seq_1568,0,-0.95524615,6.453827
ProtT5-XL,UMAP,seq_1569,0,-2.5038304,4.0621886
ProtT5-XL,UMAP,seq_1570,0,-0.42955294,6.0302434
ProtT5-XL,UMAP,seq_1571,0,-2.529505,4.2956004
ProtT5-XL,UMAP,seq_1572,0,-1.5958929,0.9818933
ProtT5-XL,UMAP,seq_1573,0,3.359367,-0.026210325
ProtT5-XL,UMAP,seq_1574,0,-1.3984686,0.6011565
ProtT5-XL,UMAP,seq_1575,0,0.15726952,4.0145493
ProtT5-XL,UMAP,seq_1576,0,-1.3678732,0.6183216
ProtT5-XL,UMAP,seq_1577,0,3.4425278,1.1583518
ProtT5-XL,UMAP,seq_1578,0,-0.77763325,-0.7073958
ProtT5-XL,UMAP,seq_1579,0,-1.8143831,4.4982595
ProtT5-XL,UMAP,seq_1580,0,1.4864448,1.2484974
ProtT5-XL,UMAP,seq_1581,0,-1.8255126,0.61343616
ProtT5-XL,UMAP,seq_1582,0,-1.4974065,3.7674866
ProtT5-XL,UMAP,seq_1583,0,0.3672455,0.84905195
ProtT5-XL,UMAP,seq_1584,0,-0.018503636,6.459348
ProtT5-XL,UMAP,seq_1585,0,-1.16544,1.151303
ProtT5-XL,UMAP,seq_1586,0,-1.422243,0.8290765
ProtT5-XL,UMAP,seq_1587,0,0.022619218,-1.9662122
ProtT5-XL,UMAP,seq_1588,0,-1.8478156,4.1462846
ProtT5-XL,UMAP,seq_1589,0,-2.4122808,4.0917444
ProtT5-XL,UMAP,seq_1590,0,-0.60557735,6.251423
ProtT5-XL,UMAP,seq_1591,0,3.2379665,3.2049289
ProtT5-XL,UMAP,seq_1592,0,-2.5877023,4.576981
ProtT5-XL,UMAP,seq_1593,0,0.2170526,4.529964
ProtT5-XL,UMAP,seq_1594,0,1.2275972,4.3927236
ProtT5-XL,UMAP,seq_1595,0,-0.34714592,3.9326565
ProtT5-XL,UMAP,seq_1596,0,0.12936966,3.1822133
ProtT5-XL,UMAP,seq_1597,0,1.3336947,4.476885
ProtT5-XL,UMAP,seq_1598,0,0.32173735,5.5172305
ProtT5-XL,UMAP,seq_1599,0,0.9003911,2.0940175
ProtT5-XL,UMAP,seq_1600,0,2.2938426,4.2739377
ProtT5-XL,UMAP,seq_1601,0,-2.0526865,5.3506436
ProtT5-XL,UMAP,seq_1602,0,-5.5098176,6.0891747
ProtT5-XL,UMAP,seq_1603,0,1.1899654,-2.2039268
ProtT5-XL,UMAP,seq_1604,0,-1.8437929,5.825631
ProtT5-XL,UMAP,seq_1605,0,0.47958717,3.3912666
ProtT5-XL,UMAP,seq_1606,0,-3.205417,5.3902073
ProtT5-XL,UMAP,seq_1607,0,-0.7651774,6.098162
ProtT5-XL,UMAP,seq_1608,0,0.07218539,7.680055
ProtT5-XL,UMAP,seq_1609,0,-2.08959,5.123288
ProtT5-XL,UMAP,seq_1610,0,1.5563575,-2.0440667
ProtT5-XL,UMAP,seq_1611,0,-3.8116808,5.386897
ProtT5-XL,UMAP,seq_1612,0,-0.80992776,5.1695395
ProtT5-XL,UMAP,seq_1613,0,0.56587225,5.4609966
ProtT5-XL,UMAP,seq_1614,0,-2.5836372,5.4394503
ProtT5-XL,UMAP,seq_1615,0,-2.7526176,4.872755
ProtT5-XL,UMAP,seq_1616,0,-0.48360702,3.7885094
ProtT5-XL,UMAP,seq_1617,0,-2.0678868,4.3978877
ProtT5-XL,UMAP,seq_1618,0,1.030359,2.9780734
ProtT5-XL,UMAP,seq_1619,0,-0.36485302,7.558749
ProtT5-XL,UMAP,seq_1620,0,1.5893083,1.6922755
ProtT5-XL,UMAP,seq_1621,0,1.5492791,1.5969507
ProtT5-XL,UMAP,seq_1622,0,3.1298704,2.898691
ProtT5-XL,UMAP,seq_1623,0,-3.02831,6.0553737
ProtT5-XL,UMAP,seq_1624,0,-0.2752748,4.010447
ProtT5-XL,UMAP,seq_1625,0,-1.7022998,5.2581353
ProtT5-XL,UMAP,seq_1626,0,0.5383713,5.4629655
ProtT5-XL,UMAP,seq_1627,0,0.9652951,3.015479
ProtT5-XL,UMAP,seq_1628,0,-3.3672564,4.064139
ProtT5-XL,UMAP,seq_1629,0,0.34878346,5.7914925
ProtT5-XL,UMAP,seq_1630,0,-1.2548801,4.339256
ProtT5-XL,UMAP,seq_1631,0,0.67818743,2.5764139
ProtT5-XL,UMAP,seq_1632,0,3.0799222,2.8081336
ProtT5-XL,UMAP,seq_1633,0,0.7929286,2.3854218
ProtT5-XL,UMAP,seq_1634,0,0.025938394,4.460091
ProtT5-XL,UMAP,seq_1635,0,1.7808542,1.3751454
ProtT5-XL,UMAP,seq_1636,0,0.34390426,3.2090054
ProtT5-XL,UMAP,seq_1637,0,-0.007153989,3.2426226
ProtT5-XL,UMAP,seq_1638,0,1.4664897,5.015144
ProtT5-XL,UMAP,seq_1639,0,0.345431,5.445183
ProtT5-XL,UMAP,seq_1640,0,2.394045,1.8944705
ProtT5-XL,UMAP,seq_1641,0,2.379917,1.9082463
ProtT5-XL,UMAP,seq_1642,0,1.7469969,1.4866924
ProtT5-XL,UMAP,seq_1643,0,-2.4974527,4.647388
ProtT5-XL,UMAP,seq_1644,0,-2.821124,4.4363775
ProtT5-XL,UMAP,seq_1645,0,0.05057158,5.686877
ProtT5-XL,UMAP,seq_1646,0,-5.5409064,6.111898
ProtT5-XL,UMAP,seq_1647,0,-1.8812877,5.5566216
ProtT5-XL,UMAP,seq_1648,0,-1.150203,3.1490512
ProtT5-XL,UMAP,seq_1649,0,-9.293772,-4.4684243
ProtT5-XL,UMAP,seq_1650,0,-2.9290605,4.7137837
ProtT5-XL,UMAP,seq_1651,0,-3.2918549,5.195779
ProtT5-XL,UMAP,seq_1652,0,-2.4630706,5.73777
ProtT5-XL,UMAP,seq_1653,0,-2.0486248,6.049292
ProtT5-XL,UMAP,seq_1654,0,-1.912397,4.5243278
ProtT5-XL,UMAP,seq_1655,0,-3.1025314,4.6731896
ProtT5-XL,UMAP,seq_1656,0,3.9838831,1.6154586
ProtT5-XL,UMAP,seq_1657,0,-3.0289462,5.234046
ProtT5-XL,UMAP,seq_1658,0,-2.218182,4.518122
ProtT5-XL,UMAP,seq_1659,0,1.229782,2.8717375
ProtT5-XL,UMAP,seq_1660,0,0.6763654,0.6860643
ProtT5-XL,UMAP,seq_1661,0,-1.7416773,3.5869942
ProtT5-XL,UMAP,seq_1662,0,0.7005424,2.605383
ProtT5-XL,UMAP,seq_1663,0,3.0203605,1.9354651
ProtT5-XL,UMAP,seq_1664,0,-2.1243782,5.9251165
ProtT5-XL,UMAP,seq_1665,0,-1.7477388,3.0170195
ProtT5-XL,UMAP,seq_1666,0,-1.3143321,5.2681217
ProtT5-XL,UMAP,seq_1667,0,-3.1982346,5.849395
ProtT5-XL,UMAP,seq_1668,0,-1.8501238,2.7644699
ProtT5-XL,UMAP,seq_1669,0,-2.1292763,4.7420278
ProtT5-XL,UMAP,seq_1670,0,1.6559145,-1.7826768
ProtT5-XL,UMAP,seq_1671,0,-1.6395409,5.542616
ProtT5-XL,UMAP,seq_1672,0,0.6892261,5.2896466
ProtT5-XL,UMAP,seq_1673,0,-1.657769,5.643802
ProtT5-XL,UMAP,seq_1674,0,-2.1714144,5.844404
ProtT5-XL,UMAP,seq_1675,0,0.71661615,3.6800823
ProtT5-XL,UMAP,seq_1676,0,3.1865852,3.179707
ProtT5-XL,UMAP,seq_1677,0,-1.6212119,5.7499743
ProtT5-XL,UMAP,seq_1678,0,-2.3215616,5.038442
ProtT5-XL,UMAP,seq_1679,0,-2.2366493,4.795374
ProtT5-XL,UMAP,seq_1680,0,3.2375567,3.2164514
ProtT5-XL,UMAP,seq_1681,0,3.3415797,0.7333211
ProtT5-XL,UMAP,seq_1682,0,-1.7314413,5.9802322
ProtT5-XL,UMAP,seq_1683,0,-3.2892723,5.550898
ProtT5-XL,UMAP,seq_1684,0,-1.6935041,5.6910243
ProtT5-XL,UMAP,seq_1685,0,2.161829,1.7526609
ProtT5-XL,UMAP,seq_1686,0,3.5628674,1.077712
ProtT5-XL,UMAP,seq_1687,0,3.6290665,-2.840097
ProtT5-XL,UMAP,seq_1688,0,0.64143384,0.5050031
ProtT5-XL,UMAP,seq_1689,0,2.3861027,1.9711516
ProtT5-XL,UMAP,seq_1690,0,0.09791695,5.354392
ProtT5-XL,UMAP,seq_1691,0,0.5046256,5.238125
ProtT5-XL,UMAP,seq_1692,0,-3.6374395,5.3306346
ProtT5-XL,UMAP,seq_1693,0,-1.4187264,4.487148
ProtT5-XL,UMAP,seq_1694,0,1.6622257,-0.8335542
ProtT5-XL,UMAP,seq_1695,0,3.701981,-2.824313
ProtT5-XL,UMAP,seq_1696,0,-2.8467975,5.5477214
ProtT5-XL,UMAP,seq_1697,0,-2.0835297,6.037312
ProtT5-XL,UMAP,seq_1698,0,0.5022973,5.2120857
ProtT5-XL,UMAP,seq_1699,0,-3.662995,5.377381
ProtT5-XL,UMAP,seq_1700,0,0.3272106,5.2628303
ProtT5-XL,UMAP,seq_1701,0,1.2541465,2.7977993
ProtT5-XL,UMAP,seq_1702,0,-2.638776,4.187692
ProtT5-XL,UMAP,seq_1703,0,-2.52085,3.3832784
ProtT5-XL,UMAP,seq_1704,0,0.013628424,4.443235
ProtT5-XL,UMAP,seq_1705,0,-3.5798929,0.0058850776
ProtT5-XL,UMAP,seq_1706,0,2.3358343,1.8083841
ProtT5-XL,UMAP,seq_1707,0,1.2561412,0.36778793
ProtT5-XL,UMAP,seq_1708,0,-2.543354,4.665322
ProtT5-XL,UMAP,seq_1709,0,0.12721011,5.9569116
ProtT5-XL,UMAP,seq_1710,0,1.1458431,-0.8295939
ProtT5-XL,UMAP,seq_1711,0,4.1669636,1.7389325
ProtT5-XL,UMAP,seq_1712,0,-2.525492,4.407359
ProtT5-XL,UMAP,seq_1713,0,0.4027587,3.1368408
ProtT5-XL,UMAP,seq_1714,0,-2.5440526,4.7188654
ProtT5-XL,UMAP,seq_1715,0,-0.5915942,3.6675782
ProtT5-XL,UMAP,seq_1716,0,-3.7069986,5.3951263
ProtT5-XL,UMAP,seq_1717,0,-0.8767121,1.5380703
ProtT5-XL,UMAP,seq_1718,0,-1.5845127,4.995095
ProtT5-XL,UMAP,seq_1719,0,0.3536517,5.773374
ProtT5-XL,UMAP,seq_1720,0,-3.7020655,5.4033246
ProtT5-XL,UMAP,seq_1721,0,0.3184869,5.7615914
ProtT5-XL,UMAP,seq_1722,0,0.07342525,-0.9894136
ProtT5-XL,UMAP,seq_1723,0,0.2515378,-0.6264512
ProtT5-XL,UMAP,seq_1724,0,-0.32314432,6.608533
ProtT5-XL,UMAP,seq_1725,0,0.37295732,5.7565403
ProtT5-XL,UMAP,seq_1726,0,-0.6239277,3.9152796
ProtT5-XL,UMAP,seq_1727,0,0.67026967,2.635494
ProtT5-XL,UMAP,seq_1728,0,0.6672516,3.3533528
ProtT5-XL,UMAP,seq_1729,0,-1.9895391,5.50413
ProtT5-XL,UMAP,seq_1730,0,0.68169993,4.3948393
ProtT5-XL,UMAP,seq_1731,0,0.13082522,-0.5525919
ProtT5-XL,UMAP,seq_1732,0,-0.026968252,4.4847865
ProtT5-XL,UMAP,seq_1733,0,1.7017233,-1.9815087
ProtT5-XL,UMAP,seq_1734,0,0.24618325,4.5304356
ProtT5-XL,UMAP,seq_1735,0,0.57635933,5.338537
ProtT5-XL,UMAP,seq_1736,0,-2.1034508,5.108681
ProtT5-XL,UMAP,seq_1737,0,0.7152299,5.275465
ProtT5-XL,UMAP,seq_1738,0,-1.9229454,6.198542
ProtT5-XL,UMAP,seq_1739,0,3.7070963,-2.828681
ProtT5-XL,UMAP,seq_1740,0,3.4028637,-2.2592468
ProtT5-XL,UMAP,seq_1741,0,-2.6631875,4.456317
ProtT5-XL,UMAP,seq_1742,0,-0.070413396,4.48639
ProtT5-XL,UMAP,seq_1743,0,-1.6889504,5.3388233
ProtT5-XL,UMAP,seq_1744,0,0.9395768,-1.1228992
ProtT5-XL,UMAP,seq_1745,0,-2.6228125,4.715768
ProtT5-XL,UMAP,seq_1746,0,-2.9456885,4.796468
ProtT5-XL,UMAP,seq_1747,0,-1.8889993,5.649859
ProtT5-XL,UMAP,seq_1748,0,0.056660514,7.8060393
ProtT5-XL,UMAP,seq_1749,0,0.34356844,5.4005084
ProtT5-XL,UMAP,seq_1750,0,-2.598359,4.305504
ProtT5-XL,UMAP,seq_1751,0,-3.4047215,-0.08215071
ProtT5-XL,UMAP,seq_1752,0,-1.612753,5.483446
ProtT5-XL,UMAP,seq_1753,0,-1.7918293,5.0890565
ProtT5-XL,UMAP,seq_1754,0,-3.7192154,0.26618183
ProtT5-XL,UMAP,seq_1755,0,-3.103838,4.1406054
ProtT5-XL,UMAP,seq_1756,0,-0.6022889,4.355968
ProtT5-XL,UMAP,seq_1757,0,0.09679195,3.2405396
ProtT5-XL,UMAP,seq_1758,0,-0.77155435,2.123496
ProtT5-XL,UMAP,seq_1759,0,0.1781741,2.29115
ProtT5-XL,UMAP,seq_1760,0,7.9677005,4.4175134
ProtT5-XL,UMAP,seq_1761,0,1.2805252,0.035754297
ProtT5-XL,UMAP,seq_1762,0,-0.30349773,-0.38434377
ProtT5-XL,UMAP,seq_1763,0,3.370075,0.9796308
ProtT5-XL,UMAP,seq_1764,0,0.9189426,-0.03718629
ProtT5-XL,UMAP,seq_1765,0,0.25954956,0.27750129
ProtT5-XL,UMAP,seq_1766,0,0.49436605,-0.7565954
ProtT5-XL,UMAP,seq_1767,0,-0.7771367,4.6702204
ProtT5-XL,UMAP,seq_1768,0,-2.7681274,5.6363335
ProtT5-XL,UMAP,seq_1769,0,1.3278276,-2.2327147
ProtT5-XL,UMAP,seq_1770,0,-0.12912945,0.65889317
ProtT5-XL,UMAP,seq_1771,0,0.16651012,-0.7990533
ProtT5-XL,UMAP,seq_1772,0,0.02300147,-0.17812966
ProtT5-XL,UMAP,seq_1773,0,-0.49917713,6.9752927
ProtT5-XL,UMAP,seq_1774,0,-2.1745126,2.7449982
ProtT5-XL,UMAP,seq_1775,0,-0.040164836,-0.47473687
ProtT5-XL,UMAP,seq_1776,0,4.1535416,1.7657624
ProtT5-XL,UMAP,seq_1777,0,3.197199,3.1414328
ProtT5-XL,UMAP,seq_1778,0,-0.41189983,-0.8763931
ProtT5-XL,UMAP,seq_1779,0,-0.079676524,-1.1202859
ProtT5-XL,UMAP,seq_1780,0,-0.07877822,7.791977
ProtT5-XL,UMAP,seq_1781,0,1.0678269,-0.0074257036
ProtT5-XL,UMAP,seq_1782,0,3.7247064,-2.7316947
ProtT5-XL,UMAP,seq_1783,0,1.7678596,0.7867647
ProtT5-XL,UMAP,seq_1784,0,3.1575625,2.9715955
ProtT5-XL,UMAP,seq_1785,0,-1.2745025,0.13398501
ProtT5-XL,UMAP,seq_1786,0,-1.793675,6.0647926
ProtT5-XL,UMAP,seq_1787,0,-1.7741504,6.0831866
ProtT5-XL,UMAP,seq_1788,0,0.4887906,2.975835
ProtT5-XL,UMAP,seq_1789,0,1.3424373,-0.14060113
ProtT5-XL,UMAP,seq_1790,0,3.489251,-2.3746233
ProtT5-XL,UMAP,seq_1791,0,1.3875734,-0.88110083
ProtT5-XL,UMAP,seq_1792,0,0.6483381,3.7764156
ProtT5-XL,UMAP,seq_1793,0,3.445486,-2.1665194
ProtT5-XL,UMAP,seq_1794,0,-0.67297083,-1.1806895
ProtT5-XL,UMAP,seq_1795,0,1.0825793,0.4765748
ProtT5-XL,UMAP,seq_1796,0,-3.9416533,5.3681593
ProtT5-XL,UMAP,seq_1797,0,3.71826,-2.7977896
ProtT5-XL,UMAP,seq_1798,0,0.5000222,2.75333
ProtT5-XL,UMAP,seq_1799,0,0.34823143,0.8678887
ProtT5-XL,UMAP,seq_1800,0,1.9396143,0.75008756
ProtT5-XL,UMAP,seq_1801,0,-2.4980907,2.7103906
ProtT5-XL,UMAP,seq_1802,0,3.496983,-2.3363824
ProtT5-XL,UMAP,seq_1803,0,-2.0601435,5.3571596
ProtT5-XL,UMAP,seq_1804,0,-2.4365702,2.6195314
ProtT5-XL,UMAP,seq_1805,0,-2.3953469,5.727826
ProtT5-XL,UMAP,seq_1806,0,-2.56941,4.7303925
ProtT5-XL,UMAP,seq_1807,0,-2.7569087,4.195627
ProtT5-XL,UMAP,seq_1808,0,-1.5841695,5.297405
ProtT5-XL,UMAP,seq_1809,0,0.63987523,3.1093912
ProtT5-XL,UMAP,seq_1810,0,1.1690029,2.9109511
ProtT5-XL,UMAP,seq_1811,0,0.3790096,3.595222
ProtT5-XL,UMAP,seq_1812,0,1.5741761,2.6663728
ProtT5-XL,UMAP,seq_1813,0,-1.1354038,-0.39584646
ProtT5-XL,UMAP,seq_1814,0,-1.9913241,4.1413045
ProtT5-XL,UMAP,seq_1815,0,-3.080911,6.127516
ProtT5-XL,UMAP,seq_1816,0,0.6750651,5.53387
ProtT5-XL,UMAP,seq_1817,0,-0.40494856,6.423612
ProtT5-XL,UMAP,seq_1818,0,-3.1706345,5.996104
ProtT5-XL,UMAP,seq_1819,0,-2.2977014,5.0985713
ProtT5-XL,UMAP,seq_1820,0,-1.090212,6.028463
ProtT5-XL,UMAP,seq_1821,0,0.51937234,10.869329
ProtT5-XL,UMAP,seq_1822,0,-1.6698767,4.22705
ProtT5-XL,UMAP,seq_1823,0,-0.15998586,-0.43644488
ProtT5-XL,UMAP,seq_1824,0,-3.1183941,5.9098754
ProtT5-XL,UMAP,seq_1825,0,-3.5975559,0.16854458
ProtT5-XL,UMAP,seq_1826,0,2.4853516,-0.6919597
ProtT5-XL,UMAP,seq_1827,0,-0.2672302,-0.69637215
ProtT5-XL,UMAP,seq_1828,0,-2.0767367,5.4314947
ProtT5-XL,UMAP,seq_1829,0,-1.8514432,4.520626
ProtT5-XL,UMAP,seq_1830,0,-1.9029673,5.411694
ProtT5-XL,UMAP,seq_1831,0,1.1325293,2.9421692
ProtT5-XL,UMAP,seq_1832,0,1.4282823,4.4847937
ProtT5-XL,UMAP,seq_1833,0,1.4781404,-1.0198324
ProtT5-XL,UMAP,seq_1834,0,-0.7746275,-0.1781199
ProtT5-XL,UMAP,seq_1835,0,-3.6466331,0.2222997
ProtT5-XL,UMAP,seq_1836,0,-1.0535581,4.312872
ProtT5-XL,UMAP,seq_1837,0,0.49032825,4.838773
ProtT5-XL,UMAP,seq_1838,0,-3.543328,0.06562513
ProtT5-XL,UMAP,seq_1839,0,-1.970436,5.37924
ProtT5-XL,UMAP,seq_1840,0,3.6811128,-2.8980432
ProtT5-XL,UMAP,seq_1841,0,-0.13576514,-0.22465403
ProtT5-XL,UMAP,seq_1842,0,-0.22186667,3.495125
ProtT5-XL,UMAP,seq_1843,0,3.6458812,-2.856281
ProtT5-XL,UMAP,seq_1844,0,0.9325813,1.0149463
ProtT5-XL,UMAP,seq_1845,0,-2.5728233,4.1270003
ProtT5-XL,UMAP,seq_1846,0,3.608886,0.4498224
ProtT5-XL,UMAP,seq_1847,0,0.7285078,2.4702015
ProtT5-XL,UMAP,seq_1848,0,-0.3205959,6.6200547
ProtT5-XL,UMAP,seq_1849,0,-3.398269,4.0380545
ProtT5-XL,UMAP,seq_1850,0,-0.22566824,6.046952
ProtT5-XL,UMAP,seq_1851,0,-0.032532796,3.327581
ProtT5-XL,UMAP,seq_1852,0,-2.4782846,4.0951657
ProtT5-XL,UMAP,seq_1853,0,-1.7834321,4.9668684
ProtT5-XL,UMAP,seq_1854,0,0.9667321,-0.6776429
ProtT5-XL,UMAP,seq_1855,0,0.59578186,0.5182836
ProtT5-XL,UMAP,seq_1856,0,-2.5851862,4.8162456
ProtT5-XL,UMAP,seq_1857,0,-1.6635607,2.8980825
ProtT5-XL,UMAP,seq_1858,0,0.38176975,4.9505754
ProtT5-XL,UMAP,seq_1859,0,-9.295342,-4.473873
ProtT5-XL,UMAP,seq_1860,0,-0.9722212,5.7782974
ProtT5-XL,UMAP,seq_1861,0,-1.9095889,5.391067
ProtT5-XL,UMAP,seq_1862,0,-0.42788053,6.1647882
ProtT5-XL,UMAP,seq_1863,0,-2.4427793,4.014205
ProtT5-XL,UMAP,seq_1864,0,-1.6518526,0.45609006
ProtT5-XL,UMAP,seq_1865,0,-1.2070557,6.473528
ProtT5-XL,UMAP,seq_1866,0,3.2978044,3.274738
ProtT5-XL,UMAP,seq_1867,0,-1.7172596,5.146127
ProtT5-XL,UMAP,seq_1868,0,0.67678624,2.9590814
ProtT5-XL,UMAP,seq_1869,0,1.6335522,1.0567569
ProtT5-XL,UMAP,seq_1870,0,-2.3429759,5.9194307
ProtT5-XL,UMAP,seq_1871,0,0.03918883,7.7876363
ProtT5-XL,UMAP,seq_1872,0,1.3542582,1.0379337
ProtT5-XL,UMAP,seq_1873,0,-0.64448756,6.5571437
ProtT5-XL,UMAP,seq_1874,0,3.2832434,-2.7622855
ProtT5-XL,UMAP,seq_1875,0,-2.1306179,5.2195067
ProtT5-XL,UMAP,seq_1876,0,-3.3089874,5.5272226
ProtT5-XL,UMAP,seq_1877,0,-1.9568982,6.190121
ProtT5-XL,UMAP,seq_1878,0,-1.7975807,0.41476494
ProtT5-XL,UMAP,seq_1879,0,0.1819642,2.5396044
ProtT5-XL,UMAP,seq_1880,0,0.06335357,7.826843
ProtT5-XL,UMAP,seq_1881,0,-0.047979195,5.368047
ProtT5-XL,UMAP,seq_1882,0,-2.4069178,5.8003917
ProtT5-XL,UMAP,seq_1883,0,1.0997604,10.526722
ProtT5-XL,UMAP,seq_1884,0,-2.3610728,4.3240666
ProtT5-XL,UMAP,seq_1885,0,0.5156174,5.5857353
ProtT5-XL,UMAP,seq_1886,0,-0.60242206,6.4493017
ProtT5-XL,UMAP,seq_1887,0,3.1664205,2.9539177
ProtT5-XL,UMAP,seq_1888,0,1.9232206,-2.301718
ProtT5-XL,UMAP,seq_1889,0,0.057008367,7.8073583
ProtT5-XL,UMAP,seq_1890,0,0.4199815,5.7946725
ProtT5-XL,UMAP,seq_1891,0,-0.649177,6.569699
ProtT5-XL,UMAP,seq_1892,0,0.2927601,5.5491357
ProtT5-XL,UMAP,seq_1893,0,-0.2619116,-0.7411541
ProtT5-XL,UMAP,seq_1894,0,-2.1389976,5.8627486
ProtT5-XL,UMAP,seq_1895,0,0.48075217,5.4847817
ProtT5-XL,UMAP,seq_1896,0,0.57205623,0.22494185
ProtT5-XL,UMAP,seq_1897,0,0.27917522,0.3247555
ProtT5-XL,UMAP,seq_1898,0,0.7530804,4.555498
ProtT5-XL,UMAP,seq_1899,0,-1.8262941,2.9324353
ProtT5-XL,UMAP,seq_1900,0,0.4441676,3.739172
ProtT5-XL,UMAP,seq_1901,0,3.710049,-2.8953319
ProtT5-XL,UMAP,seq_1902,0,3.7255604,-2.7616043
ProtT5-XL,UMAP,seq_1903,0,-1.5886974,3.184945
ProtT5-XL,UMAP,seq_1904,0,0.040136177,5.628391
ProtT5-XL,UMAP,seq_1905,0,-1.9488391,5.1690574
ProtT5-XL,UMAP,seq_1906,0,0.626932,5.436724
ProtT5-XL,UMAP,seq_1907,0,-3.119214,4.705585
ProtT5-XL,UMAP,seq_1908,0,-1.3578011,0.6086899
ProtT5-XL,UMAP,seq_1909,0,0.20198293,-0.5668509
ProtT5-XL,UMAP,seq_1910,0,-1.8142155,2.7889478
ProtT5-XL,UMAP,seq_1911,0,-2.3988166,5.144124
ProtT5-XL,UMAP,seq_1912,0,-2.5379193,5.7157364
ProtT5-XL,UMAP,seq_1913,0,-1.1279513,4.989426
ProtT5-XL,UMAP,seq_1914,0,-3.759201,5.384687
ProtT5-XL,UMAP,seq_1915,0,-2.3970053,4.3895936
ProtT5-XL,UMAP,seq_1916,0,2.1009884,2.6864831
ProtT5-XL,UMAP,seq_1917,0,-0.9696569,4.564293
ProtT5-XL,UMAP,seq_1918,0,-1.937865,5.1273303
ProtT5-XL,UMAP,seq_1919,0,1.937123,4.4850216
ProtT5-XL,UMAP,seq_1920,0,-3.5923347,0.44175804
ProtT5-XL,UMAP,seq_1921,0,1.1075686,2.5497046
ProtT5-XL,UMAP,seq_1922,0,-0.5956823,1.9341314
ProtT5-XL,UMAP,seq_1923,0,-3.195947,5.972791
ProtT5-XL,UMAP,seq_1924,0,0.56340176,4.142848
ProtT5-XL,UMAP,seq_1925,0,-0.653471,6.3868546
ProtT5-XL,UMAP,seq_1926,0,-0.12726109,3.1327596
ProtT5-XL,UMAP,seq_1927,0,-1.3540334,2.7594202
ProtT5-XL,UMAP,seq_1928,0,-0.11094662,4.023213
ProtT5-XL,UMAP,seq_1929,0,-1.4369237,0.80965304
ProtT5-XL,UMAP,seq_1930,0,-1.8241419,5.629434
ProtT5-XL,UMAP,seq_1931,0,-1.7098528,5.2572246
ProtT5-XL,UMAP,seq_1932,0,-0.15218815,3.2014089
ProtT5-XL,UMAP,seq_1933,0,-0.1290258,4.6673613
ProtT5-XL,UMAP,seq_1934,0,0.6210813,2.8864472
ProtT5-XL,UMAP,seq_1935,0,-0.07930844,5.5519357
ProtT5-XL,UMAP,seq_1936,0,1.0884386,10.540061
ProtT5-XL,UMAP,seq_1937,0,-0.39674762,7.3137374
ProtT5-XL,UMAP,seq_1938,0,0.59861386,2.54422
ProtT5-XL,UMAP,seq_1939,0,-1.3727633,5.242537
ProtT5-XL,UMAP,seq_1940,0,1.5018073,3.4928126
ProtT5-XL,UMAP,seq_1941,0,0.34880164,5.394183
ProtT5-XL,UMAP,seq_1942,0,1.1966553,3.0086374
ProtT5-XL,UMAP,seq_1943,0,-2.3371747,4.4497943
ProtT5-XL,UMAP,seq_1944,0,1.4671801,4.1716757
ProtT5-XL,UMAP,seq_1945,0,-2.3763819,4.468067
ProtT5-XL,UMAP,seq_1946,0,2.361966,1.8836124
ProtT5-XL,UMAP,seq_1947,0,0.062232383,0.17622948
ProtT5-XL,UMAP,seq_1948,0,2.337249,1.776816
ProtT5-XL,UMAP,seq_1949,0,0.46351054,3.006908
ProtT5-XL,UMAP,seq_1950,0,-0.74043417,3.4470403
ProtT5-XL,UMAP,seq_1951,0,0.9473956,-0.46532702
ProtT5-XL,UMAP,seq_1952,0,-1.4563323,3.743873
ProtT5-XL,UMAP,seq_1953,0,-1.607049,5.5344377
ProtT5-XL,UMAP,seq_1954,0,-1.5865184,2.8088896
ProtT5-XL,UMAP,seq_1955,0,-3.180086,5.1442738
ProtT5-XL,UMAP,seq_1956,0,0.89481854,2.0627096
ProtT5-XL,UMAP,seq_1957,0,-2.9341834,4.978816
ProtT5-XL,UMAP,seq_1958,0,-0.45630357,-0.19094156
ProtT5-XL,UMAP,seq_1959,0,-3.126396,0.03780931
ProtT5-XL,UMAP,seq_1960,0,-3.0963159,5.429166
ProtT5-XL,UMAP,seq_1961,0,0.37502083,5.046807
ProtT5-XL,UMAP,seq_1962,0,-0.9725781,6.531265
ProtT5-XL,UMAP,seq_1963,0,0.7309484,0.42685625
ProtT5-XL,UMAP,seq_1964,0,-0.18989323,3.8827841
ProtT5-XL,UMAP,seq_1965,0,0.26518676,4.5359545
ProtT5-XL,UMAP,seq_1966,0,-2.3286905,4.4051847
ProtT5-XL,UMAP,seq_1967,0,1.785405,2.606029
ProtT5-XL,UMAP,seq_1968,0,3.6792395,-2.8224247
ProtT5-XL,UMAP,seq_1969,0,-0.85116816,0.424701
ProtT5-XL,UMAP,seq_1970,0,-3.5800118,0.044381294
ProtT5-XL,UMAP,seq_1971,0,-2.093728,5.8105416
ProtT5-XL,UMAP,seq_1972,0,-1.7887431,2.9395669
ProtT5-XL,UMAP,seq_1973,0,0.5116316,3.639004
ProtT5-XL,UMAP,seq_1974,0,-3.4195874,4.0189843
ProtT5-XL,UMAP,seq_1975,0,3.178355,3.0895765
ProtT5-XL,UMAP,seq_1976,0,-3.7683048,0.55299634
ProtT5-XL,UMAP,seq_1977,0,-3.0844474,5.055872
ProtT5-XL,UMAP,seq_1978,0,1.6256527,3.7007546
ProtT5-XL,UMAP,seq_1979,0,-2.5988638,4.288498
ProtT5-XL,UMAP,seq_1980,0,-0.14781527,4.5856595
ProtT5-XL,UMAP,seq_1981,0,-0.2467975,6.378483
ProtT5-XL,UMAP,seq_1982,0,0.33149683,3.681317
ProtT5-XL,UMAP,seq_1983,0,0.50333345,2.6309495
ProtT5-XL,UMAP,seq_1984,0,2.076103,-2.303885
ProtT5-XL,UMAP,seq_1985,0,-2.5340621,4.123865
ProtT5-XL,UMAP,seq_1986,0,-2.549486,3.4027696
ProtT5-XL,UMAP,seq_1987,0,-1.6127063,5.2426834
ProtT5-XL,UMAP,seq_1988,0,-1.8755236,4.9899845
ProtT5-XL,UMAP,seq_1989,0,-0.39532655,3.707345
ProtT5-XL,UMAP,seq_1990,0,-3.387606,4.020472
ProtT5-XL,UMAP,seq_1991,0,-1.8724524,4.32158
ProtT5-XL,UMAP,seq_1992,0,-0.08342012,4.559078
ProtT5-XL,UMAP,seq_1993,0,-1.782368,3.0283284
ProtT5-XL,UMAP,seq_1994,0,1.6705215,-1.8820038
ProtT5-XL,UMAP,seq_1995,0,-2.574298,4.14907
ProtT5-XL,UMAP,seq_1996,0,-0.9034363,5.266135
ProtT5-XL,UMAP,seq_1997,0,-1.7469503,2.8568974
ProtT5-XL,UMAP,seq_1998,0,0.5345235,2.7696218
ProtT5-XL,UMAP,seq_1999,0,-3.1862552,5.149558
ProtT5-XL,UMAP,seq_2000,0,3.732813,-2.8040698
ProtT5-XL,UMAP,seq_2001,0,0.05631194,7.816982
ProtT5-XL,UMAP,seq_2002,0,-0.54768455,3.1400151
ProtT5-XL,UMAP,seq_2003,0,-1.0323775,-0.46762937
ProtT5-XL,UMAP,seq_2004,0,3.7385664,-2.7778282
ProtT5-XL,UMAP,seq_2005,0,0.41999465,5.6726813
ProtT5-XL,UMAP,seq_2006,0,0.7278051,5.371097
ProtT5-XL,UMAP,seq_2007,0,0.7268655,3.106346
ProtT5-XL,UMAP,seq_2008,0,0.690452,5.549181
ProtT5-XL,UMAP,seq_2009,0,-1.483372,0.996037
ProtT5-XL,UMAP,seq_2010,0,-0.2924637,-0.75827795
ProtT5-XL,UMAP,seq_2011,0,-3.3537912,5.119225
ProtT5-XL,UMAP,seq_2012,0,0.18154138,-1.4053506
ProtT5-XL,UMAP,seq_2013,0,3.0229585,2.5234056
ProtT5-XL,UMAP,seq_2014,0,3.6938257,-2.8601148
ProtT5-XL,UMAP,seq_2015,0,-0.6764576,6.316159
ProtT5-XL,UMAP,seq_2016,0,0.5847834,0.5699425
ProtT5-XL,UMAP,seq_2017,0,3.140449,2.6817584
ProtT5-XL,UMAP,seq_2018,0,-2.2916384,5.559473
ProtT5-XL,UMAP,seq_2019,0,0.1685209,4.5280085
ProtT5-XL,UMAP,seq_2020,0,0.18883757,4.4996862
ProtT5-XL,UMAP,seq_2021,0,-0.4850769,6.097017
ProtT5-XL,UMAP,seq_2022,0,-2.0850742,4.412522
ProtT5-XL,UMAP,seq_2023,0,2.3476017,2.0184023
ProtT5-XL,UMAP,seq_2024,0,-3.8804488,5.3605094
ProtT5-XL,UMAP,seq_2025,0,-1.364081,4.7602444
ProtT5-XL,UMAP,seq_2026,0,0.6438244,2.382462
ProtT5-XL,UMAP,seq_2027,0,-3.3253007,4.075594
ProtT5-XL,UMAP,seq_2028,0,0.55355084,-0.748088
ProtT5-XL,UMAP,seq_2029,0,0.71102834,5.567162
ProtT5-XL,UMAP,seq_2030,0,0.42651936,5.5390916
ProtT5-XL,UMAP,seq_2031,0,1.2684461,2.824885
ProtT5-XL,UMAP,seq_2032,0,-1.7926913,4.7511306
ProtT5-XL,UMAP,seq_2033,0,1.5527138,-2.812501
ProtT5-XL,UMAP,seq_2034,0,-3.1139388,6.1220193
ProtT5-XL,UMAP,seq_2035,0,0.57638216,5.4059176
ProtT5-XL,UMAP,seq_2036,0,-1.7150661,4.1030083
ProtT5-XL,UMAP,seq_2037,0,-1.6037407,5.757861
ProtT5-XL,UMAP,seq_2038,0,-1.7616061,5.903399
ProtT5-XL,UMAP,seq_2039,0,-2.277925,5.734621
ProtT5-XL,UMAP,seq_2040,0,1.7499346,-1.7200254
ProtT5-XL,UMAP,seq_2041,0,1.5060216,-2.2215984
ProtT5-XL,UMAP,seq_2042,0,-3.1402774,4.7412715
ProtT5-XL,UMAP,seq_2043,0,-2.666345,4.834089
ProtT5-XL,UMAP,seq_2044,0,1.4616284,-2.5445662
ProtT5-XL,UMAP,seq_2045,0,-3.1240509,4.5569654
ProtT5-XL,UMAP,seq_2046,0,-1.6306857,5.7413087
ProtT5-XL,UMAP,seq_2047,0,-2.9204974,5.607867
ProtT5-XL,UMAP,seq_2048,0,-2.3329525,5.9957547
ProtT5-XL,UMAP,seq_2049,0,-0.31550872,-0.935052
ProtT5-XL,UMAP,seq_2050,0,-1.5117074,6.0725145
ProtT5-XL,UMAP,seq_2051,0,0.67059296,-0.4828753
ProtT5-XL,UMAP,seq_2052,0,-3.1898882,5.140229
ProtT5-XL,UMAP,seq_2053,0,0.41697583,5.629786
ProtT5-XL,UMAP,seq_2054,0,-1.42742,3.3041935
ProtT5-XL,UMAP,seq_2055,0,1.3528996,0.7365105
ProtT5-XL,UMAP,seq_2056,0,-1.4559202,5.1544895
ProtT5-XL,UMAP,seq_2057,0,0.57387805,5.455435
ProtT5-XL,UMAP,seq_2058,0,-2.452144,2.7479503
ProtT5-XL,UMAP,seq_2059,0,-1.6159965,0.6729578
ProtT5-XL,UMAP,seq_2060,0,0.5111592,4.509686
ProtT5-XL,UMAP,seq_2061,0,-1.0341139,0.37230617
ProtT5-XL,UMAP,seq_2062,0,1.1036284,0.34003422
ProtT5-XL,UMAP,seq_2063,0,-0.47663173,2.209578
ProtT5-XL,UMAP,seq_2064,0,3.6059854,-2.8540025
ProtT5-XL,UMAP,seq_2065,0,3.022037,-0.1467918
ProtT5-XL,UMAP,seq_2066,0,3.0577853,2.5467324
ProtT5-XL,UMAP,seq_2067,0,0.5471753,4.536934
ProtT5-XL,UMAP,seq_2068,0,-1.900273,5.861957
ProtT5-XL,UMAP,seq_2069,0,-1.4686279,5.5907817
ProtT5-XL,UMAP,seq_2070,0,0.2263243,3.7498775
ProtT5-XL,UMAP,seq_2071,0,1.1136694,-0.91258174
ProtT5-XL,UMAP,seq_2072,0,0.46680915,3.8494825
ProtT5-XL,UMAP,seq_2073,0,-2.0728683,5.464066
ProtT5-XL,UMAP,seq_2074,0,0.010414081,0.0757192
ProtT5-XL,UMAP,seq_2075,0,1.7377286,-2.427494
ProtT5-XL,UMAP,seq_2076,0,-1.8344935,4.6545496
ProtT5-XL,UMAP,seq_2077,0,-1.21438,4.5850534
ProtT5-XL,UMAP,seq_2078,0,-2.5531404,4.882922
ProtT5-XL,UMAP,seq_2079,0,0.67291266,3.1197264
ProtT5-XL,UMAP,seq_2080,0,-2.1732178,3.1349285
ProtT5-XL,UMAP,seq_2081,0,-3.4322238,4.0353665
ProtT5-XL,UMAP,seq_2082,0,1.9952805,-0.23855703
ProtT5-XL,UMAP,seq_2083,0,-2.9155867,4.483901
ProtT5-XL,UMAP,seq_2084,0,-2.0007267,6.1337366
ProtT5-XL,UMAP,seq_2085,0,-0.30950904,-0.6368229
ProtT5-XL,UMAP,seq_2086,0,0.525882,-0.008803983
ProtT5-XL,UMAP,seq_2087,0,-1.8303418,0.5521389
ProtT5-XL,UMAP,seq_2088,0,0.27536693,4.539128
ProtT5-XL,UMAP,seq_2089,0,-1.8963195,0.097631946
ProtT5-XL,UMAP,seq_2090,0,0.47783047,5.5340037
ProtT5-XL,UMAP,seq_2091,0,2.0134704,-0.31290522
ProtT5-XL,UMAP,seq_2092,0,-1.7742578,6.0638614
ProtT5-XL,UMAP,seq_2093,0,0.050326787,7.8001657
ProtT5-XL,UMAP,seq_2094,0,-0.43114832,3.4546328
ProtT5-XL,UMAP,seq_2095,0,3.188326,3.190976
ProtT5-XL,UMAP,seq_2096,0,0.45636562,5.5090733
ProtT5-XL,UMAP,seq_2097,0,2.8075294,2.9256976
ProtT5-XL,UMAP,seq_2098,0,1.2339568,-2.2923908
ProtT5-XL,UMAP,seq_2099,0,-1.5140088,0.57231176
ProtT5-XL,UMAP,seq_2100,0,-1.958845,5.3597875
ProtT5-XL,UMAP,seq_2101,0,-1.1904106,3.0641673
ProtT5-XL,UMAP,seq_2102,0,0.24781145,4.5358477
ProtT5-XL,UMAP,seq_2103,0,2.6833885,-0.5597918
ProtT5-XL,UMAP,seq_2104,0,0.10780943,5.6940036
ProtT5-XL,UMAP,seq_2105,0,-1.2315556,4.0897074
ProtT5-XL,UMAP,seq_2106,0,1.2701446,1.4345629
ProtT5-XL,UMAP,seq_2107,0,-2.1975596,6.096576
ProtT5-XL,UMAP,seq_2108,0,-1.3206196,4.7618837
ProtT5-XL,UMAP,seq_2109,0,-2.581369,4.773016
ProtT5-XL,UMAP,seq_2110,0,-0.10836418,3.7905006
ProtT5-XL,UMAP,seq_2111,0,0.59682304,5.422911
ProtT5-XL,UMAP,seq_2112,0,-1.8993315,5.5802517
ProtT5-XL,UMAP,seq_2113,0,-1.8563619,3.6493628
ProtT5-XL,UMAP,seq_2114,0,-1.259407,4.5051923
ProtT5-XL,UMAP,seq_2115,0,0.4503913,5.6974645
ProtT5-XL,UMAP,seq_2116,0,0.59732765,5.4008007
ProtT5-XL,UMAP,seq_2117,0,-3.536322,0.7570239
ProtT5-XL,UMAP,seq_2118,0,0.10653725,4.469444
ProtT5-XL,UMAP,seq_2119,0,-1.6865582,4.9023614
ProtT5-XL,UMAP,seq_2120,0,-2.4267037,4.795019
ProtT5-XL,UMAP,seq_2121,0,-2.400999,4.729682
ProtT5-XL,UMAP,seq_2122,0,-0.45622092,7.1580734
ProtT5-XL,UMAP,seq_2123,0,-2.091492,5.854971
ProtT5-XL,UMAP,seq_2124,0,1.2433641,2.8105674
ProtT5-XL,UMAP,seq_2125,0,-3.058801,4.1943517
ProtT5-XL,UMAP,seq_2126,0,-0.69225776,3.5097363
ProtT5-XL,UMAP,seq_2127,0,1.337147,1.3174496
ProtT5-XL,UMAP,seq_2128,0,1.463132,-2.382487
ProtT5-XL,UMAP,seq_2129,0,1.4988859,-2.3290112
ProtT5-XL,UMAP,seq_2130,0,-1.7963054,4.8806677
ProtT5-XL,UMAP,seq_2131,0,-2.3752952,5.538657
ProtT5-XL,UMAP,seq_2132,0,-0.27446803,3.1603792
ProtT5-XL,UMAP,seq_2133,0,0.8739421,4.2839646
ProtT5-XL,UMAP,seq_2134,0,-0.8207224,4.8864775
ProtT5-XL,UMAP,seq_2135,0,-1.7085265,5.1840177
ProtT5-XL,UMAP,seq_2136,0,-2.1010025,5.425418
ProtT5-XL,UMAP,seq_2137,0,-0.02161913,4.531751
ProtT5-XL,UMAP,seq_2138,0,1.326801,-2.2001128
ProtT5-XL,UMAP,seq_2139,0,0.68630326,3.8648438
ProtT5-XL,UMAP,seq_2140,0,1.3230715,4.4582505
ProtT5-XL,UMAP,seq_2141,0,1.6108456,-2.750143
ProtT5-XL,UMAP,seq_2142,0,0.9700264,4.2324467
ProtT5-XL,UMAP,seq_2143,0,0.44006675,5.740064
ProtT5-XL,UMAP,seq_2144,0,-2.0300448,5.8707905
ProtT5-XL,UMAP,seq_2145,0,3.5599692,-0.75236773
ProtT5-XL,UMAP,seq_2146,0,-1.8760302,5.8148403
ProtT5-XL,UMAP,seq_2147,0,-2.0749402,5.710766
ProtT5-XL,UMAP,seq_2148,0,-1.5112895,4.617436
ProtT5-XL,UMAP,seq_2149,0,-1.6464351,4.5026217
ProtT5-XL,UMAP,seq_2150,0,-2.3799064,4.2625422
ProtT5-XL,UMAP,seq_2151,0,-1.4331613,6.0548825
ProtT5-XL,UMAP,seq_2152,0,-3.426132,0.8400636
ProtT5-XL,UMAP,seq_2153,0,0.55469936,5.4884396
ProtT5-XL,UMAP,seq_2154,0,-1.9972116,5.0699654
ProtT5-XL,UMAP,seq_2155,0,-2.111476,5.6811376
ProtT5-XL,UMAP,seq_2156,0,-2.035816,2.8255866
ProtT5-XL,UMAP,seq_2157,0,-3.116093,5.465604
ProtT5-XL,UMAP,seq_2158,0,-1.0270889,2.9653425
ProtT5-XL,UMAP,seq_2159,0,-2.4871578,5.541325
ProtT5-XL,UMAP,seq_2160,0,-0.91462594,-0.7503233
ProtT5-XL,UMAP,seq_2161,0,0.991129,0.14414473
ProtT5-XL,UMAP,seq_2162,0,-3.4523487,5.3564525
ProtT5-XL,UMAP,seq_2163,0,-2.5396237,4.6488123
ProtT5-XL,UMAP,seq_2164,0,1.618129,-2.1807745
ProtT5-XL,UMAP,seq_2165,0,0.15514418,5.551572
ProtT5-XL,UMAP,seq_2166,0,-1.1117828,4.3264027
ProtT5-XL,UMAP,seq_2167,0,0.6065813,5.4934154
ProtT5-XL,UMAP,seq_2168,0,-0.33705437,-0.9271744
ProtT5-XL,UMAP,seq_2169,0,-1.5941846,4.396963
ProtT5-XL,UMAP,seq_2170,0,-2.528687,3.3782828
ProtT5-XL,UMAP,seq_2171,0,-1.0384907,3.8855312
ProtT5-XL,UMAP,seq_2172,0,-3.1163304,6.115082
ProtT5-XL,UMAP,seq_2173,0,-2.1795561,5.6632023
ProtT5-XL,UMAP,seq_2174,0,-1.3646061,5.9303317
ProtT5-XL,UMAP,seq_2175,0,-0.48633012,3.6854024
ProtT5-XL,UMAP,seq_2176,0,-2.2198558,2.715698
ProtT5-XL,UMAP,seq_2177,0,0.18667936,5.7188697
ProtT5-XL,UMAP,seq_2178,0,1.0944072,2.6931198
ProtT5-XL,UMAP,seq_2179,0,1.5575528,-2.6380973
ProtT5-XL,UMAP,seq_2180,0,-0.28305396,-0.7485165
ProtT5-XL,UMAP,seq_2181,0,1.344708,-2.6506543
ProtT5-XL,UMAP,seq_2182,0,1.3131579,-2.434367
ProtT5-XL,UMAP,seq_2183,0,-1.3989508,5.9330044
ProtT5-XL,UMAP,seq_2184,0,-1.7492915,4.973614
ProtT5-XL,UMAP,seq_2185,0,-0.8623141,4.6493278
ProtT5-XL,UMAP,seq_2186,0,-1.6363845,2.7679162
ProtT5-XL,UMAP,seq_2187,0,-0.81941384,4.9156303
ProtT5-XL,UMAP,seq_2188,0,0.5106061,2.927501
ProtT5-XL,UMAP,seq_2189,0,0.1539182,3.4685764
ProtT5-XL,UMAP,seq_2190,0,-2.4503741,5.5273166
ProtT5-XL,UMAP,seq_2191,0,2.39114,1.88924
ProtT5-XL,UMAP,seq_2192,0,-1.8847573,4.0014095
ProtT5-XL,UMAP,seq_2193,0,-1.551455,5.7365956
ProtT5-XL,UMAP,seq_2194,0,-0.17561588,4.735998
ProtT5-XL,UMAP,seq_2195,0,1.481128,-0.052684482
ProtT5-XL,UMAP,seq_2196,0,1.0609006,1.7306721
ProtT5-XL,UMAP,seq_2197,0,-0.1601518,-0.92405397
ProtT5-XL,UMAP,seq_2198,0,-3.7382717,0.2509059
ProtT5-XL,UMAP,seq_2199,0,-1.1840918,5.0967603
ProtT5-XL,UMAP,seq_2200,0,-0.68448454,-0.0902369
ProtT5-XL,UMAP,seq_2201,0,-0.25933206,-0.6767922
ProtT5-XL,UMAP,seq_2202,0,-0.12872282,3.9086902
ProtT5-XL,UMAP,seq_2203,0,1.8917263,1.3500848
ProtT5-XL,UMAP,seq_2204,0,-3.0953758,-0.02041241
ProtT5-XL,UMAP,seq_2205,0,0.559545,5.4934916
ProtT5-XL,UMAP,seq_2206,0,-3.4737985,0.7587133
ProtT5-XL,UMAP,seq_2207,0,0.9312792,-0.36177292
ProtT5-XL,UMAP,seq_2208,0,-2.463883,4.0857472
ProtT5-XL,UMAP,seq_2209,0,1.4607793,-2.2185898
ProtT5-XL,UMAP,seq_2210,0,1.38159,-2.1955457
ProtT5-XL,UMAP,seq_2211,0,0.25592077,-0.55718887
ProtT5-XL,UMAP,seq_2212,0,0.04056188,7.79056
ProtT5-XL,UMAP,seq_2213,0,-1.5776412,2.7890925
ProtT5-XL,UMAP,seq_2214,0,0.30670175,2.4691927
ProtT5-XL,UMAP,seq_2215,0,0.6778136,-0.29005098
ProtT5-XL,UMAP,seq_2216,0,0.55699563,5.50335
ProtT5-XL,UMAP,seq_2217,0,-3.5696359,-0.11071601
ProtT5-XL,UMAP,seq_2218,0,0.5599713,2.5810926
ProtT5-XL,UMAP,seq_2219,0,-0.08226112,4.0562587
ProtT5-XL,UMAP,seq_2220,0,0.66774887,3.0774748
ProtT5-XL,UMAP,seq_2221,0,1.9770125,-0.36476356
ProtT5-XL,UMAP,seq_2222,0,-3.513138,-0.062773675
ProtT5-XL,UMAP,seq_2223,0,0.2845911,0.77245027
ProtT5-XL,UMAP,seq_2224,0,0.3576069,0.81752974
ProtT5-XL,UMAP,seq_2225,0,0.113067746,-0.24003479
ProtT5-XL,UMAP,seq_2226,0,-2.6331182,2.7748272
ProtT5-XL,UMAP,seq_2227,0,0.59840655,5.4740267
ProtT5-XL,UMAP,seq_2228,0,1.4023751,0.9830799
ProtT5-XL,UMAP,seq_2229,0,0.11216843,5.945849
ProtT5-XL,UMAP,seq_2230,0,-0.3194829,4.106355
ProtT5-XL,UMAP,seq_2231,0,1.2497665,0.76443446
ProtT5-XL,UMAP,seq_2232,0,-3.1209955,5.0618935
ProtT5-XL,UMAP,seq_2233,0,-0.06310343,4.48909
ProtT5-XL,UMAP,seq_2234,0,0.5683247,3.1595972
ProtT5-XL,UMAP,seq_2235,0,2.2961388,1.9556813
ProtT5-XL,UMAP,seq_2236,0,-2.3959575,5.6359653
ProtT5-XL,UMAP,seq_2237,0,1.2852198,4.467472
ProtT5-XL,UMAP,seq_2238,0,0.2662646,2.2632787
ProtT5-XL,UMAP,seq_2239,0,0.27978954,3.8199518
ProtT5-XL,UMAP,seq_2240,0,0.8434659,-1.0525626
ProtT5-XL,UMAP,seq_2241,0,0.5777099,5.3477497
ProtT5-XL,UMAP,seq_2242,0,-1.3052014,-0.59667987
ProtT5-XL,UMAP,seq_2243,0,-1.6861562,-0.5013936
ProtT5-XL,UMAP,seq_2244,0,-2.4827232,5.784347
ProtT5-XL,UMAP,seq_2245,0,0.07265199,7.7309175
ProtT5-XL,UMAP,seq_2246,0,-2.6755972,4.4278097
ProtT5-XL,UMAP,seq_2247,0,-1.6218287,5.672651
ProtT5-XL,UMAP,seq_2248,0,0.46595797,5.477398
ProtT5-XL,UMAP,seq_2249,0,0.6127407,5.598248
ProtT5-XL,UMAP,seq_2250,0,0.38453674,3.0314925
ProtT5-XL,UMAP,seq_2251,0,-2.0048048,6.1091027
ProtT5-XL,UMAP,seq_2252,0,-1.3826694,4.637227
ProtT5-XL,UMAP,seq_2253,0,-2.3156874,4.6596427
ProtT5-XL,UMAP,seq_2254,0,-1.2693715,5.2008095
ProtT5-XL,UMAP,seq_2255,0,-2.9580743,4.772008
ProtT5-XL,UMAP,seq_2256,0,-2.2393768,4.3048773
ProtT5-XL,UMAP,seq_2257,0,-2.3508267,5.0394564
ProtT5-XL,UMAP,seq_2258,0,-2.4913673,4.8746986
ProtT5-XL,UMAP,seq_2259,0,-1.141035,3.7379565
ProtT5-XL,UMAP,seq_2260,0,-0.85272044,4.566368
ProtT5-XL,UMAP,seq_2261,0,0.1679588,-0.45887122
ProtT5-XL,UMAP,seq_2262,0,-2.170645,2.6995568
ProtT5-XL,UMAP,seq_2263,0,-1.2689718,4.2128406
ProtT5-XL,UMAP,seq_2264,0,-0.044961568,4.1460285
ProtT5-XL,UMAP,seq_2265,0,-0.39241573,6.473447
ProtT5-XL,UMAP,seq_2266,0,-0.8628426,4.440858
ProtT5-XL,UMAP,seq_2267,0,0.5599118,5.400703
ProtT5-XL,UMAP,seq_2268,0,-2.889751,4.994669
ProtT5-XL,UMAP,seq_2269,0,1.5991029,-2.6945238
ProtT5-XL,UMAP,seq_2270,0,0.14668652,-0.14774852
ProtT5-XL,UMAP,seq_2271,0,-1.8419533,5.4655404
ProtT5-XL,UMAP,seq_2272,0,-1.6576704,5.7683725
ProtT5-XL,UMAP,seq_2273,0,-3.1364796,5.135807
ProtT5-XL,UMAP,seq_2274,0,0.19329001,4.5197096
ProtT5-XL,UMAP,seq_2275,0,-1.4248971,0.78008956
ProtT5-XL,UMAP,seq_2276,0,1.1996318,0.7912644
ProtT5-XL,UMAP,seq_2277,0,-2.4469576,5.232079
ProtT5-XL,UMAP,seq_2278,0,-1.0544764,6.1583123
ProtT5-XL,UMAP,seq_2279,0,-2.1628358,4.2537603
ProtT5-XL,UMAP,seq_2280,0,1.4763085,1.1987029
ProtT5-XL,UMAP,seq_2281,0,-0.91080636,2.0512075
ProtT5-XL,UMAP,seq_2282,0,0.42254725,3.1154423
ProtT5-XL,UMAP,seq_2283,0,-2.1445093,4.6559796
ProtT5-XL,UMAP,seq_2284,0,-1.5341686,5.6694207
ProtT5-XL,UMAP,seq_2285,0,-1.4640093,5.4500837
ProtT5-XL,UMAP,seq_2286,0,-1.9480976,6.116866
ProtT5-XL,UMAP,seq_2287,0,-1.4399449,2.8992884
ProtT5-XL,UMAP,seq_2288,0,-0.22026615,-0.8701148
ProtT5-XL,UMAP,seq_2289,0,1.0649196,3.7013822
ProtT5-XL,UMAP,seq_2290,0,0.95362175,1.3496362
ProtT5-XL,UMAP,seq_2291,0,1.6354414,-2.6720939
ProtT5-XL,UMAP,seq_2292,0,2.2743618,2.0271704
ProtT5-XL,UMAP,seq_2293,0,0.690097,3.112334
ProtT5-XL,UMAP,seq_2294,0,-0.9655433,3.7360027
ProtT5-XL,UMAP,seq_2295,0,1.182683,0.5712156
ProtT5-XL,UMAP,seq_2296,0,1.6617415,-2.3716094
ProtT5-XL,UMAP,seq_2297,0,2.2725968,2.129751
ProtT5-XL,UMAP,seq_2298,0,0.3744171,5.7678776
ProtT5-XL,UMAP,seq_2299,0,-2.3916883,2.4953275
ProtT5-XL,UMAP,seq_2300,0,-1.5930519,5.715637
ProtT5-XL,UMAP,seq_2301,0,-2.5120769,2.7397866
ProtT5-XL,UMAP,seq_2302,0,1.6056306,-0.6300003
ProtT5-XL,UMAP,seq_2303,0,1.4711338,-0.7590206
ProtT5-XL,UMAP,seq_2304,0,-3.1900322,5.820545
ProtT5-XL,UMAP,seq_2305,0,0.37279785,-0.027572718
ProtT5-XL,UMAP,seq_2306,0,-1.6081439,2.7661984
ProtT5-XL,UMAP,seq_2307,0,0.16569985,5.467977
ProtT5-XL,UMAP,seq_2308,0,0.47681028,-0.6859528
ProtT5-XL,UMAP,seq_2309,0,1.5498117,0.6436315
ProtT5-XL,UMAP,seq_2310,0,0.92937535,0.54240847
ProtT5-XL,UMAP,seq_2311,0,1.0525911,-0.7059149
ProtT5-XL,UMAP,seq_2312,0,-1.4466286,2.617915
ProtT5-XL,UMAP,seq_2313,0,1.3456186,0.96134984
ProtT5-XL,UMAP,seq_2314,0,3.2474654,-0.8895962
ProtT5-XL,UMAP,seq_2315,0,1.0845959,0.6892703
ProtT5-XL,UMAP,seq_2316,0,-0.35311684,4.2174244
ProtT5-XL,UMAP,seq_2317,0,1.9773651,-2.3911219
ProtT5-XL,UMAP,seq_2318,0,1.5031446,-2.2669244
ProtT5-XL,UMAP,seq_2319,0,1.5398182,-2.8573585
ProtT5-XL,UMAP,seq_2320,0,3.639125,-2.8444896
ProtT5-XL,UMAP,seq_2321,0,0.14477052,-0.6666617
ProtT5-XL,UMAP,seq_2322,0,-3.5372105,-0.15619765
ProtT5-XL,UMAP,seq_2323,0,-1.4482539,5.3130646
ProtT5-XL,UMAP,seq_2324,0,0.62730956,-0.59425825
ProtT5-XL,UMAP,seq_2325,0,1.481959,-2.2139876
ProtT5-XL,UMAP,seq_2326,0,-1.5091547,2.7893975
ProtT5-XL,UMAP,seq_2327,0,0.040718097,0.5859471
ProtT5-XL,UMAP,seq_2328,0,0.5528833,0.88984704
ProtT5-XL,UMAP,seq_2329,0,2.8859322,-0.43364695
ProtT5-XL,UMAP,seq_2330,0,-1.7086846,0.4311436
ProtT5-XL,UMAP,seq_2331,0,1.0306301,0.28908157
ProtT5-XL,UMAP,seq_2332,0,1.1009767,-1.5110884
ProtT5-XL,UMAP,seq_2333,0,1.5348557,-1.0180098
ProtT5-XL,UMAP,seq_2334,0,3.3105528,3.3161354
ProtT5-XL,UMAP,seq_2335,0,-0.9553834,4.723446
ProtT5-XL,UMAP,seq_2336,0,-2.0530455,6.0207667
ProtT5-XL,UMAP,seq_2337,0,-2.033503,4.4391036
ProtT5-XL,UMAP,seq_2338,0,-1.2479566,4.590286
ProtT5-XL,UMAP,seq_2339,0,0.12049895,5.9952602
ProtT5-XL,UMAP,seq_2340,0,1.3465849,0.6934219
ProtT5-XL,UMAP,seq_2341,0,1.5828853,-2.7248404
ProtT5-XL,UMAP,seq_2342,0,-2.202693,6.2652164
ProtT5-XL,UMAP,seq_2343,0,0.572715,2.7983665
ProtT5-XL,UMAP,seq_2344,0,-2.486682,4.848583
ProtT5-XL,UMAP,seq_2345,0,1.2104522,4.446356
ProtT5-XL,UMAP,seq_2346,0,1.1740488,3.0423727
ProtT5-XL,UMAP,seq_2347,0,-2.4058752,5.810147
ProtT5-XL,UMAP,seq_2348,0,-2.449964,5.6433682
ProtT5-XL,UMAP,seq_2349,0,-2.3281078,4.054924
ProtT5-XL,UMAP,seq_2350,0,-2.0994883,5.582878
ProtT5-XL,UMAP,seq_2351,0,-0.12085669,-0.3506102
ProtT5-XL,UMAP,seq_2352,0,-1.8769764,5.29708
ProtT5-XL,UMAP,seq_2353,0,-1.9546444,6.1816573
ProtT5-XL,UMAP,seq_2354,0,-1.1106328,4.3014174
ProtT5-XL,UMAP,seq_2355,0,-3.5824242,0.5145802
ProtT5-XL,UMAP,seq_2356,0,-2.1763496,3.0054479
ProtT5-XL,UMAP,seq_2357,0,-2.2527459,3.1555614
ProtT5-XL,UMAP,seq_2358,0,-0.40669906,6.7954793
ProtT5-XL,UMAP,seq_2359,0,-0.45929205,6.4804387
ProtT5-XL,UMAP,seq_2360,0,-0.32423317,-0.90735745
ProtT5-XL,UMAP,seq_2361,0,-1.58636,4.3028445
ProtT5-XL,UMAP,seq_2362,0,0.9037906,-0.06483773
ProtT5-XL,UMAP,seq_2363,0,-2.676542,4.598554
ProtT5-XL,UMAP,seq_2364,0,0.3036605,5.440144
ProtT5-XL,UMAP,seq_2365,0,3.2908747,3.27273
ProtT5-XL,UMAP,seq_2366,0,-2.0820718,5.6031904
ProtT5-XL,UMAP,seq_2367,0,-1.451659,4.3070416
ProtT5-XL,UMAP,seq_2368,0,-0.2602391,6.014976
ProtT5-XL,UMAP,seq_2369,0,1.2970358,2.6946826
ProtT5-XL,UMAP,seq_2370,0,-1.8033623,0.46484345
ProtT5-XL,UMAP,seq_2371,0,-2.8614032,4.635448
ProtT5-XL,UMAP,seq_2372,0,-2.8356671,5.000604
ProtT5-XL,UMAP,seq_2373,0,-2.0023851,4.3984838
ProtT5-XL,UMAP,seq_2374,0,0.43138826,3.0465379
ProtT5-XL,UMAP,seq_2375,0,0.48992637,4.7721224
ProtT5-XL,UMAP,seq_2376,0,-1.035645,4.4899497
ProtT5-XL,UMAP,seq_2377,0,-0.46319336,4.1138635
ProtT5-XL,UMAP,seq_2378,0,-1.5084575,5.6612916
ProtT5-XL,UMAP,seq_2379,0,-0.62101084,6.4889336
ProtT5-XL,UMAP,seq_2380,0,-1.0995855,4.222033
ProtT5-XL,UMAP,seq_2381,0,-0.6555769,6.8013873
ProtT5-XL,UMAP,seq_2382,0,-3.778572,0.31199536
ProtT5-XL,UMAP,seq_2383,0,-2.3104856,2.5852008
ProtT5-XL,UMAP,seq_2384,0,1.121594,-2.2261274
ProtT5-XL,UMAP,seq_2385,0,-2.3171275,2.624348
ProtT5-XL,UMAP,seq_2386,0,-0.13094181,4.8856273
ProtT5-XL,UMAP,seq_2387,0,1.4281794,-2.3558013
ProtT5-XL,UMAP,seq_2388,0,-2.601166,4.6549516
ProtT5-XL,UMAP,seq_2389,0,3.3696504,1.5350242
ProtT5-XL,UMAP,seq_2390,0,-2.687416,5.9413085
ProtT5-XL,UMAP,seq_2391,0,0.060002886,5.8896685
ProtT5-XL,UMAP,seq_2392,0,-1.0480887,4.241602
ProtT5-XL,UMAP,seq_2393,0,0.44871378,0.16570619
ProtT5-XL,UMAP,seq_2394,0,-0.021199983,2.9547389
ProtT5-XL,UMAP,seq_2395,0,-1.972278,-0.06557909
ProtT5-XL,UMAP,seq_2396,0,1.5997245,1.1380641
ProtT5-XL,UMAP,seq_2397,0,-0.7755214,2.0252094
ProtT5-XL,UMAP,seq_2398,0,1.5386337,-2.885355
ProtT5-XL,UMAP,seq_2399,0,2.9542363,0.14707975
ProtT5-XL,UMAP,seq_2400,0,0.24363028,3.1602633
ProtT5-XL,UMAP,seq_2401,0,-3.2044833,5.009289
ProtT5-XL,UMAP,seq_2402,0,0.43710244,11.517155
ProtT5-XL,UMAP,seq_2403,0,-1.2407349,5.2585797
ProtT5-XL,UMAP,seq_2404,0,-0.48168918,6.7515864
ProtT5-XL,UMAP,seq_2405,0,1.1494746,-2.185626
ProtT5-XL,UMAP,seq_2406,0,1.0904806,3.735892
ProtT5-XL,UMAP,seq_2407,0,-3.0625083,6.0137672
ProtT5-XL,UMAP,seq_2408,0,2.7308817,1.9367124
ProtT5-XL,UMAP,seq_2409,0,-3.33092,5.4390736
ProtT5-XL,UMAP,seq_2410,0,1.3602778,-2.2813756
ProtT5-XL,UMAP,seq_2411,0,-2.455675,4.7465158
ProtT5-XL,UMAP,seq_2412,0,-3.1299374,5.4247913
ProtT5-XL,UMAP,seq_2413,0,1.0472465,-0.36728272
ProtT5-XL,UMAP,seq_2414,0,1.6031569,0.90935576
ProtT5-XL,UMAP,seq_2415,0,1.5088165,-2.3642673
ProtT5-XL,UMAP,seq_2416,0,0.48559535,3.6806777
ProtT5-XL,UMAP,seq_2417,0,-0.5595404,5.788131
ProtT5-XL,UMAP,seq_2418,0,-1.8624599,3.0754976
ProtT5-XL,UMAP,seq_2419,0,-2.5860372,4.8024316
ProtT5-XL,UMAP,seq_2420,0,-2.277655,4.779477
ProtT5-XL,UMAP,seq_2421,0,1.1223125,0.5095665
ProtT5-XL,UMAP,seq_2422,0,-0.7378425,3.6273966
ProtT5-XL,UMAP,seq_2423,0,1.2054628,2.9466665
ProtT5-XL,UMAP,seq_2424,0,1.8397418,-0.64269143
ProtT5-XL,UMAP,seq_2425,0,0.25849375,4.5352135
ProtT5-XL,UMAP,seq_2426,0,0.33751276,5.4229846
ProtT5-XL,UMAP,seq_2427,0,-2.182724,4.623325
ProtT5-XL,UMAP,seq_2428,0,-9.295072,-4.4732933
ProtT5-XL,UMAP,seq_2429,0,0.16074857,4.539956
ProtT5-XL,UMAP,seq_2430,0,-0.57838565,6.533169
ProtT5-XL,UMAP,seq_2431,0,0.8775757,-0.37293535
ProtT5-XL,UMAP,seq_2432,0,-0.875173,-0.6232776
ProtT5-XL,UMAP,seq_2433,0,-0.80308044,4.177105
ProtT5-XL,UMAP,seq_2434,0,0.5650378,4.54248
ProtT5-XL,UMAP,seq_2435,0,-2.8878968,5.5611663
ProtT5-XL,UMAP,seq_2436,0,-0.2194857,3.839694
ProtT5-XL,UMAP,seq_2437,0,0.40552393,5.0222726
ProtT5-XL,UMAP,seq_2438,0,3.5455067,-0.018152935
ProtT5-XL,UMAP,seq_2439,0,-1.7490673,2.661354
ProtT5-XL,UMAP,seq_2440,0,-1.8550466,4.8589587
ProtT5-XL,UMAP,seq_2441,0,-0.7986222,0.12928148
ProtT5-XL,UMAP,seq_2442,0,-0.8056063,3.9813392
ProtT5-XL,UMAP,seq_2443,0,-1.6091187,5.1060147
ProtT5-XL,UMAP,seq_2444,0,-0.74751633,5.543083
ProtT5-XL,UMAP,seq_2445,0,-2.1155868,5.9399137
ProtT5-XL,UMAP,seq_2446,0,1.1660742,0.20021002
ProtT5-XL,UMAP,seq_2447,0,-2.0074856,5.901199
ProtT5-XL,UMAP,seq_2448,0,-1.6948304,6.1581535
ProtT5-XL,UMAP,seq_2449,0,-0.26900283,0.32995927
ProtT5-XL,UMAP,seq_2450,0,0.26065844,5.7688503
ProtT5-XL,UMAP,seq_2451,0,3.8187659,-2.7809067
ProtT5-XL,UMAP,seq_2452,0,-1.8161113,4.35217
ProtT5-XL,UMAP,seq_2453,0,-3.791279,0.34126744
ProtT5-XL,UMAP,seq_2454,0,0.5521522,5.2827263
ProtT5-XL,UMAP,seq_2455,0,-1.0029622,6.5023136
ProtT5-XL,UMAP,seq_2456,0,-0.44598496,6.407033
ProtT5-XL,UMAP,seq_2457,0,-0.2071405,5.897388
ProtT5-XL,UMAP,seq_2458,0,-0.82160383,5.7354946
ProtT5-XL,UMAP,seq_2459,0,-0.05987313,4.543579
ProtT5-XL,UMAP,seq_2460,0,-2.6409533,4.3936906
ProtT5-XL,UMAP,seq_2461,0,-1.3995942,2.8903563
ProtT5-XL,UMAP,seq_2462,0,-2.2405922,5.3499265
ProtT5-XL,UMAP,seq_2463,0,0.61603343,5.6590376
ProtT5-XL,UMAP,seq_2464,0,-2.010755,4.7692723
ProtT5-XL,UMAP,seq_2465,0,-2.533945,5.7566304
ProtT5-XL,UMAP,seq_2466,0,0.7029929,0.3180907
ProtT5-XL,UMAP,seq_2467,0,-1.386088,4.3730826
ProtT5-XL,UMAP,seq_2468,0,-0.3922641,-0.6394145
ProtT5-XL,UMAP,seq_2469,0,0.7311408,0.49037272
ProtT5-XL,UMAP,seq_2470,0,0.60138315,0.2531943
ProtT5-XL,UMAP,seq_2471,0,1.3302258,0.7523349
ProtT5-XL,UMAP,seq_2472,0,0.5414512,-1.263635
ProtT5-XL,UMAP,seq_2473,0,1.3289107,-1.7955306
ProtT5-XL,UMAP,seq_2474,0,-0.09560303,-5.672403
ProtT5-XL,UMAP,seq_2475,0,0.9651363,-2.038664
ProtT5-XL,UMAP,seq_2476,0,-0.6714792,-1.3349355
ProtT5-XL,UMAP,seq_2477,0,0.97280407,-2.0591216
ProtT5-XL,UMAP,seq_2478,0,1.3226599,-2.2591472
ProtT5-XL,UMAP,seq_2479,0,1.2721938,-1.2320876
ProtT5-XL,UMAP,seq_2480,0,1.8249747,-2.2052176
ProtT5-XL,UMAP,seq_2481,0,1.2671473,-1.952253
ProtT5-XL,UMAP,seq_2482,0,0.011168858,-0.07826106
ProtT5-XL,UMAP,seq_2483,0,-2.1977086,3.9893112
ProtT5-XL,UMAP,seq_2484,0,0.22887813,3.1706572
ProtT5-XL,UMAP,seq_2485,0,-0.07967423,-0.831021
ProtT5-XL,UMAP,seq_2486,0,-2.3083534,4.5936255
ProtT5-XL,UMAP,seq_2487,0,1.2545755,-2.4635696
ProtT5-XL,UMAP,seq_2488,0,1.1918362,-2.312267
ProtT5-XL,UMAP,seq_2489,0,-0.29945135,5.931785
ProtT5-XL,UMAP,seq_2490,0,0.631427,5.135408
ProtT5-XL,UMAP,seq_2491,0,1.2327151,-2.4714453
ProtT5-XL,UMAP,seq_2492,0,-0.33757415,-1.1091789
ProtT5-XL,UMAP,seq_2493,0,-0.6587553,4.0385094
ProtT5-XL,UMAP,seq_2494,0,-0.70387197,0.32802263
ProtT5-XL,UMAP,seq_2495,0,-1.7855352,6.0590796
ProtT5-XL,UMAP,seq_2496,0,-1.8645562,5.0766964
ProtT5-XL,UMAP,seq_2497,0,-0.6835207,0.11137215
ProtT5-XL,UMAP,seq_2498,0,-3.1415398,5.1342983
ProtT5-XL,UMAP,seq_2499,0,0.0019675859,2.0093277
ProtT5-XL,UMAP,seq_2500,0,0.0044437246,1.9662937
ProtT5-XL,UMAP,seq_2501,0,3.2440958,3.223436
ProtT5-XL,UMAP,seq_2502,0,0.6966149,2.465561
ProtT5-XL,UMAP,seq_2503,0,-0.74885714,6.4493165
ProtT5-XL,UMAP,seq_2504,0,-1.233692,0.046762817
ProtT5-XL,UMAP,seq_2505,0,0.830694,-0.13348833
ProtT5-XL,UMAP,seq_2506,0,-1.3574125,0.64639366
ProtT5-XL,UMAP,seq_2507,0,0.17146046,0.5001268
ProtT5-XL,UMAP,seq_2508,0,1.5263463,-1.1439918
ProtT5-XL,UMAP,seq_2509,0,-1.7903045,3.2401862
ProtT5-XL,UMAP,seq_2510,0,1.4058946,0.9556543
ProtT5-XL,UMAP,seq_2511,0,-1.8412207,0.07359435
ProtT5-XL,UMAP,seq_2512,0,-1.7820823,0.046524215
ProtT5-XL,UMAP,seq_2513,0,0.11076406,0.024353672
ProtT5-XL,UMAP,seq_2514,0,0.5460159,-0.2936083
ProtT5-XL,UMAP,seq_2515,0,-1.6486533,0.3883604
ProtT5-XL,UMAP,seq_2516,0,-1.0789564,0.82192934
ProtT5-XL,UMAP,seq_2517,0,-0.6286101,1.8883436
ProtT5-XL,UMAP,seq_2518,0,-0.03456908,-0.47315437
ProtT5-XL,UMAP,seq_2519,0,-1.1205236,0.18037577
ProtT5-XL,UMAP,seq_2520,0,-0.32991168,5.5615253
ProtT5-XL,UMAP,seq_2521,0,0.44505993,2.736146
ProtT5-XL,UMAP,seq_2522,0,-1.587943,4.1326194
ProtT5-XL,UMAP,seq_2523,0,0.6745899,0.2487632
ProtT5-XL,UMAP,seq_2524,0,0.28303367,-0.24134842
ProtT5-XL,UMAP,seq_2525,0,-2.4059756,4.12739
ProtT5-XL,UMAP,seq_2526,0,0.6867524,0.30803475
ProtT5-XL,UMAP,seq_2527,0,-0.23666589,-0.6227735
ProtT5-XL,UMAP,seq_2528,0,-0.48847145,-0.13412546
ProtT5-XL,UMAP,seq_2529,0,-0.94564795,0.50110924
ProtT5-XL,UMAP,seq_2530,0,-3.1038413,4.1799192
ProtT5-XL,UMAP,seq_2531,0,-0.9226029,0.4792097
ProtT5-XL,UMAP,seq_2532,0,-1.8802514,0.10562336
ProtT5-XL,UMAP,seq_2533,0,0.4017947,2.9717057
ProtT5-XL,UMAP,seq_2534,0,0.30964234,3.1054177
ProtT5-XL,UMAP,seq_2535,0,-0.23204795,3.1719887
ProtT5-XL,UMAP,seq_2536,0,-1.6926446,4.567757
ProtT5-XL,UMAP,seq_2537,0,1.1796918,-2.1340404
ProtT5-XL,UMAP,seq_2538,0,0.2761915,-0.24126655
ProtT5-XL,UMAP,seq_2539,0,-0.126914,-0.46919188
ProtT5-XL,UMAP,seq_2540,0,0.31504118,0.61007655
ProtT5-XL,UMAP,seq_2541,0,-2.6622062,4.854991
ProtT5-XL,UMAP,seq_2542,0,0.3405423,5.7913547
ProtT5-XL,UMAP,seq_2543,0,0.3089372,5.39849
ProtT5-XL,UMAP,seq_2544,0,-0.29468948,0.005940769
ProtT5-XL,UMAP,seq_2545,0,-0.83673996,0.6234114
ProtT5-XL,UMAP,seq_2546,0,-0.36552,6.100591
ProtT5-XL,UMAP,seq_2547,0,-2.6967747,0.07257855
ProtT5-XL,UMAP,seq_2548,0,0.1774019,-0.5349239
ProtT5-XL,UMAP,seq_2549,0,3.1164432,2.7629876
ProtT5-XL,UMAP,seq_2550,0,-2.2729492,2.6063898
ProtT5-XL,UMAP,seq_2551,0,-0.26792794,3.2889125
ProtT5-XL,UMAP,seq_2552,0,1.0440968,-2.1169126
ProtT5-XL,UMAP,seq_2553,0,-3.495137,0.690948
ProtT5-XL,UMAP,seq_2554,0,-2.8301382,4.4013824
ProtT5-XL,UMAP,seq_2555,0,0.116137035,0.250385
ProtT5-XL,UMAP,seq_2556,0,0.6793234,5.307913
ProtT5-XL,UMAP,seq_2557,0,-0.32678515,6.6442895
ProtT5-XL,UMAP,seq_2558,0,-1.3209687,4.4124165
ProtT5-XL,UMAP,seq_2559,0,-0.89794993,-0.29525682
ProtT5-XL,UMAP,seq_2560,0,1.431856,-2.3017464
ProtT5-XL,UMAP,seq_2561,0,-1.8438042,4.7607813
ProtT5-XL,UMAP,seq_2562,0,-3.1943605,6.031952
ProtT5-XL,UMAP,seq_2563,0,0.85246027,-1.5651795
ProtT5-XL,UMAP,seq_2564,0,-0.11771749,-1.1147605
ProtT5-XL,UMAP,seq_2565,0,3.2019756,1.413698
ProtT5-XL,UMAP,seq_2566,0,-0.65870374,0.32273054
ProtT5-XL,UMAP,seq_2567,0,-0.46182477,-0.90636426
ProtT5-XL,UMAP,seq_2568,0,-1.4041984,0.69649416
ProtT5-XL,UMAP,seq_2569,0,-1.8051666,2.7580295
ProtT5-XL,UMAP,seq_2570,0,0.5105126,0.073899314
ProtT5-XL,UMAP,seq_2571,0,0.68044764,-0.67560846
ProtT5-XL,UMAP,seq_2572,0,0.510934,5.47991
ProtT5-XL,UMAP,seq_2573,0,-2.0868282,3.9559247
ProtT5-XL,UMAP,seq_2574,0,-0.736175,2.9693038
ProtT5-XL,UMAP,seq_2575,0,-2.8713174,4.469968
ProtT5-XL,UMAP,seq_2576,0,-3.9557369,5.371819
ProtT5-XL,UMAP,seq_2577,0,-0.26352227,5.5163946
ProtT5-XL,UMAP,seq_2578,0,-2.5269873,4.157839
ProtT5-XL,UMAP,seq_2579,0,-1.6691681,3.1744342
ProtT5-XL,UMAP,seq_2580,0,-0.69658744,5.963471
ProtT5-XL,UMAP,seq_2581,0,1.2767768,-2.4668653
ProtT5-XL,UMAP,seq_2582,0,-0.21482009,6.1204247
ProtT5-XL,UMAP,seq_2583,0,1.2502458,-0.7189519
ProtT5-XL,UMAP,seq_2584,0,-0.44760862,6.708332
ProtT5-XL,UMAP,seq_2585,0,1.1417685,0.6131889
ProtT5-XL,UMAP,seq_2586,0,1.3027188,0.3445176
ProtT5-XL,UMAP,seq_2587,0,1.5223373,-0.6348564
ProtT5-XL,UMAP,seq_2588,0,1.8851775,-0.5004373
ProtT5-XL,UMAP,seq_2589,0,0.4538901,-0.3721467
ProtT5-XL,UMAP,seq_2590,0,-3.3840075,0.08358089
ProtT5-XL,UMAP,seq_2591,0,-1.9974761,5.765391
ProtT5-XL,UMAP,seq_2592,0,0.43949348,-0.3640723
ProtT5-XL,UMAP,seq_2593,0,1.3040521,-0.5361715
ProtT5-XL,UMAP,seq_2594,0,1.7564337,-0.37689453
ProtT5-XL,UMAP,seq_2595,0,1.798227,-2.0270345
ProtT5-XL,UMAP,seq_2596,0,1.8245451,-2.0566087
ProtT5-XL,UMAP,seq_2597,0,-0.9389219,4.367108
ProtT5-XL,UMAP,seq_2598,0,-1.734714,5.0380387
ProtT5-XL,UMAP,seq_2599,0,-1.5222133,3.1512172
ProtT5-XL,UMAP,seq_2600,0,-1.0546902,2.2978451
ProtT5-XL,UMAP,seq_2601,0,3.6685665,-2.6790385
ProtT5-XL,UMAP,seq_2602,0,0.92199755,4.2612414
ProtT5-XL,UMAP,seq_2603,0,-9.295169,-4.473566
ProtT5-XL,UMAP,seq_2604,0,1.2715845,-2.4467227
ProtT5-XL,UMAP,seq_2605,0,1.0512605,1.2439477
ProtT5-XL,UMAP,seq_2606,0,0.9145158,0.91901946
ProtT5-XL,UMAP,seq_2607,0,1.9613869,-0.3079683
ProtT5-XL,UMAP,seq_2608,0,1.1990613,-0.1432781
ProtT5-XL,UMAP,seq_2609,0,0.37021717,-0.6648983
ProtT5-XL,UMAP,seq_2610,0,-3.5284195,0.021363629
ProtT5-XL,UMAP,seq_2611,0,1.4711617,-2.2181242
ProtT5-XL,UMAP,seq_2612,0,-1.4886919,-0.5908446
ProtT5-XL,UMAP,seq_2613,0,1.1928201,-2.4980414
ProtT5-XL,UMAP,seq_2614,0,1.1652377,0.2003332
ProtT5-XL,UMAP,seq_2615,0,-1.267457,6.5065446
ProtT5-XL,UMAP,seq_2616,0,-0.30244967,6.6696205
ProtT5-XL,UMAP,seq_2617,0,1.7357761,-2.3450937
ProtT5-XL,UMAP,seq_2618,0,-3.639017,-0.014707743
ProtT5-XL,UMAP,seq_2619,0,-0.052208845,-0.81649834
ProtT5-XL,UMAP,seq_2620,0,1.9630363,-0.1285859
ProtT5-XL,UMAP,seq_2621,0,-2.508987,2.6457355
ProtT5-XL,UMAP,seq_2622,0,1.8487862,-0.52325916
ProtT5-XL,UMAP,seq_2623,0,-1.0271648,6.8956995
ProtT5-XL,UMAP,seq_2624,0,0.92603666,0.031356953
ProtT5-XL,UMAP,seq_2625,0,0.043328073,5.914438
ProtT5-XL,UMAP,seq_2626,0,0.10866459,7.7147374
ProtT5-XL,UMAP,seq_2627,0,-0.2864654,3.8641756
ProtT5-XL,UMAP,seq_2628,0,1.5723447,-2.3402
ProtT5-XL,UMAP,seq_2629,0,3.6923945,-2.8131742
ProtT5-XL,UMAP,seq_2630,0,-1.046675,3.4420736
ProtT5-XL,UMAP,seq_2631,0,-0.40238443,-1.2513497
ProtT5-XL,UMAP,seq_2632,0,-1.0210097,5.522995
ProtT5-XL,UMAP,seq_2633,0,-2.1489296,5.7931986
ProtT5-XL,UMAP,seq_2634,0,-0.6255196,-0.14518473
ProtT5-XL,UMAP,seq_2635,0,-1.260194,2.425873
ProtT5-XL,UMAP,seq_2636,0,0.24414429,-0.44715616
ProtT5-XL,UMAP,seq_2637,0,0.6078426,2.7903516
ProtT5-XL,UMAP,seq_2638,0,-1.0089777,4.304602
ProtT5-XL,UMAP,seq_2639,0,1.9536953,3.906949
ProtT5-XL,UMAP,seq_2640,0,-0.27263734,-0.22825822
ProtT5-XL,UMAP,seq_2641,0,0.07903791,-0.69685656
ProtT5-XL,UMAP,seq_2642,0,-0.7069686,-0.8652883
ProtT5-XL,UMAP,seq_2643,0,1.192483,0.66782165
ProtT5-XL,UMAP,seq_2644,0,-0.5194885,5.8896136
ProtT5-XL,UMAP,seq_2645,0,0.50648296,10.828275
ProtT5-XL,UMAP,seq_2646,0,1.3234537,-1.923702
ProtT5-XL,UMAP,seq_2647,0,-1.2859001,6.6776237
ProtT5-XL,UMAP,seq_2648,0,3.4576955,-2.4062772
ProtT5-XL,UMAP,seq_2649,0,1.0898325,1.1687261
ProtT5-XL,UMAP,seq_2650,0,-1.5332763,0.7137626
ProtT5-XL,UMAP,seq_2651,0,1.3521914,1.2401636
ProtT5-XL,UMAP,seq_2652,0,3.6882415,-2.9245768
ProtT5-XL,UMAP,seq_2653,0,0.9043905,0.1499952
ProtT5-XL,UMAP,seq_2654,0,-2.761512,5.426134
ProtT5-XL,UMAP,seq_2655,0,-9.294917,-4.4736133
ProtT5-XL,UMAP,seq_2656,0,0.3551979,1.122081
ProtT5-XL,UMAP,seq_2657,0,1.6208977,-2.159251
ProtT5-XL,UMAP,seq_2658,0,-3.431563,3.999308
ProtT5-XL,UMAP,seq_2659,0,0.24642885,-0.16829458
ProtT5-XL,UMAP,seq_2660,0,2.7824593,-2.5582738
ProtT5-XL,UMAP,seq_2661,0,1.2255541,-1.2104993
ProtT5-XL,UMAP,seq_2662,0,-2.1368792,5.801292
ProtT5-XL,UMAP,seq_2663,0,-0.24213101,4.633187
ProtT5-XL,UMAP,seq_2664,0,1.1495763,2.769377
ProtT5-XL,UMAP,seq_2665,0,-2.4679997,2.5709338
ProtT5-XL,UMAP,seq_2666,0,0.09769614,-1.6862371
ProtT5-XL,UMAP,seq_2667,0,0.044508785,11.188161
ProtT5-XL,UMAP,seq_2668,0,0.91523373,0.16128452
ProtT5-XL,UMAP,seq_2669,0,-0.0542589,-0.014833531
ProtT5-XL,UMAP,seq_2670,0,1.0006262,-0.29047802
ProtT5-XL,UMAP,seq_2671,0,0.9618638,0.0925362
ProtT5-XL,UMAP,seq_2672,0,-1.6962848,0.271123
ProtT5-XL,UMAP,seq_2673,0,0.071426176,11.083103
ProtT5-XL,UMAP,seq_2674,0,-0.77017426,3.4667504
ProtT5-XL,UMAP,seq_2675,0,1.272322,-0.16659011
ProtT5-XL,UMAP,seq_2676,0,0.57302725,0.38345045
ProtT5-XL,UMAP,seq_2677,0,-1.0214806,6.9240084
ProtT5-XL,UMAP,seq_2678,0,0.052384187,11.12754
ProtT5-XL,UMAP,seq_2679,0,-2.1158805,2.7283106
ProtT5-XL,UMAP,seq_2680,0,1.5842922,-0.6542559
ProtT5-XL,UMAP,seq_2681,0,-0.72216207,-0.24385488
ProtT5-XL,UMAP,seq_2682,0,0.7660597,-0.5940091
ProtT5-XL,UMAP,seq_2683,0,0.9087444,0.37533525
ProtT5-XL,UMAP,seq_2684,0,-1.1943531,-0.36510825
ProtT5-XL,UMAP,seq_2685,0,1.4128535,-2.2520235
ProtT5-XL,UMAP,seq_2686,0,-2.7313123,5.1621394
ProtT5-XL,UMAP,seq_2687,0,-2.733568,5.1889114
ProtT5-XL,UMAP,seq_2688,0,0.5658351,0.96166915
ProtT5-XL,UMAP,seq_2689,0,1.267557,-2.222512
ProtT5-XL,UMAP,seq_2690,0,1.4018475,-2.3355334
ProtT5-XL,UMAP,seq_2691,0,-0.035694312,0.254871
ProtT5-XL,UMAP,seq_2692,0,0.936403,-1.167681
ProtT5-XL,UMAP,seq_2693,0,1.2678583,-0.84899414
ProtT5-XL,UMAP,seq_2694,0,1.148214,-0.089053765
ProtT5-XL,UMAP,seq_2695,0,1.37528,0.33594972
ProtT5-XL,UMAP,seq_2696,0,0.60589886,-0.29646936
ProtT5-XL,UMAP,seq_2697,0,1.2513517,0.283307
ProtT5-XL,UMAP,seq_2698,0,-1.1615156,-0.39392334
ProtT5-XL,UMAP,seq_2699,0,0.3310693,-0.72281426
ProtT5-XL,UMAP,seq_2700,0,-0.6120363,-0.47315633
ProtT5-XL,UMAP,seq_2701,0,-0.13438207,-0.6781451
ProtT5-XL,UMAP,seq_2702,0,-1.4440244,0.9489712
ProtT5-XL,UMAP,seq_2703,0,0.49716583,-0.13806139
ProtT5-XL,UMAP,seq_2704,0,1.3385305,-2.1661556
ProtT5-XL,UMAP,seq_2705,0,0.94271547,-0.64129686
ProtT5-XL,UMAP,seq_2706,0,3.7643764,0.04590226
ProtT5-XL,UMAP,seq_2707,0,1.0299158,-0.7853811
ProtT5-XL,UMAP,seq_2708,0,-1.5329362,0.26385194
ProtT5-XL,UMAP,seq_2709,0,1.22244,1.2984623
ProtT5-XL,UMAP,seq_2710,0,-1.5556362,0.31675345
ProtT5-XL,UMAP,seq_2711,0,0.696168,1.1550841
ProtT5-XL,UMAP,seq_2712,0,-2.398964,2.4564543
ProtT5-XL,UMAP,seq_2713,0,-3.5281987,-0.063479885
ProtT5-XL,UMAP,seq_2714,0,1.3710756,-0.17638694
ProtT5-XL,UMAP,seq_2715,0,0.5755042,0.8901014
ProtT5-XL,UMAP,seq_2716,0,-2.4188302,5.5422482
ProtT5-XL,UMAP,seq_2717,0,-2.409623,5.507129
ProtT5-XL,UMAP,seq_2718,0,-2.3405464,5.4202914
ProtT5-XL,UMAP,seq_2719,0,-2.1641273,3.2429943
ProtT5-XL,UMAP,seq_2720,0,-0.947736,0.5784341
ProtT5-XL,UMAP,seq_2721,0,1.4511355,-2.2720816
ProtT5-XL,UMAP,seq_2722,0,0.067393996,-0.7805772
ProtT5-XL,UMAP,seq_2723,0,-2.3968484,5.827633
ProtT5-XL,UMAP,seq_2724,0,4.6146545,-0.53391516
ProtT5-XL,UMAP,seq_2725,0,-1.0097411,6.54061
ProtT5-XL,UMAP,seq_2726,0,4.6380734,-0.51485765
ProtT5-XL,UMAP,seq_2727,0,1.0046092,-0.3022588
ProtT5-XL,UMAP,seq_2728,0,3.4218805,-2.354649
ProtT5-XL,UMAP,seq_2729,0,3.5214345,-2.3773732
ProtT5-XL,UMAP,seq_2730,0,3.6790936,-2.812615
ProtT5-XL,UMAP,seq_2731,0,-0.14624414,-0.5494212
ProtT5-XL,UMAP,seq_2732,0,-0.2945632,5.234764
ProtT5-XL,UMAP,seq_2733,0,0.043894157,11.117468
ProtT5-XL,UMAP,seq_2734,0,-1.535306,0.92136097
ProtT5-XL,UMAP,seq_2735,0,-1.9795003,5.414689
ProtT5-XL,UMAP,seq_2736,0,-1.9370323,5.355986
ProtT5-XL,UMAP,seq_2737,0,-0.46482334,0.5312061
ProtT5-XL,UMAP,seq_2738,0,1.7021841,1.2229548
ProtT5-XL,UMAP,seq_2739,0,1.346792,0.7192491
ProtT5-XL,UMAP,seq_2740,0,1.4226338,0.3739147
ProtT5-XL,UMAP,seq_2741,0,3.1875362,-2.7268307
ProtT5-XL,UMAP,seq_2742,0,1.2425406,-2.4379742
ProtT5-XL,UMAP,seq_2743,0,7.323952,4.231658
ProtT5-XL,UMAP,seq_2744,0,1.3174126,-2.353726
ProtT5-XL,UMAP,seq_2745,0,-0.071786195,4.0779753
ProtT5-XL,UMAP,seq_2746,0,-2.8481786,4.5914288
ProtT5-XL,UMAP,seq_2747,0,0.084650755,-0.6264132
ProtT5-XL,UMAP,seq_2748,0,-1.8163698,0.117843725
ProtT5-XL,UMAP,seq_2749,0,3.423735,-2.8650222
ProtT5-XL,UMAP,seq_2750,0,1.0711951,-0.5988708
ProtT5-XL,UMAP,seq_2751,0,-0.71657395,-0.6370982
ProtT5-XL,UMAP,seq_2752,0,-1.3336082,6.380373
ProtT5-XL,UMAP,seq_2753,0,1.4838457,-2.5660508
ProtT5-XL,UMAP,seq_2754,0,-2.061583,5.351871
ProtT5-XL,UMAP,seq_2755,0,-0.3025039,6.7101135
ProtT5-XL,UMAP,seq_2756,0,-3.9633622,5.3882084
ProtT5-XL,UMAP,seq_2757,0,-3.3963451,0.08636356
ProtT5-XL,UMAP,seq_2758,0,-0.82704365,-0.32937104
ProtT5-XL,UMAP,seq_2759,0,0.7912347,-0.288618
ProtT5-XL,UMAP,seq_2760,0,-0.8944888,4.5451922
ProtT5-XL,UMAP,seq_2761,0,2.0269723,-0.24424736
ProtT5-XL,UMAP,seq_2762,0,1.5873975,0.8585367
ProtT5-XL,UMAP,seq_2763,0,-0.6335145,6.205518
ProtT5-XL,UMAP,seq_2764,0,-0.18378668,4.3664227
ProtT5-XL,UMAP,seq_2765,0,-0.13630886,4.37421
ProtT5-XL,UMAP,seq_2766,0,1.3728646,-0.29941228
ProtT5-XL,UMAP,seq_2767,0,0.79347456,0.1424654
ProtT5-XL,UMAP,seq_2768,0,-1.1832832,4.411358
ProtT5-XL,UMAP,seq_2769,0,-3.7703004,0.40749457
ProtT5-XL,UMAP,seq_2770,0,3.7162998,-2.831464
ProtT5-XL,UMAP,seq_2771,0,2.036543,-0.253467
ProtT5-XL,UMAP,seq_2772,0,-1.260909,2.9984534
ProtT5-XL,UMAP,seq_2773,0,2.0606837,-2.302309
ProtT5-XL,UMAP,seq_2774,0,0.44783768,-0.8098554
ProtT5-XL,UMAP,seq_2775,0,0.8800919,10.616315
ProtT5-XL,UMAP,seq_2776,0,-0.6186919,-0.34711647
ProtT5-XL,UMAP,seq_2777,0,-3.507589,0.043103814
ProtT5-XL,UMAP,seq_2778,0,-1.1926743,0.18867274
ProtT5-XL,UMAP,seq_2779,0,1.8825358,-0.27357197
ProtT5-XL,UMAP,seq_2780,0,-2.742359,4.584813
ProtT5-XL,UMAP,seq_2781,0,-0.3921898,6.801382
ProtT5-XL,UMAP,seq_2782,0,0.8859114,10.639296
ProtT5-XL,UMAP,seq_2783,0,-0.39362222,11.716973
ProtT5-XL,UMAP,seq_2784,0,-0.2557596,6.6662827
ProtT5-XL,UMAP,seq_2785,0,-1.3987486,6.634313
ProtT5-XL,UMAP,seq_2786,0,3.6390572,-2.7434728
ProtT5-XL,UMAP,seq_2787,0,-1.9225607,6.1061563
ProtT5-XL,UMAP,seq_2788,0,-1.4391361,4.374071
ProtT5-XL,UMAP,seq_2789,0,0.6603494,-0.20243491
ProtT5-XL,UMAP,seq_2790,0,-1.6822281,5.645878
ProtT5-XL,UMAP,seq_2791,0,1.2607807,0.7269543
ProtT5-XL,UMAP,seq_2792,0,3.8381917,0.6866251
ProtT5-XL,UMAP,seq_2793,0,4.645068,-0.52390313
ProtT5-XL,UMAP,seq_2794,0,1.3234161,-0.11326869
ProtT5-XL,UMAP,seq_2795,0,-1.7513609,4.544393
ProtT5-XL,UMAP,seq_2796,0,0.27507305,-0.46776912
ProtT5-XL,UMAP,seq_2797,0,1.1604259,0.42243755
ProtT5-XL,UMAP,seq_2798,0,0.4218707,3.6851547
ProtT5-XL,UMAP,seq_2799,0,0.5482782,0.47151208
ProtT5-XL,UMAP,seq_2800,0,1.5154263,1.3786793
ProtT5-XL,UMAP,seq_2801,0,1.1970853,-0.47107115
ProtT5-XL,UMAP,seq_2802,0,3.507802,-2.8218286
ProtT5-XL,UMAP,seq_2803,0,0.57761246,-0.7544995
ProtT5-XL,UMAP,seq_2804,0,0.36060914,1.222177
ProtT5-XL,UMAP,seq_2805,0,0.059962623,1.2209527
ProtT5-XL,UMAP,seq_2806,0,-2.7660468,5.9137096
ProtT5-XL,UMAP,seq_2807,0,0.9691395,0.4960781
ProtT5-XL,UMAP,seq_2808,0,-0.51969105,0.7508295
ProtT5-XL,UMAP,seq_2809,0,1.1832274,0.7593252
ProtT5-XL,UMAP,seq_2810,0,0.7298314,2.021117
ProtT5-XL,UMAP,seq_2811,0,-1.8571031,6.0378647
ProtT5-XL,UMAP,seq_2812,0,-0.85993546,6.594205
ProtT5-XL,UMAP,seq_2813,0,-1.3920463,0.71443594
ProtT5-XL,UMAP,seq_2814,0,7.349682,4.227136
ProtT5-XL,UMAP,seq_2815,0,0.5424432,-0.28863722
ProtT5-XL,UMAP,seq_2816,0,0.7207817,-0.3187184
ProtT5-XL,UMAP,seq_2817,0,2.1706245,2.041207
ProtT5-XL,UMAP,seq_2818,0,0.6729491,2.5039737
ProtT5-XL,UMAP,seq_2819,0,1.0366236,1.4941627
ProtT5-XL,UMAP,seq_2820,0,1.9721216,-0.29819465
ProtT5-XL,UMAP,seq_2821,0,0.61438745,5.5446873
ProtT5-XL,UMAP,seq_2822,0,-3.5663118,0.010701248
ProtT5-XL,UMAP,seq_2823,0,-0.3362827,4.520704
ProtT5-XL,UMAP,seq_2824,0,1.32604,0.57583165
ProtT5-XL,UMAP,seq_2825,0,2.612817,-1.5709145
ProtT5-XL,UMAP,seq_2826,0,0.11388089,4.9415927
ProtT5-XL,UMAP,seq_2827,0,-2.6462228,4.359721
ProtT5-XL,UMAP,seq_2828,0,1.6647516,0.41980186
ProtT5-XL,UMAP,seq_2829,0,1.2151026,-2.4842556
ProtT5-XL,UMAP,seq_2830,0,-1.3964688,4.990381
ProtT5-XL,UMAP,seq_2831,0,1.38261,-2.1036701
ProtT5-XL,UMAP,seq_2832,0,2.0458071,0.04615003
ProtT5-XL,UMAP,seq_2833,0,1.7467344,-0.6646918
ProtT5-XL,UMAP,seq_2834,0,1.4009335,0.65196407
ProtT5-XL,UMAP,seq_2835,0,1.6511766,-1.6226736
ProtT5-XL,UMAP,seq_2836,0,1.9845325,-0.09130323
ProtT5-XL,UMAP,seq_2837,0,1.018585,0.2557246
ProtT5-XL,UMAP,seq_2838,0,-0.564616,6.129695
ProtT5-XL,UMAP,seq_2839,0,0.984569,0.05555532
ProtT5-XL,UMAP,seq_2840,0,-1.1668751,0.23799072
ProtT5-XL,UMAP,seq_2841,0,1.8885355,1.9612896
ProtT5-XL,UMAP,seq_2842,0,1.3473785,0.25870255
ProtT5-XL,UMAP,seq_2843,0,1.3949302,-2.077226
ProtT5-XL,UMAP,seq_2844,0,-0.51433975,4.005368
ProtT5-XL,UMAP,seq_2845,0,-0.21571794,5.5752015
ProtT5-XL,UMAP,seq_2846,0,-0.15430744,4.4847403
ProtT5-XL,UMAP,seq_2847,0,0.14424588,7.6894917
ProtT5-XL,UMAP,seq_2848,0,2.0656633,3.938479
ProtT5-XL,UMAP,seq_2849,0,-1.2580034,2.7368097
ProtT5-XL,UMAP,seq_2850,0,-0.48438638,-0.51632845
ProtT5-XL,UMAP,seq_2851,0,-0.8279143,-0.39927316
ProtT5-XL,UMAP,seq_2852,0,1.4233879,-2.1829503
ProtT5-XL,UMAP,seq_2853,0,-2.873492,4.084232
ProtT5-XL,UMAP,seq_2854,0,3.6649804,-2.806944
ProtT5-XL,UMAP,seq_2855,0,0.28282893,0.8349334
ProtT5-XL,UMAP,seq_2856,0,0.85434645,-0.26360354
ProtT5-XL,UMAP,seq_2857,0,0.14372829,-1.4535093
ProtT5-XL,UMAP,seq_2858,0,-1.6560974,4.3888426
ProtT5-XL,UMAP,seq_2859,0,-0.52513134,6.644352
ProtT5-XL,UMAP,seq_2860,0,-1.3539258,4.6881523
ProtT5-XL,UMAP,seq_2861,0,-0.33834776,-0.90302336
ProtT5-XL,UMAP,seq_2862,0,0.11181254,7.698163
ProtT5-XL,UMAP,seq_2863,0,-0.7293946,6.764117
ProtT5-XL,UMAP,seq_2864,0,-0.4370271,6.7301106
ProtT5-XL,UMAP,seq_2865,0,0.49656913,2.8349776
ProtT5-XL,UMAP,seq_2866,0,-0.38830718,7.2225604
ProtT5-XL,UMAP,seq_2867,0,-0.39847472,6.750571
ProtT5-XL,UMAP,seq_2868,0,3.702466,-2.8154864
ProtT5-XL,UMAP,seq_2869,0,3.7222695,-2.8215508
ProtT5-XL,UMAP,seq_2870,0,-1.479454,0.863816
ProtT5-XL,UMAP,seq_2871,0,-2.2483907,2.6073768
ProtT5-XL,UMAP,seq_2872,0,-0.49191043,6.449854
ProtT5-XL,UMAP,seq_2873,0,-1.19619,0.73477834
ProtT5-XL,UMAP,seq_2874,0,-0.5770458,6.18618
ProtT5-XL,UMAP,seq_2875,0,-3.7349775,0.31629327
ProtT5-XL,UMAP,seq_2876,0,-2.6207147,5.7717223
ProtT5-XL,UMAP,seq_2877,0,0.097071804,4.9880996
ProtT5-XL,UMAP,seq_2878,0,1.4221054,2.734064
ProtT5-XL,UMAP,seq_2879,0,-0.5739644,5.89917
ProtT5-XL,UMAP,seq_2880,0,-1.2414505,2.9929378
ProtT5-XL,UMAP,seq_2881,0,-1.6723157,2.9118528
ProtT5-XL,UMAP,seq_2882,0,0.8351822,5.4950404
ProtT5-XL,UMAP,seq_2883,0,-1.5195428,3.2361152
ProtT5-XL,UMAP,seq_2884,0,-1.4568702,2.7177072
ProtT5-XL,UMAP,seq_2885,0,-2.001683,6.109195
ProtT5-XL,UMAP,seq_2886,0,4.1516595,1.7426884
ProtT5-XL,UMAP,seq_2887,0,2.0740488,0.17037676
ProtT5-XL,UMAP,seq_2888,0,3.3361402,3.3444846
ProtT5-XL,UMAP,seq_2889,0,-0.029714324,-0.2687116
ProtT5-XL,UMAP,seq_2890,0,-5.5430627,6.113821
ProtT5-XL,UMAP,seq_2891,0,0.30841163,5.379408
ProtT5-XL,UMAP,seq_2892,0,-0.63838756,-1.1687326
ProtT5-XL,UMAP,seq_2893,0,-0.3209244,6.5878396
ProtT5-XL,UMAP,seq_2894,0,-2.2854898,5.3549128
ProtT5-XL,UMAP,seq_2895,0,3.4303577,-2.4341033
ProtT5-XL,UMAP,seq_2896,0,-0.5539416,0.464014
ProtT5-XL,UMAP,seq_2897,0,0.05431548,7.8128057
ProtT5-XL,UMAP,seq_2898,0,-3.6228738,-0.031574618
ProtT5-XL,UMAP,seq_2899,0,1.0263519,-0.09995586
ProtT5-XL,UMAP,seq_2900,0,0.4842681,-0.33848673
ProtT5-XL,UMAP,seq_2901,0,-0.117131285,3.7200832
ProtT5-XL,UMAP,seq_2902,0,0.22808473,3.0969565
ProtT5-XL,UMAP,seq_2903,0,-1.5190595,2.7109191
ProtT5-XL,UMAP,seq_2904,0,-0.63058656,-0.22662994
ProtT5-XL,UMAP,seq_2905,0,-2.4812412,5.4451876
ProtT5-XL,UMAP,seq_2906,0,1.449225,0.5664047
ProtT5-XL,UMAP,seq_2907,0,-2.5248945,5.6353464
ProtT5-XL,UMAP,seq_2908,0,0.062455345,-0.505411
ProtT5-XL,UMAP,seq_2909,0,-0.82137346,-0.050056368
ProtT5-XL,UMAP,seq_2910,0,0.5768939,5.4355426
ProtT5-XL,UMAP,seq_2911,0,0.21108322,5.741626
ProtT5-XL,UMAP,seq_2912,0,1.4160697,-0.3664882
ProtT5-XL,UMAP,seq_2913,0,1.395822,-2.2822425
ProtT5-XL,UMAP,seq_2914,0,1.1326022,0.3644771
ProtT5-XL,UMAP,seq_2915,0,0.09315758,-0.20988443
ProtT5-XL,UMAP,seq_2916,0,-3.149637,5.1209674
ProtT5-XL,UMAP,seq_2917,0,1.3828646,-2.1763842
ProtT5-XL,UMAP,seq_2918,0,1.2398729,0.7616195
ProtT5-XL,UMAP,seq_2919,0,1.0619521,0.6023034
ProtT5-XL,UMAP,seq_2920,0,0.09024338,4.5602407
ProtT5-XL,UMAP,seq_2921,0,2.4007716,1.8922526
ProtT5-XL,UMAP,seq_2922,0,-1.1342543,6.8127403
ProtT5-XL,UMAP,seq_2923,0,2.0523584,-0.20799579
ProtT5-XL,UMAP,seq_2924,0,-1.3396522,3.9936976
ProtT5-XL,UMAP,seq_2925,0,-1.2106073,4.6220818
ProtT5-XL,UMAP,seq_2926,0,-2.5547183,2.5422912
ProtT5-XL,UMAP,seq_2927,0,-1.1933756,6.7637773
ProtT5-XL,UMAP,seq_2928,0,0.26465383,2.9706461
ProtT5-XL,UMAP,seq_2929,0,-0.48558664,6.776169
ProtT5-XL,UMAP,seq_2930,0,1.0526224,0.6464122
ProtT5-XL,UMAP,seq_2931,0,1.982988,-0.22930063
ProtT5-XL,UMAP,seq_2932,0,1.5759491,1.456024
ProtT5-XL,UMAP,seq_2933,0,-2.9327476,4.889567
ProtT5-XL,UMAP,seq_2934,0,0.19006328,0.2314361
ProtT5-XL,UMAP,seq_2935,0,-0.40393475,0.17307371
ProtT5-XL,UMAP,seq_2936,0,0.65860814,-0.026950212
ProtT5-XL,UMAP,seq_2937,0,0.5496275,-0.2560005
ProtT5-XL,UMAP,seq_2938,0,0.7573377,-0.4970724
ProtT5-XL,UMAP,seq_2939,0,2.7711132,1.9696279
ProtT5-XL,UMAP,seq_2940,0,-2.4871106,2.7062178
ProtT5-XL,UMAP,seq_2941,0,-2.1084921,2.6142073
ProtT5-XL,UMAP,seq_2942,0,-1.9913211,3.669104
ProtT5-XL,UMAP,seq_2943,0,1.4824547,-0.57886547
ProtT5-XL,UMAP,seq_2944,0,3.9648554,0.3572868
ProtT5-XL,UMAP,seq_2945,0,-2.507438,2.556852
ProtT5-XL,UMAP,seq_2946,0,-1.785584,6.1071014
ProtT5-XL,UMAP,seq_2947,0,1.134623,2.9045548
ProtT5-XL,UMAP,seq_2948,0,1.1495396,-0.65919226
ProtT5-XL,UMAP,seq_2949,0,-2.0225055,5.4887133
ProtT5-XL,UMAP,seq_2950,0,-2.1539,5.6330514
ProtT5-XL,UMAP,seq_2951,0,-1.8346932,6.1697187
ProtT5-XL,UMAP,seq_2952,0,-3.5731673,0.13922659
ProtT5-XL,UMAP,seq_2953,0,-2.7276807,5.7940283
ProtT5-XL,UMAP,seq_2954,0,-2.7442384,5.801479
ProtT5-XL,UMAP,seq_2955,0,-3.1076837,4.6287556
ProtT5-XL,UMAP,seq_2956,0,-1.6712275,5.462458
ProtT5-XL,UMAP,seq_2957,0,0.7503892,-0.19815436
ProtT5-XL,UMAP,seq_2958,0,-2.8868256,4.5227127
ProtT5-XL,UMAP,seq_2959,0,-1.9728612,5.5039425
ProtT5-XL,UMAP,seq_2960,0,-1.282189,4.5632935
ProtT5-XL,UMAP,seq_2961,0,-2.8447716,5.4814396
ProtT5-XL,UMAP,seq_2962,0,-0.81118625,1.5643756
ProtT5-XL,UMAP,seq_2963,0,-1.6658487,4.4522986
ProtT5-XL,UMAP,seq_2964,0,-0.32477492,5.4362407
ProtT5-XL,UMAP,seq_2965,0,0.67051786,5.321026
ProtT5-XL,UMAP,seq_2966,0,1.825437,-0.5256914
ProtT5-XL,UMAP,seq_2967,0,1.9054482,0.545857
ProtT5-XL,UMAP,seq_2968,0,3.1954021,3.2288933
ProtT5-XL,UMAP,seq_2969,0,0.014625019,-0.5748918
ProtT5-XL,UMAP,seq_2970,0,-1.7069296,2.9393847
ProtT5-XL,UMAP,seq_2971,0,-2.3024836,5.679376
ProtT5-XL,UMAP,seq_2972,0,1.2277145,1.1035132
ProtT5-XL,UMAP,seq_2973,0,-1.1113037,5.4642286
ProtT5-XL,UMAP,seq_2974,0,0.8943544,-0.18903166
ProtT5-XL,UMAP,seq_2975,0,-1.7169733,3.9052968
ProtT5-XL,UMAP,seq_2976,0,-0.5511356,-0.54919183
ProtT5-XL,UMAP,seq_2977,0,3.1334248,-2.6994176
ProtT5-XL,UMAP,seq_2978,0,-1.2988821,0.4575995
ProtT5-XL,UMAP,seq_2979,0,1.4352266,-1.767764
ProtT5-XL,UMAP,seq_2980,0,-3.5129519,-0.05495795
ProtT5-XL,UMAP,seq_2981,0,0.5627816,0.5293196
ProtT5-XL,UMAP,seq_2982,0,-3.2397594,5.8510203
ProtT5-XL,UMAP,seq_2983,0,-0.3951473,7.544298
ProtT5-XL,UMAP,seq_2984,0,0.65837896,-0.30391365
ProtT5-XL,UMAP,seq_2985,0,-0.73131347,-1.2628249
ProtT5-XL,UMAP,seq_2986,0,-1.4455903,2.7312734
ProtT5-XL,UMAP,seq_2987,0,2.0637863,0.83417046
ProtT5-XL,UMAP,seq_2988,0,2.0484393,0.8211143
ProtT5-XL,UMAP,seq_2989,0,0.3860804,4.98214
ProtT5-XL,UMAP,seq_2990,0,-0.65630996,0.2957348
ProtT5-XL,UMAP,seq_2991,0,-0.18843082,-0.46910855
ProtT5-XL,UMAP,seq_2992,0,-2.0241106,3.1027675
ProtT5-XL,UMAP,seq_2993,0,-2.446823,2.575408
ProtT5-XL,UMAP,seq_2994,0,1.4614198,-1.096394
ProtT5-XL,UMAP,seq_2995,0,-3.5130951,-0.1726362
ProtT5-XL,UMAP,seq_2996,0,-0.20821805,2.8713994
ProtT5-XL,UMAP,seq_2997,0,3.145111,2.7222722
ProtT5-XL,UMAP,seq_2998,0,3.1181664,2.7170863
ProtT5-XL,UMAP,seq_2999,0,3.2524393,3.2222047
ProtT5-XL,UMAP,seq_3000,0,-2.7405963,5.6127806
ProtT5-XL,UMAP,seq_3001,0,0.104272224,7.762376
ProtT5-XL,UMAP,seq_3002,0,-1.7797675,2.9770854
ProtT5-XL,UMAP,seq_3003,0,-3.0878415,4.73966
ProtT5-XL,UMAP,seq_3004,0,-0.41525185,6.6875596
ProtT5-XL,UMAP,seq_3005,0,1.4575671,-0.2606378
ProtT5-XL,UMAP,seq_3006,0,-3.2603054,5.828661
ProtT5-XL,UMAP,seq_3007,0,-2.2990851,5.823831
ProtT5-XL,UMAP,seq_3008,0,1.9394897,3.8994496
ProtT5-XL,UMAP,seq_3009,0,-1.3300837,5.088223
ProtT5-XL,UMAP,seq_3010,0,-2.6655338,5.157599
ProtT5-XL,UMAP,seq_3011,0,0.68443185,0.30038053
ProtT5-XL,UMAP,seq_3012,0,-0.4563381,4.775895
ProtT5-XL,UMAP,seq_3013,0,1.3386467,0.57549745
ProtT5-XL,UMAP,seq_3014,0,-0.33942553,-0.47665825
ProtT5-XL,UMAP,seq_3015,0,-2.280203,5.4095125
ProtT5-XL,UMAP,seq_3016,0,-2.0078526,5.5186825
ProtT5-XL,UMAP,seq_3017,0,0.14076395,5.9000263
ProtT5-XL,UMAP,seq_3018,0,-2.9553225,5.1148453
ProtT5-XL,UMAP,seq_3019,0,-0.5886814,-0.30768093
ProtT5-XL,UMAP,seq_3020,0,1.0656391,0.73541945
ProtT5-XL,UMAP,seq_3021,0,-1.8012259,0.14735873
ProtT5-XL,UMAP,seq_3022,0,-0.46289897,-0.43060142
ProtT5-XL,UMAP,seq_3023,0,-2.3115318,0.13642615
ProtT5-XL,UMAP,seq_3024,0,-2.8898456,4.454985
ProtT5-XL,UMAP,seq_3025,0,-0.557372,6.2766423
ProtT5-XL,UMAP,seq_3026,0,-2.5161908,5.55653
ProtT5-XL,UMAP,seq_3027,0,-2.6536965,5.9262533
ProtT5-XL,UMAP,seq_3028,0,0.017772935,11.118281
ProtT5-XL,UMAP,seq_3029,0,-0.11468916,0.118798
ProtT5-XL,UMAP,seq_3030,0,-1.1521771,-0.30326092
ProtT5-XL,UMAP,seq_3031,0,-1.6013275,0.7694761
ProtT5-XL,UMAP,seq_3032,0,-0.5806731,6.229945
ProtT5-XL,UMAP,seq_3033,0,0.38758203,2.7107096
ProtT5-XL,UMAP,seq_3034,0,-0.51590616,6.843919
ProtT5-XL,UMAP,seq_3035,0,-2.9480076,5.661454
ProtT5-XL,UMAP,seq_3036,0,1.5570987,5.2774444
ProtT5-XL,UMAP,seq_3037,0,-3.6682003,0.08602496
ProtT5-XL,UMAP,seq_3038,0,0.65713257,0.45771098
ProtT5-XL,UMAP,seq_3039,0,0.5542248,2.5927896
ProtT5-XL,UMAP,seq_3040,0,-2.7812293,5.2658834
ProtT5-XL,UMAP,seq_3041,0,-1.3315498,0.7943095
ProtT5-XL,UMAP,seq_3042,0,1.92867,-1.7760403
ProtT5-XL,UMAP,seq_3043,0,-2.2920113,3.1734035
ProtT5-XL,UMAP,seq_3044,0,0.7333113,5.3679476
ProtT5-XL,UMAP,seq_3045,0,3.1627827,2.6904945
ProtT5-XL,UMAP,seq_3046,0,-0.11462124,-0.15096161
ProtT5-XL,UMAP,seq_3047,0,-2.461136,5.2490873
ProtT5-XL,UMAP,seq_3048,0,1.9202348,-2.1713538
ProtT5-XL,UMAP,seq_3049,0,2.4127638,1.8725365
ProtT5-XL,UMAP,seq_3050,0,-1.2155964,2.4710393
ProtT5-XL,UMAP,seq_3051,0,-2.7171977,4.753968
ProtT5-XL,UMAP,seq_3052,0,3.4700413,-0.5654448
ProtT5-XL,UMAP,seq_3053,0,-0.73991287,4.801393
ProtT5-XL,UMAP,seq_3054,0,0.78078043,2.9386065
ProtT5-XL,UMAP,seq_3055,0,-3.0730574,5.225822
ProtT5-XL,UMAP,seq_3056,0,-0.39402986,-0.26724002
ProtT5-XL,UMAP,seq_3057,0,0.59123385,-0.5106374
ProtT5-XL,UMAP,seq_3058,0,-1.240274,6.0938215
ProtT5-XL,UMAP,seq_3059,0,1.4733936,1.1412572
ProtT5-XL,UMAP,seq_3060,0,2.804086,-2.5846097
ProtT5-XL,UMAP,seq_3061,0,1.5115713,5.3070774
ProtT5-XL,UMAP,seq_3062,0,0.8905549,0.32780457
ProtT5-XL,UMAP,seq_3063,0,0.59518707,5.3524013
ProtT5-XL,UMAP,seq_3064,0,-2.6904294,4.5423374
ProtT5-XL,UMAP,seq_3065,0,-0.7955962,-1.2250631
ProtT5-XL,UMAP,seq_3066,0,-1.8170279,4.487614
ProtT5-XL,UMAP,seq_3067,0,-2.5420227,2.666843
ProtT5-XL,UMAP,seq_3068,0,-1.5178002,5.6083193
ProtT5-XL,UMAP,seq_3069,0,-2.762533,5.167986
ProtT5-XL,UMAP,seq_3070,0,1.7479122,3.814387
ProtT5-XL,UMAP,seq_3071,0,1.7257776,3.7848089
ProtT5-XL,UMAP,seq_3072,0,0.26380196,5.801062
ProtT5-XL,UMAP,seq_3073,0,0.31638533,3.151446
ProtT5-XL,UMAP,seq_3074,0,-1.804184,2.5903096
ProtT5-XL,UMAP,seq_3075,0,-1.6134719,3.3054225
ProtT5-XL,UMAP,seq_3076,0,-2.2342484,2.5610769
ProtT5-XL,UMAP,seq_3077,0,-1.2972544,3.17916
ProtT5-XL,UMAP,seq_3078,0,3.2234743,3.202422
ProtT5-XL,UMAP,seq_3079,0,-0.99877584,6.9387803
ProtT5-XL,UMAP,seq_3080,0,1.5307817,-2.1845722
ProtT5-XL,UMAP,seq_3081,0,-0.6350134,-1.3299388
ProtT5-XL,UMAP,seq_3082,0,-1.4584295,2.960984
ProtT5-XL,UMAP,seq_3083,0,3.4679482,1.5451077
ProtT5-XL,UMAP,seq_3084,0,1.9626071,-0.27762425
ProtT5-XL,UMAP,seq_3085,0,0.25311244,-0.86939317
ProtT5-XL,UMAP,seq_3086,0,1.4675057,1.3256794
ProtT5-XL,UMAP,seq_3087,0,1.2575715,2.7517998
ProtT5-XL,UMAP,seq_3088,0,-1.3585722,0.8395113
ProtT5-XL,UMAP,seq_3089,0,2.647897,1.9263155
ProtT5-XL,UMAP,seq_3090,0,-1.9312595,4.1955547
ProtT5-XL,UMAP,seq_3091,0,3.2554388,3.227169
ProtT5-XL,UMAP,seq_3092,0,-1.8345883,6.100157
ProtT5-XL,UMAP,seq_3093,0,-2.295689,5.6996055
ProtT5-XL,UMAP,seq_3094,0,-2.3106978,5.663087
ProtT5-XL,UMAP,seq_3095,0,-0.43465355,6.688973
ProtT5-XL,UMAP,seq_3096,0,-3.285732,5.8314195
ProtT5-XL,UMAP,seq_3097,0,-3.290182,5.7700996
ProtT5-XL,UMAP,seq_3098,0,-1.8236662,5.3049073
ProtT5-XL,UMAP,seq_3099,0,3.1509066,3.1279552
ProtT5-XL,UMAP,seq_3100,0,0.52216494,0.42120367
ProtT5-XL,UMAP,seq_3101,0,-2.0439744,4.317348
ProtT5-XL,UMAP,seq_3102,0,2.034005,1.8709619
ProtT5-XL,UMAP,seq_3103,0,4.6305723,-0.5324165
ProtT5-XL,UMAP,seq_3104,0,-1.522372,5.603136
ProtT5-XL,UMAP,seq_3105,0,-1.739815,3.1964872
ProtT5-XL,UMAP,seq_3106,0,-1.0493917,6.923566
ProtT5-XL,UMAP,seq_3107,0,-1.0474925,6.9141865
ProtT5-XL,UMAP,seq_3108,0,3.55165,-2.805174
ProtT5-XL,UMAP,seq_3109,0,-3.096892,5.9844337
ProtT5-XL,UMAP,seq_3110,0,3.6907637,-2.8233173
ProtT5-XL,UMAP,seq_3111,0,-1.2430897,5.999498
ProtT5-XL,UMAP,seq_3112,0,-1.1351216,3.2200215
ProtT5-XL,UMAP,seq_3113,0,-0.036648437,3.610081
ProtT5-XL,UMAP,seq_3114,0,0.4267074,5.666949
ProtT5-XL,UMAP,seq_3115,0,3.355745,-2.2586048
ProtT5-XL,UMAP,seq_3116,0,3.3447514,-2.2249668
ProtT5-XL,UMAP,seq_3117,0,-2.7189324,5.7900987
ProtT5-XL,UMAP,seq_3118,0,-1.159701,3.5135
ProtT5-XL,UMAP,seq_3119,0,-0.87098426,1.9631917
ProtT5-XL,UMAP,seq_3120,0,1.3940079,-0.2505936
ProtT5-XL,UMAP,seq_3121,0,2.101672,0.11462204
ProtT5-XL,UMAP,seq_3122,0,-2.586685,4.738876
ProtT5-XL,UMAP,seq_3123,0,0.30144957,5.397647
ProtT5-XL,UMAP,seq_3124,0,-2.5440364,2.5438387
ProtT5-XL,UMAP,seq_3125,0,0.5516852,-0.13207044
ProtT5-XL,UMAP,seq_3126,0,1.2078009,-0.23495668
ProtT5-XL,UMAP,seq_3127,0,2.1054156,-2.2891502
ProtT5-XL,UMAP,seq_3128,0,1.4557322,-2.439079
ProtT5-XL,UMAP,seq_3129,0,3.705708,-2.802703
ProtT5-XL,UMAP,seq_3130,0,-1.8886968,2.876304
ProtT5-XL,UMAP,seq_3131,0,3.483857,1.5911176
ProtT5-XL,UMAP,seq_3132,0,0.6119838,-0.8075462
ProtT5-XL,UMAP,seq_3133,0,2.0704997,0.018019134
ProtT5-XL,UMAP,seq_3134,0,-2.5184524,3.4306586
ProtT5-XL,UMAP,seq_3135,0,0.8442597,-0.23166299
ProtT5-XL,UMAP,seq_3136,0,-1.8561618,4.9852686
ProtT5-XL,UMAP,seq_3137,0,-1.7799485,5.16006
ProtT5-XL,UMAP,seq_3138,0,3.131723,2.7908864
ProtT5-XL,UMAP,seq_3139,0,3.6254563,-2.8583202
ProtT5-XL,UMAP,seq_3140,0,1.3989706,0.5395063
ProtT5-XL,UMAP,seq_3141,0,1.3380717,1.1006651
ProtT5-XL,UMAP,seq_3142,0,-1.0676092,-0.3569215
ProtT5-XL,UMAP,seq_3143,0,1.7415501,-2.388062
ProtT5-XL,UMAP,seq_3144,0,0.34868822,-0.2691531
ProtT5-XL,UMAP,seq_3145,0,-0.027277043,-0.64633256
ProtT5-XL,UMAP,seq_3146,0,-1.545376,5.395125
ProtT5-XL,UMAP,seq_3147,0,0.78609174,0.4759816
ProtT5-XL,UMAP,seq_3148,0,-1.6388569,0.22957303
ProtT5-XL,UMAP,seq_3149,0,0.104864374,7.7289796
ProtT5-XL,UMAP,seq_3150,0,0.24782424,5.7021856
ProtT5-XL,UMAP,seq_3151,0,-0.92159957,4.5813546
ProtT5-XL,UMAP,seq_3152,0,0.31454086,-0.48848346
ProtT5-XL,UMAP,seq_3153,0,0.97943133,0.48061728
ProtT5-XL,UMAP,seq_3154,0,3.1511633,2.7078938
ProtT5-XL,UMAP,seq_3155,0,3.1233025,2.670307
ProtT5-XL,UMAP,seq_3156,0,1.6267949,-2.3930223
ProtT5-XL,UMAP,seq_3157,0,-1.6787183,2.628146
ProtT5-XL,UMAP,seq_3158,0,-1.1739116,2.4176002
ProtT5-XL,UMAP,seq_3159,0,-0.5907322,4.39243
ProtT5-XL,UMAP,seq_3160,0,-1.7934963,5.9527736
ProtT5-XL,UMAP,seq_3161,0,2.0012121,-0.39115837
ProtT5-XL,UMAP,seq_3162,0,1.3805245,0.14048472
ProtT5-XL,UMAP,seq_3163,0,1.9188324,-0.2468815
ProtT5-XL,UMAP,seq_3164,0,-0.76685715,6.7466073
ProtT5-XL,UMAP,seq_3165,0,0.811399,-0.5729322
ProtT5-XL,UMAP,seq_3166,0,1.2084357,0.59970355
ProtT5-XL,UMAP,seq_3167,0,-0.62382925,3.452141
ProtT5-XL,UMAP,seq_3168,0,0.74313897,2.5044162
ProtT5-XL,UMAP,seq_3169,0,1.1582351,0.8054739
ProtT5-XL,UMAP,seq_3170,0,0.59644085,0.42801815
ProtT5-XL,UMAP,seq_3171,0,1.2022744,1.2664474
ProtT5-XL,UMAP,seq_3172,0,3.400483,-2.1177263
ProtT5-XL,UMAP,seq_3173,0,-1.1778299,-0.36897233
ProtT5-XL,UMAP,seq_3174,0,0.1529777,-0.098770596
ProtT5-XL,UMAP,seq_3175,0,-0.46938935,7.574956
ProtT5-XL,UMAP,seq_3176,0,0.64139014,-1.266519
ProtT5-XL,UMAP,seq_3177,0,1.0745776,1.8667327
ProtT5-XL,UMAP,seq_3178,0,1.467095,0.6476973
ProtT5-XL,UMAP,seq_3179,0,0.7458844,0.058673564
ProtT5-XL,UMAP,seq_3180,0,3.696339,-2.8158152
ProtT5-XL,UMAP,seq_3181,0,-1.0877223,6.7959633
ProtT5-XL,UMAP,seq_3182,0,0.2000134,5.183868
ProtT5-XL,UMAP,seq_3183,0,-2.1113725,4.4244065
ProtT5-XL,UMAP,seq_3184,0,-1.6958249,3.9574325
ProtT5-XL,UMAP,seq_3185,0,-1.3180456,4.530773
ProtT5-XL,UMAP,seq_3186,0,0.36893645,5.602122
ProtT5-XL,UMAP,seq_3187,0,1.4770515,0.9388761
ProtT5-XL,UMAP,seq_3188,0,0.84036803,0.2433596
ProtT5-XL,UMAP,seq_3189,0,3.1969428,3.1786997
ProtT5-XL,UMAP,seq_3190,0,-3.3110487,4.2652183
ProtT5-XL,UMAP,seq_3191,0,-3.585687,0.15851505
ProtT5-XL,UMAP,seq_3192,0,3.7174122,-2.8194253
ProtT5-XL,UMAP,seq_3193,0,-0.20340234,5.872905
ProtT5-XL,UMAP,seq_3194,0,-2.7428563,5.1647124
ProtT5-XL,UMAP,seq_3195,0,1.179369,3.7230983
ProtT5-XL,UMAP,seq_3196,0,-0.45601824,6.722594
ProtT5-XL,UMAP,seq_3197,0,-2.0568278,4.4239674
ProtT5-XL,UMAP,seq_3198,0,-1.8395654,5.225175
ProtT5-XL,UMAP,seq_3199,0,1.0984869,3.7279203
ProtT5-XL,UMAP,seq_3200,0,-3.7627535,0.14635219
ProtT5-XL,UMAP,seq_3201,0,0.76773316,3.6689556
ProtT5-XL,UMAP,seq_3202,0,-0.46632302,6.653391
ProtT5-XL,UMAP,seq_3203,0,-0.6334099,6.4061933
ProtT5-XL,UMAP,seq_3204,0,-3.2321944,5.8200865
ProtT5-XL,UMAP,seq_3205,0,2.1533298,1.756736
ProtT5-XL,UMAP,seq_3206,0,1.467613,-2.411929
ProtT5-XL,UMAP,seq_3207,0,3.1327908,2.8554068
ProtT5-XL,UMAP,seq_3208,0,-3.791514,0.31311423
ProtT5-XL,UMAP,seq_3209,0,-0.85109997,0.35900503
ProtT5-XL,UMAP,seq_3210,0,7.3186035,4.2265825
ProtT5-XL,UMAP,seq_3211,0,0.72476864,5.366197
ProtT5-XL,UMAP,seq_3212,0,-0.4732522,5.6102505
ProtT5-XL,UMAP,seq_3213,0,-0.8245436,5.801865
ProtT5-XL,UMAP,seq_3214,0,-0.10468598,4.826015
ProtT5-XL,UMAP,seq_3215,0,-1.787512,2.5647764
ProtT5-XL,UMAP,seq_3216,0,-4.0016866,5.3901167
ProtT5-XL,UMAP,seq_3217,0,0.915485,0.22717902
ProtT5-XL,UMAP,seq_3218,0,-0.49892652,-1.2054199
ProtT5-XL,UMAP,seq_3219,0,-2.7675867,4.485516
ProtT5-XL,UMAP,seq_3220,0,-0.23575768,-0.11040832
ProtT5-XL,UMAP,seq_3221,0,1.6437076,0.62515235
ProtT5-XL,UMAP,seq_3222,0,0.4044161,0.35704768
ProtT5-XL,UMAP,seq_3223,0,0.76992184,2.161752
ProtT5-XL,UMAP,seq_3224,0,-0.07344792,3.6875198
ProtT5-XL,UMAP,seq_3225,0,0.5017713,-0.35561872
ProtT5-XL,UMAP,seq_3226,0,-9.298336,-4.484872
ProtT5-XL,UMAP,seq_3227,0,0.4801138,-0.25748876
ProtT5-XL,UMAP,seq_3228,0,0.54677236,0.80471665
ProtT5-XL,UMAP,seq_3229,0,-0.575841,6.6617093
ProtT5-XL,UMAP,seq_3230,0,-2.0016425,5.87936
ProtT5-XL,UMAP,seq_3231,0,3.7460334,-2.876178
ProtT5-XL,UMAP,seq_3232,0,3.426825,-2.3492146
ProtT5-XL,UMAP,seq_3233,0,1.05281,-0.41670296
ProtT5-XL,UMAP,seq_3234,0,0.93890923,-0.38828224
ProtT5-XL,UMAP,seq_3235,0,1.0360397,-1.3481015
ProtT5-XL,UMAP,seq_3236,0,2.1081152,-2.2795784
ProtT5-XL,UMAP,seq_3237,0,-3.2306168,5.827765
ProtT5-XL,UMAP,seq_3238,0,1.5081288,-2.7359545
ProtT5-XL,UMAP,seq_3239,0,0.1842936,0.59862506
ProtT5-XL,UMAP,seq_3240,0,3.694366,-2.8597515
ProtT5-XL,UMAP,seq_3241,0,-2.2591257,5.3169374
ProtT5-XL,UMAP,seq_3242,0,1.7876245,-2.4860654
ProtT5-XL,UMAP,seq_3243,0,3.744173,-2.8373795
ProtT5-XL,UMAP,seq_3244,0,0.8979761,-0.42024234
ProtT5-XL,UMAP,seq_3245,0,1.1854649,2.8731527
ProtT5-XL,UMAP,seq_3246,0,1.8708279,-0.49620283
ProtT5-XL,UMAP,seq_3247,0,-0.13992122,6.0103636
ProtT5-XL,UMAP,seq_3248,0,3.4229965,-0.703199
ProtT5-XL,UMAP,seq_3249,0,-2.5143795,4.7869368
ProtT5-XL,UMAP,seq_3250,0,1.7989315,2.7114303
ProtT5-XL,UMAP,seq_3251,0,1.4550297,-2.6640086
ProtT5-XL,UMAP,seq_3252,0,-0.36773136,6.426617
ProtT5-XL,UMAP,seq_3253,0,-9.284263,-4.4621696
ProtT5-XL,UMAP,seq_3254,0,-0.43328804,6.3855977
ProtT5-XL,UMAP,seq_3255,0,-1.840765,3.1627333
ProtT5-XL,UMAP,seq_3256,0,1.1943436,0.58634764
ProtT5-XL,UMAP,seq_3257,0,0.01269533,2.9422946
ProtT5-XL,UMAP,seq_3258,0,0.6847467,3.0578997
ProtT5-XL,UMAP,seq_3259,0,-1.0647551,6.9481144
ProtT5-XL,UMAP,seq_3260,0,7.331363,4.2495565
ProtT5-XL,UMAP,seq_3261,0,-0.574024,6.211749
ProtT5-XL,UMAP,seq_3262,0,-0.71223885,0.2923903
ProtT5-XL,UMAP,seq_3263,0,0.5245584,0.41042796
ProtT5-XL,UMAP,seq_3264,0,0.9682033,-1.0076919
ProtT5-XL,UMAP,seq_3265,0,-1.2682209,6.457958
ProtT5-XL,UMAP,seq_3266,0,-1.2130239,6.42988
ProtT5-XL,UMAP,seq_3267,0,-0.6051741,6.281815
ProtT5-XL,UMAP,seq_3268,0,1.6265341,-2.62102
ProtT5-XL,UMAP,seq_3269,0,0.3048477,5.3769445
ProtT5-XL,UMAP,seq_3270,0,-0.06042558,7.7693563
ProtT5-XL,UMAP,seq_3271,0,1.530223,-2.8644583
ProtT5-XL,UMAP,seq_3272,0,-0.932762,3.533179
ProtT5-XL,UMAP,seq_3273,0,-1.019838,3.4463284
ProtT5-XL,UMAP,seq_3274,0,-1.463431,5.9625545
ProtT5-XL,UMAP,seq_3275,0,1.0953913,-1.5395486
ProtT5-XL,UMAP,seq_3276,0,-0.86438835,6.0243554
ProtT5-XL,UMAP,seq_3277,0,-3.9865007,5.39699
ProtT5-XL,UMAP,seq_3278,0,1.6542177,-1.8284482
ProtT5-XL,UMAP,seq_3279,0,-2.3781724,5.4051623
ProtT5-XL,UMAP,seq_3280,0,-2.5330064,2.5670063
ProtT5-XL,UMAP,seq_3281,0,2.0570352,-0.15436794
ProtT5-XL,UMAP,seq_3282,0,-9.295243,-4.477904
ProtT5-XL,UMAP,seq_3283,0,-1.7253233,3.1582196
ProtT5-XL,UMAP,seq_3284,0,7.296716,4.209397
ProtT5-XL,UMAP,seq_3285,0,0.74023104,0.5138252
ProtT5-XL,UMAP,seq_3286,0,-3.095487,5.420406
ProtT5-XL,UMAP,seq_3287,0,-9.295495,-4.473904
ProtT5-XL,UMAP,seq_3288,0,1.4762747,-2.255326
ProtT5-XL,UMAP,seq_3289,0,-0.13289747,-0.55305076
ProtT5-XL,UMAP,seq_3290,0,-0.46584764,-0.8746167
ProtT5-XL,UMAP,seq_3291,0,2.05582,-0.12803453
ProtT5-XL,UMAP,seq_3292,0,-1.9375714,5.140649
ProtT5-XL,UMAP,seq_3293,0,-2.8830564,5.035941
ProtT5-XL,UMAP,seq_3294,0,1.2696391,-2.0308385
ProtT5-XL,UMAP,seq_3295,0,3.674226,-2.914584
ProtT5-XL,UMAP,seq_3296,0,0.2618795,-0.29735264
ProtT5-XL,UMAP,seq_3297,0,1.509743,1.3515072
ProtT5-XL,UMAP,seq_3298,0,-0.99589324,4.3762927
ProtT5-XL,UMAP,seq_3299,0,1.3820333,0.5400909
ProtT5-XL,UMAP,seq_3300,0,1.0995737,1.0294169
ProtT5-XL,UMAP,seq_3301,0,-1.9552407,3.4001868
ProtT5-XL,UMAP,seq_3302,0,-1.7186104,2.7667735
ProtT5-XL,UMAP,seq_3303,0,-2.8805475,5.4530153
ProtT5-XL,UMAP,seq_3304,0,-1.2162888,5.260096
ProtT5-XL,UMAP,seq_3305,0,-1.0707626,6.0784745
ProtT5-XL,UMAP,seq_3306,0,-0.4776992,-0.80407923
ProtT5-XL,UMAP,seq_3307,0,3.336726,3.3356726
ProtT5-XL,UMAP,seq_3308,0,-0.62247765,-0.77160484
ProtT5-XL,UMAP,seq_3309,0,3.1328118,2.8256552
ProtT5-XL,UMAP,seq_3310,0,1.2100933,0.498194
ProtT5-XL,UMAP,seq_3311,0,1.1996007,-0.71219337
ProtT5-XL,UMAP,seq_3312,0,0.5658296,2.543312
ProtT5-XL,UMAP,seq_3313,0,-2.6392915,4.3137794
ProtT5-XL,UMAP,seq_3314,0,-1.8699521,2.9425473
ProtT5-XL,UMAP,seq_3315,0,2.5983896,1.9232085
ProtT5-XL,UMAP,seq_3316,0,0.7625605,0.39728108
ProtT5-XL,UMAP,seq_3317,0,-1.2682047,6.8461933
ProtT5-XL,UMAP,seq_3318,0,-2.598023,2.5799642
ProtT5-XL,UMAP,seq_3319,0,-0.15698098,4.637346
ProtT5-XL,UMAP,seq_3320,0,-2.7422054,4.7725496
ProtT5-XL,UMAP,seq_3321,0,-2.10301,2.865996
ProtT5-XL,UMAP,seq_3322,0,0.60875154,2.0350053
ProtT5-XL,UMAP,seq_3323,0,0.860563,0.4011985
ProtT5-XL,UMAP,seq_3324,0,-1.9021327,2.7359655
ProtT5-XL,UMAP,seq_3325,0,0.566358,3.2423558
ProtT5-XL,UMAP,seq_3326,0,0.303525,2.4943886
ProtT5-XL,UMAP,seq_3327,0,-2.7812927,5.8888245
ProtT5-XL,UMAP,seq_3328,0,0.9997077,-0.02566553
ProtT5-XL,UMAP,seq_3329,0,-5.522125,6.103684
ProtT5-XL,UMAP,seq_3330,0,1.5072957,1.0337089
ProtT5-XL,UMAP,seq_3331,0,0.268493,4.5299635
ProtT5-XL,UMAP,seq_3332,0,-1.3421887,4.212772
ProtT5-XL,UMAP,seq_3333,0,0.042550232,5.366897
ProtT5-XL,UMAP,seq_3334,0,3.1973672,3.1581583
ProtT5-XL,UMAP,seq_3335,0,-1.8437804,5.3641996
ProtT5-XL,UMAP,seq_3336,0,-1.403093,4.1309304
ProtT5-XL,UMAP,seq_3337,0,-1.5549526,5.5217857
ProtT5-XL,UMAP,seq_3338,0,-1.6388654,2.9054976
ProtT5-XL,UMAP,seq_3339,0,-3.2466087,5.6385026
ProtT5-XL,UMAP,seq_3340,0,3.124979,2.5162327
ProtT5-XL,UMAP,seq_3341,0,-3.1961513,5.6030684
ProtT5-XL,UMAP,seq_3342,0,3.1814604,2.1116014
ProtT5-XL,UMAP,seq_3343,0,-1.4203428,4.7738566
ProtT5-XL,UMAP,seq_3344,0,1.9827265,-0.19247451
ProtT5-XL,UMAP,seq_3345,0,0.6486565,-0.38490453
ProtT5-XL,UMAP,seq_3346,0,-3.5201895,0.05588623
ProtT5-XL,UMAP,seq_3347,0,-1.1561881,4.2787437
ProtT5-XL,UMAP,seq_3348,0,2.047874,-0.027930178
ProtT5-XL,UMAP,seq_3349,0,-1.1187471,-0.46338674
ProtT5-XL,UMAP,seq_3350,0,0.0655071,5.5910277
ProtT5-XL,UMAP,seq_3351,0,-3.3707829,4.079107
ProtT5-XL,UMAP,seq_3352,0,-2.6135676,4.7037725
ProtT5-XL,UMAP,seq_3353,0,3.3051236,3.3311083
ProtT5-XL,UMAP,seq_3354,0,-2.1006377,2.82383
ProtT5-XL,UMAP,seq_3355,0,3.1076906,2.4561257
ProtT5-XL,UMAP,seq_3356,0,1.1171684,0.32248724
ProtT5-XL,UMAP,seq_3357,0,0.30170816,2.9872565
ProtT5-XL,UMAP,seq_3358,0,-1.9737017,5.673157
ProtT5-XL,UMAP,seq_3359,0,1.4608802,-0.98827434
ProtT5-XL,UMAP,seq_3360,0,-1.8493791,4.9603047
ProtT5-XL,UMAP,seq_3361,0,-0.7880048,1.7984326
ProtT5-XL,UMAP,seq_3362,0,1.5816422,-2.4237006
ProtT5-XL,UMAP,seq_3363,0,-5.545264,6.1141925
ProtT5-XL,UMAP,seq_3364,0,0.45414627,-0.303383
ProtT5-XL,UMAP,seq_3365,0,-1.7428398,4.0213585
ProtT5-XL,UMAP,seq_3366,0,-1.6547235,3.2413492
ProtT5-XL,UMAP,seq_3367,0,1.2478309,0.03595162
ProtT5-XL,UMAP,seq_3368,0,-1.623559,3.2825527
ProtT5-XL,UMAP,seq_3369,0,-1.9265528,5.932288
ProtT5-XL,UMAP,seq_3370,0,-0.059658818,0.16093954
ProtT5-XL,UMAP,seq_3371,0,1.0209534,0.89763725
ProtT5-XL,UMAP,seq_3372,0,-3.1912644,5.905668
ProtT5-XL,UMAP,seq_3373,0,-2.0936525,5.530192
ProtT5-XL,UMAP,seq_3374,0,1.401318,0.20684507
ProtT5-XL,UMAP,seq_3375,0,0.16947833,-1.4688566
ProtT5-XL,UMAP,seq_3376,0,-1.6411332,3.672432
ProtT5-XL,UMAP,seq_3377,0,1.2383208,0.6206204
ProtT5-XL,UMAP,seq_3378,0,1.5372168,-0.0699238
ProtT5-XL,UMAP,seq_3379,0,-3.1542687,5.1786222
ProtT5-XL,UMAP,seq_3380,0,-5.512383,6.092536
ProtT5-XL,UMAP,seq_3381,0,-3.1233256,6.067058
ProtT5-XL,UMAP,seq_3382,0,1.4228802,-1.0932268
ProtT5-XL,UMAP,seq_3383,0,-1.3669254,2.5981572
ProtT5-XL,UMAP,seq_3384,0,3.1050568,3.0312111
ProtT5-XL,UMAP,seq_3385,0,-1.5649217,5.6292806
ProtT5-XL,UMAP,seq_3386,0,-2.2021043,2.7950416
ProtT5-XL,UMAP,seq_3387,0,-1.7388849,5.5910897
ProtT5-XL,UMAP,seq_3388,0,-1.1405276,4.716129
ProtT5-XL,UMAP,seq_3389,0,-3.405396,4.0302286
ProtT5-XL,UMAP,seq_3390,0,-1.7546334,4.8989983
ProtT5-XL,UMAP,seq_3391,0,-0.6969599,3.5500283
ProtT5-XL,UMAP,seq_3392,0,-2.532194,2.5373175
ProtT5-XL,UMAP,seq_3393,0,-2.5127583,2.7107728
ProtT5-XL,UMAP,seq_3394,0,1.1602125,0.07014885
ProtT5-XL,UMAP,seq_3395,0,0.33576646,2.5584009
ProtT5-XL,UMAP,seq_3396,0,0.6809072,3.090489
ProtT5-XL,UMAP,seq_3397,0,-1.8977537,5.0419116
ProtT5-XL,UMAP,seq_3398,0,-2.462447,2.4434206
ProtT5-XL,UMAP,seq_3399,0,-2.1842778,2.7513773
ProtT5-XL,UMAP,seq_3400,0,1.055863,3.7030675
ProtT5-XL,UMAP,seq_3401,0,-3.9046292,5.3657684
ProtT5-XL,UMAP,seq_3402,0,0.04849749,4.555664
ProtT5-XL,UMAP,seq_3403,0,3.0085747,2.597862
ProtT5-XL,UMAP,seq_3404,0,-1.6025652,5.8318267
ProtT5-XL,UMAP,seq_3405,0,-3.615586,0.43945426
ProtT5-XL,UMAP,seq_3406,0,1.14228,-1.4637567
ProtT5-XL,UMAP,seq_3407,0,3.51535,1.0150471
ProtT5-XL,UMAP,seq_3408,0,0.7318667,3.0875149
ProtT5-XL,UMAP,seq_3409,0,-2.5483458,5.6944165
ProtT5-XL,UMAP,seq_3410,0,-1.6289799,3.380783
ProtT5-XL,UMAP,seq_3411,0,-3.064956,4.924247
ProtT5-XL,UMAP,seq_3412,0,-1.9192058,4.3626637
ProtT5-XL,UMAP,seq_3413,0,-1.8244141,4.423395
ProtT5-XL,UMAP,seq_3414,0,-1.5713708,5.6555343
ProtT5-XL,UMAP,seq_3415,0,1.343044,0.2273116
ProtT5-XL,UMAP,seq_3416,0,1.3647814,0.008171572
ProtT5-XL,UMAP,seq_3417,0,2.0619202,-0.10187161
ProtT5-XL,UMAP,seq_3418,0,-1.8377085,6.0991993
ProtT5-XL,UMAP,seq_3419,0,-3.0863156,5.904998
ProtT5-XL,UMAP,seq_3420,0,-2.6076791,4.189307
ProtT5-XL,UMAP,seq_3421,0,-1.7946035,3.0420778
ProtT5-XL,UMAP,seq_3422,0,-1.1251725,-0.39497167
ProtT5-XL,UMAP,seq_3423,0,-2.2648082,2.700475
ProtT5-XL,UMAP,seq_3424,0,2.712505,1.8347847
ProtT5-XL,UMAP,seq_3425,0,-2.1126006,2.8607657
ProtT5-XL,UMAP,seq_3426,0,-2.7151625,4.131758
ProtT5-XL,UMAP,seq_3427,0,1.0726086,0.07037856
ProtT5-XL,UMAP,seq_3428,0,-1.329512,4.2915483
ProtT5-XL,UMAP,seq_3429,0,-2.5523505,4.0285273
ProtT5-XL,UMAP,seq_3430,0,-1.2408086,4.995402
ProtT5-XL,UMAP,seq_3431,0,1.8901017,0.76106685
ProtT5-XL,UMAP,seq_3432,0,-2.3654435,2.458834
ProtT5-XL,UMAP,seq_3433,0,-2.2724516,2.6653068
ProtT5-XL,UMAP,seq_3434,0,3.7402263,-2.8554978
ProtT5-XL,UMAP,seq_3435,0,3.4344132,-2.1226826
ProtT5-XL,UMAP,seq_3436,0,2.0402436,0.17648923
ProtT5-XL,UMAP,seq_3437,0,-0.52235174,6.4017515
ProtT5-XL,UMAP,seq_3438,0,-0.19906041,5.0881133
ProtT5-XL,UMAP,seq_3439,0,3.6760075,-2.9085858
ProtT5-XL,UMAP,seq_3440,0,-2.891775,5.658053
ProtT5-XL,UMAP,seq_3441,0,-0.46032342,-0.86640865
ProtT5-XL,UMAP,seq_3442,0,1.7186375,-0.561104
ProtT5-XL,UMAP,seq_3443,0,3.70612,-2.7973022
ProtT5-XL,UMAP,seq_3444,0,-2.5886552,2.5027518
ProtT5-XL,UMAP,seq_3445,0,1.5428554,-2.8276868
ProtT5-XL,UMAP,seq_3446,0,-0.6073643,4.1362596
ProtT5-XL,UMAP,seq_3447,0,-3.0691357,6.127604
ProtT5-XL,UMAP,seq_3448,0,1.4997672,-2.1809664
ProtT5-XL,UMAP,seq_3449,0,-2.4033973,2.5815156
ProtT5-XL,UMAP,seq_3450,0,-2.0335834,2.7951472
ProtT5-XL,UMAP,seq_3451,0,3.521113,-2.3642778
ProtT5-XL,UMAP,seq_3452,0,1.9882703,0.6350204
ProtT5-XL,UMAP,seq_3453,0,-1.0564541,0.49605596
ProtT5-XL,UMAP,seq_3454,0,-0.59526265,-0.8948106
ProtT5-XL,UMAP,seq_3455,0,2.960406,2.9489677
ProtT5-XL,UMAP,seq_3456,0,2.997128,2.8607054
ProtT5-XL,UMAP,seq_3457,0,-1.6421602,2.6930907
ProtT5-XL,UMAP,seq_3458,0,2.0858204,-0.0053820102
ProtT5-XL,UMAP,seq_3459,0,-0.9974562,3.4733198
ProtT5-XL,UMAP,seq_3460,0,-1.5265015,5.654016
ProtT5-XL,UMAP,seq_3461,0,1.7157273,0.7946237
ProtT5-XL,UMAP,seq_3462,0,1.4170164,0.8297796
ProtT5-XL,UMAP,seq_3463,0,-1.2085602,2.5441642
ProtT5-XL,UMAP,seq_3464,0,-1.6496577,2.5988495
ProtT5-XL,UMAP,seq_3465,0,-1.0078087,-0.34031782
ProtT5-XL,UMAP,seq_3466,0,0.54131305,-0.6442958
ProtT5-XL,UMAP,seq_3467,0,1.2026248,-2.171817
ProtT5-XL,UMAP,seq_3468,0,3.9402404,0.86984706
ProtT5-XL,UMAP,seq_3469,0,-0.019198861,0.24884108
ProtT5-XL,UMAP,seq_3470,0,-1.7165847,2.9447217
ProtT5-XL,UMAP,seq_3471,0,0.20687765,0.091049656
ProtT5-XL,UMAP,seq_3472,0,-0.16042724,-0.33086637
ProtT5-XL,UMAP,seq_3473,0,1.3310478,5.320796
ProtT5-XL,UMAP,seq_3474,0,-2.1829183,6.1401563
ProtT5-XL,UMAP,seq_3475,0,0.18126975,0.23079273
ProtT5-XL,UMAP,seq_3476,0,-0.06463231,-0.57789105
ProtT5-XL,UMAP,seq_3477,0,0.63526464,-0.054858856
ProtT5-XL,UMAP,seq_3478,0,0.08483718,-0.78004175
ProtT5-XL,UMAP,seq_3479,0,0.26769477,5.5961514
ProtT5-XL,UMAP,seq_3480,0,0.4050011,3.7320619
ProtT5-XL,UMAP,seq_3481,0,-2.9772172,5.164195
ProtT5-XL,UMAP,seq_3482,0,0.029510932,-0.045151975
ProtT5-XL,UMAP,seq_3483,0,-1.8275096,6.0518775
ProtT5-XL,UMAP,seq_3484,0,-3.4939904,-0.09731262
ProtT5-XL,UMAP,seq_3485,0,3.3573384,-2.2273796
ProtT5-XL,UMAP,seq_3486,0,3.0133615,2.479874
ProtT5-XL,UMAP,seq_3487,0,-0.3383633,6.530171
ProtT5-XL,UMAP,seq_3488,0,-2.2098558,3.227868
ProtT5-XL,UMAP,seq_3489,0,-1.4597178,5.639254
ProtT5-XL,UMAP,seq_3490,0,0.9345568,0.67285126
ProtT5-XL,UMAP,seq_3491,0,-1.9813974,2.8783205
ProtT5-XL,UMAP,seq_3492,0,0.6918658,0.5324561
ProtT5-XL,UMAP,seq_3493,0,-2.1518238,6.086666
ProtT5-XL,UMAP,seq_3494,0,1.0494137,-1.450258
ProtT5-XL,UMAP,seq_3495,0,-2.0301578,6.1303635
ProtT5-XL,UMAP,seq_3496,0,2.188503,3.9433084
ProtT5-XL,UMAP,seq_3497,0,0.45074213,-0.1724186
ProtT5-XL,UMAP,seq_3498,0,3.7226496,-2.9145377
ProtT5-XL,UMAP,seq_3499,0,0.37584105,-0.6284784
ProtT5-XL,UMAP,seq_3500,0,0.23221977,-0.8344779
ProtT5-XL,UMAP,seq_3501,0,0.81595707,-0.5463824
ProtT5-XL,UMAP,seq_3502,0,0.13496533,-0.7588108
ProtT5-XL,UMAP,seq_3503,0,0.91406053,0.8089105
ProtT5-XL,UMAP,seq_3504,0,1.1512328,-2.1919072
ProtT5-XL,UMAP,seq_3505,0,-1.4107194,2.9966464
ProtT5-XL,UMAP,seq_3506,0,1.3168242,0.49850744
ProtT5-XL,UMAP,seq_3507,0,-0.35333183,-0.87432563
ProtT5-XL,UMAP,seq_3508,0,0.268862,-0.1341681
ProtT5-XL,UMAP,seq_3509,0,-1.818346,0.5945586
ProtT5-XL,UMAP,seq_3510,0,1.4808062,-2.8843975
ProtT5-XL,UMAP,seq_3511,0,1.0197009,0.7283107
ProtT5-XL,UMAP,seq_3512,0,-1.1714662,2.3242805
ProtT5-XL,UMAP,seq_3513,0,3.0703363,1.8954222
ProtT5-XL,UMAP,seq_3514,0,-0.54173833,-0.29662463
ProtT5-XL,UMAP,seq_3515,0,-2.5304868,5.445802
ProtT5-XL,UMAP,seq_3516,0,-1.3782116,2.638003
ProtT5-XL,UMAP,seq_3517,0,0.73095214,-0.100690365
ProtT5-XL,UMAP,seq_3518,0,-1.6825159,4.852786
ProtT5-XL,UMAP,seq_3519,0,-0.1765014,4.5093927
ProtT5-XL,UMAP,seq_3520,0,-1.9870937,4.4929414
ProtT5-XL,UMAP,seq_3521,0,-2.1093907,4.7598
ProtT5-XL,UMAP,seq_3522,0,0.16054021,4.546694
ProtT5-XL,UMAP,seq_3523,0,2.1380105,-0.5221722
ProtT5-XL,UMAP,seq_3524,0,0.82519156,0.62464684
ProtT5-XL,UMAP,seq_3525,0,-3.2642243,5.3916283
ProtT5-XL,UMAP,seq_3526,0,-2.5265582,2.4124196
ProtT5-XL,UMAP,seq_3527,0,1.3859342,-0.9201273
ProtT5-XL,UMAP,seq_3528,0,-1.72959,4.3818593
ProtT5-XL,UMAP,seq_3529,0,-1.4712193,4.043657
ProtT5-XL,UMAP,seq_3530,0,-1.6726093,4.3325787
ProtT5-XL,UMAP,seq_3531,0,-5.542555,6.113082
ProtT5-XL,UMAP,seq_3532,0,-3.2850995,5.225387
ProtT5-XL,UMAP,seq_3533,0,1.2506013,0.5901578
ProtT5-XL,UMAP,seq_3534,0,1.1140566,0.24834996
ProtT5-XL,UMAP,seq_3535,0,-2.239558,6.087642
ProtT5-XL,UMAP,seq_3536,0,0.030095406,0.031135537
ProtT5-XL,UMAP,seq_3537,0,-0.9460219,4.4449544
ProtT5-XL,UMAP,seq_3538,0,-1.996489,6.1571503
ProtT5-XL,UMAP,seq_3539,0,2.8235302,2.4401476
ProtT5-XL,UMAP,seq_3540,0,3.5640256,1.1755338
ProtT5-XL,UMAP,seq_3541,0,-5.2615247,6.003526
ProtT5-XL,UMAP,seq_3542,0,1.9889284,-0.19210926
ProtT5-XL,UMAP,seq_3543,0,1.0745656,0.33393475
ProtT5-XL,UMAP,seq_3544,0,-1.553211,4.867365
ProtT5-XL,UMAP,seq_3545,0,-2.1252213,2.783078
ProtT5-XL,UMAP,seq_3546,0,1.1940806,-2.348977
ProtT5-XL,UMAP,seq_3547,0,0.45387727,5.377208
ProtT5-XL,UMAP,seq_3548,0,0.34007263,-0.20822625
ProtT5-XL,UMAP,seq_3549,0,-1.819108,5.3566246
ProtT5-XL,UMAP,seq_3550,0,1.0010343,-0.25804114
ProtT5-XL,UMAP,seq_3551,0,3.6197517,-2.801684
ProtT5-XL,UMAP,seq_3552,0,-2.6718214,5.828138
ProtT5-XL,UMAP,seq_3553,0,-2.6751006,2.9316645
ProtT5-XL,UMAP,seq_3554,0,1.959573,-0.2248655
ProtT5-XL,UMAP,seq_3555,0,-0.7168635,1.3770338
ProtT5-XL,UMAP,seq_3556,0,-2.0464334,5.9956946
ProtT5-XL,UMAP,seq_3557,0,2.1910825,2.1424186
ProtT5-XL,UMAP,seq_3558,0,-2.7544303,5.031128
ProtT5-XL,UMAP,seq_3559,0,-2.662293,4.2625413
ProtT5-XL,UMAP,seq_3560,0,-2.6825461,4.2396507
ProtT5-XL,UMAP,seq_3561,0,-0.4466735,7.0759597
ProtT5-XL,UMAP,seq_3562,0,-3.1907215,5.4115157
ProtT5-XL,UMAP,seq_3563,0,-2.4227757,5.318631
ProtT5-XL,UMAP,seq_3564,0,1.28518,-0.7209778
ProtT5-XL,UMAP,seq_3565,0,-2.0240912,3.0731988
ProtT5-XL,UMAP,seq_3566,0,0.9173297,-0.15820071
ProtT5-XL,UMAP,seq_3567,0,3.2664168,3.2327986
ProtT5-XL,UMAP,seq_3568,0,3.7121449,-2.7887726
ProtT5-XL,UMAP,seq_3569,0,-1.5363386,2.9462302
ProtT5-XL,UMAP,seq_3570,0,-2.3122363,4.8527007
ProtT5-XL,UMAP,seq_3571,0,-0.8412957,-1.268522
ProtT5-XL,UMAP,seq_3572,0,-2.7371824,6.043983
ProtT5-XL,UMAP,seq_3573,0,3.7385857,-2.8480892
ProtT5-XL,UMAP,seq_3574,0,-1.2145523,4.5091796
ProtT5-XL,UMAP,seq_3575,0,-1.7707797,5.211284
ProtT5-XL,UMAP,seq_3576,0,0.39913833,0.882936
ProtT5-XL,UMAP,seq_3577,0,3.6084774,-2.5978572
ProtT5-XL,UMAP,seq_3578,0,3.721232,-2.7989109
ProtT5-XL,UMAP,seq_3579,0,3.630726,-2.6428854
ProtT5-XL,UMAP,seq_3580,0,-3.9361835,5.397595
ProtT5-XL,UMAP,seq_3581,0,-3.9714584,5.374052
ProtT5-XL,UMAP,seq_3582,0,-2.4674964,2.4404924
ProtT5-XL,UMAP,seq_3583,0,-1.5947126,6.0102377
ProtT5-XL,UMAP,seq_3584,0,0.74442613,4.2722073
ProtT5-XL,UMAP,seq_3585,0,1.2040979,0.827887
ProtT5-XL,UMAP,seq_3586,0,-3.763458,5.3589087
ProtT5-XL,UMAP,seq_3587,0,-2.793899,4.081237
ProtT5-XL,UMAP,seq_3588,0,-2.7277007,4.1353846
ProtT5-XL,UMAP,seq_3589,0,0.6248805,10.76718
ProtT5-XL,UMAP,seq_3590,0,0.71245587,0.55067056
ProtT5-XL,UMAP,seq_3591,0,-1.5841262,5.686832
ProtT5-XL,UMAP,seq_3592,0,1.6300795,2.105451
ProtT5-XL,UMAP,seq_3593,0,-2.948156,4.4534736
ProtT5-XL,UMAP,seq_3594,0,-0.68729806,4.1009574
ProtT5-XL,UMAP,seq_3595,0,-3.2026188,5.6482677
ProtT5-XL,UMAP,seq_3596,0,0.65525174,5.471625
ProtT5-XL,UMAP,seq_3597,0,3.1401465,2.7281227
ProtT5-XL,UMAP,seq_3598,0,1.2457513,1.1459352
ProtT5-XL,UMAP,seq_3599,0,-2.1748848,2.6584313
ProtT5-XL,UMAP,seq_3600,0,-2.4971611,2.5735035
ProtT5-XL,UMAP,seq_3601,0,-1.462249,2.7418833
ProtT5-XL,UMAP,seq_3602,0,-0.47820783,6.5813355
ProtT5-XL,UMAP,seq_3603,0,-1.0160308,6.9049754
ProtT5-XL,UMAP,seq_3604,0,3.040778,2.8851962
ProtT5-XL,UMAP,seq_3605,0,3.902053,0.23055041
ProtT5-XL,UMAP,seq_3606,0,-2.683934,5.7459097
ProtT5-XL,UMAP,seq_3607,0,-2.2256815,2.630133
ProtT5-XL,UMAP,seq_3608,0,0.5121162,3.22559
ProtT5-XL,UMAP,seq_3609,0,-1.7716755,2.7428043
ProtT5-XL,UMAP,seq_3610,0,-2.4993353,3.3581932
ProtT5-XL,UMAP,seq_3611,0,1.3573927,0.20577493
ProtT5-XL,UMAP,seq_3612,0,1.3207484,0.08035294
ProtT5-XL,UMAP,seq_3613,0,-2.609134,5.9866967
ProtT5-XL,UMAP,seq_3614,0,0.18228792,3.4922633
ProtT5-XL,UMAP,seq_3615,0,-2.2958252,2.6524813
ProtT5-XL,UMAP,seq_3616,0,-1.5724181,0.3060448
ProtT5-XL,UMAP,seq_3617,0,-2.2905893,3.6769
ProtT5-XL,UMAP,seq_3618,0,-0.8806127,-0.63781697
ProtT5-XL,UMAP,seq_3619,0,0.34298947,2.9075642
ProtT5-XL,UMAP,seq_3620,0,-1.7480623,5.194156
ProtT5-XL,UMAP,seq_3621,0,-3.1377962,5.9057126
ProtT5-XL,UMAP,seq_3622,0,-2.8611798,3.9770627
ProtT5-XL,UMAP,seq_3623,0,1.497651,0.9547689
ProtT5-XL,UMAP,seq_3624,0,-1.0738757,4.3418884
ProtT5-XL,UMAP,seq_3625,0,-2.5893714,2.5269983
ProtT5-XL,UMAP,seq_3626,0,1.935277,-0.052738376
ProtT5-XL,UMAP,seq_3627,0,-0.40998167,-0.6186747
ProtT5-XL,UMAP,seq_3628,0,-1.6260983,5.458669
ProtT5-XL,UMAP,seq_3629,0,-0.76906145,0.76833636
ProtT5-XL,UMAP,seq_3630,0,2.7680724,2.1976156
ProtT5-XL,UMAP,seq_3631,0,1.3195101,0.5237081
ProtT5-XL,UMAP,seq_3632,0,3.0114744,1.9745239
ProtT5-XL,UMAP,seq_3633,0,1.2576964,0.92852944
ProtT5-XL,UMAP,seq_3634,0,-2.4565184,4.342798
ProtT5-XL,UMAP,seq_3635,0,0.5240628,-0.80470675
ProtT5-XL,UMAP,seq_3636,0,1.7267259,0.70166516
ProtT5-XL,UMAP,seq_3637,0,0.09771143,-1.6897732
ProtT5-XL,UMAP,seq_3638,0,0.29704106,0.01736616
ProtT5-XL,UMAP,seq_3639,0,1.832756,-1.7067889
ProtT5-XL,UMAP,seq_3640,0,1.8745971,-0.7800677
ProtT5-XL,UMAP,seq_3641,0,-2.504439,2.4169278
ProtT5-XL,UMAP,seq_3642,0,0.34921655,2.479854
ProtT5-XL,UMAP,seq_3643,0,-3.3699286,4.0431013
ProtT5-XL,UMAP,seq_3644,0,-3.9963155,5.3722153
ProtT5-XL,UMAP,seq_3645,0,1.8736675,2.6248095
ProtT5-XL,UMAP,seq_3646,0,-3.4326155,3.9994578
ProtT5-XL,UMAP,seq_3647,0,0.21048155,0.21572824
ProtT5-XL,UMAP,seq_3648,0,4.1486583,1.7303412
ProtT5-XL,UMAP,seq_3649,0,-0.2449233,-0.8727218
ProtT5-XL,UMAP,seq_3650,0,-2.3961685,2.6544034
ProtT5-XL,UMAP,seq_3651,0,1.0783831,-0.12005263
ProtT5-XL,UMAP,seq_3652,0,-0.82016855,-0.49512255
ProtT5-XL,UMAP,seq_3653,0,1.5411102,-2.9018064
ProtT5-XL,UMAP,seq_3654,0,-1.4677205,4.248811
ProtT5-XL,UMAP,seq_3655,0,-3.2477422,5.6877007
ProtT5-XL,UMAP,seq_3656,0,-0.5339058,6.0487056
ProtT5-XL,UMAP,seq_3657,0,0.78595316,0.6891538
ProtT5-XL,UMAP,seq_3658,0,0.5886882,-0.25573856
ProtT5-XL,UMAP,seq_3659,0,-0.6290593,-1.1504477
ProtT5-XL,UMAP,seq_3660,0,-0.89865124,6.2422214
ProtT5-XL,UMAP,seq_3661,0,0.60791296,2.8194494
ProtT5-XL,UMAP,seq_3662,0,-1.1450168,3.6847253
ProtT5-XL,UMAP,seq_3663,0,1.4247802,0.5906604
ProtT5-XL,UMAP,seq_3664,0,0.9986675,-0.19917625
ProtT5-XL,UMAP,seq_3665,0,-2.0353813,3.5912664
ProtT5-XL,UMAP,seq_3666,0,1.3828213,0.91087335
ProtT5-XL,UMAP,seq_3667,0,1.5462182,-1.8290915
ProtT5-XL,UMAP,seq_3668,0,1.533167,1.2127362
ProtT5-XL,UMAP,seq_3669,0,-1.099872,2.219803
ProtT5-XL,UMAP,seq_3670,0,-0.8641264,-0.187136
ProtT5-XL,UMAP,seq_3671,0,1.6584098,0.51708645
ProtT5-XL,UMAP,seq_3672,0,1.0040764,0.5239882
ProtT5-XL,UMAP,seq_3673,0,-2.2953844,5.000609
ProtT5-XL,UMAP,seq_3674,0,-0.3389103,6.0880055
ProtT5-XL,UMAP,seq_3675,0,-1.8720753,3.2480757
ProtT5-XL,UMAP,seq_3676,0,0.31484336,5.376125
ProtT5-XL,UMAP,seq_3677,0,-1.0606147,4.3902392
ProtT5-XL,UMAP,seq_3678,0,-5.5375414,6.110161
ProtT5-XL,UMAP,seq_3679,0,1.6212746,-2.676426
ProtT5-XL,UMAP,seq_3680,0,-0.026136998,-0.4200901
ProtT5-XL,UMAP,seq_3681,0,-1.2358412,2.4063222
ProtT5-XL,UMAP,seq_3682,0,-0.8922554,4.342896
ProtT5-XL,UMAP,seq_3683,0,-2.381725,2.6425915
ProtT5-XL,UMAP,seq_3684,0,0.43737888,0.77107006
ProtT5-XL,UMAP,seq_3685,0,-2.9713829,6.0760255
ProtT5-XL,UMAP,seq_3686,0,3.1330318,2.7733579
ProtT5-XL,UMAP,seq_3687,0,-3.80032,0.28946415
ProtT5-XL,UMAP,seq_3688,0,-2.6154723,0.082972504
ProtT5-XL,UMAP,seq_3689,0,0.18981804,0.6933947
ProtT5-XL,UMAP,seq_3690,0,1.1787891,0.8657935
ProtT5-XL,UMAP,seq_3691,0,1.1279559,-1.3400235
ProtT5-XL,UMAP,seq_3692,0,0.5278072,5.485357
ProtT5-XL,UMAP,seq_3693,0,-0.046501823,0.28370154
ProtT5-XL,UMAP,seq_3694,0,1.4769849,-2.2161765
ProtT5-XL,UMAP,seq_3695,0,-2.2186966,5.0816603
ProtT5-XL,UMAP,seq_3696,0,-0.5238006,-0.095785394
ProtT5-XL,UMAP,seq_3697,0,1.4232241,0.86809105
ProtT5-XL,UMAP,seq_3698,0,1.4837052,-0.87774676
ProtT5-XL,UMAP,seq_3699,0,1.3512503,0.2544398
ProtT5-XL,UMAP,seq_3700,0,-1.9926442,2.565844
ProtT5-XL,UMAP,seq_3701,0,-2.2838104,5.5120993
ProtT5-XL,UMAP,seq_3702,0,0.81303424,1.0666445
ProtT5-XL,UMAP,seq_3703,0,-0.21867965,0.29716328
ProtT5-XL,UMAP,seq_3704,0,0.19621696,-0.72944206
ProtT5-XL,UMAP,seq_3705,0,-3.5784094,0.12054098
ProtT5-XL,UMAP,seq_3706,0,-3.247817,4.1092005
ProtT5-XL,UMAP,seq_3707,0,-0.9751577,-0.16813307
ProtT5-XL,UMAP,seq_3708,0,0.5369645,5.150889
ProtT5-XL,UMAP,seq_3709,0,3.6758842,-2.6665118
ProtT5-XL,UMAP,seq_3710,0,1.1954817,0.24628344
ProtT5-XL,UMAP,seq_3711,0,4.6315374,-0.5312876
ProtT5-XL,UMAP,seq_3712,0,3.713737,-2.7910142
ProtT5-XL,UMAP,seq_3713,0,1.7714522,-0.5263516
ProtT5-XL,UMAP,seq_3714,0,0.64318275,-1.0454271
ProtT5-XL,UMAP,seq_3715,0,-5.544619,6.1144357
ProtT5-XL,UMAP,seq_3716,0,1.0527898,3.7491033
ProtT5-XL,UMAP,seq_3717,0,3.8175707,-2.7767322
ProtT5-XL,UMAP,seq_3718,0,0.37477484,-0.22359675
ProtT5-XL,UMAP,seq_3719,0,-3.1700215,5.728548
ProtT5-XL,UMAP,seq_3720,0,1.2276715,-1.6944286
ProtT5-XL,UMAP,seq_3721,0,1.159941,0.58051807
ProtT5-XL,UMAP,seq_3722,0,1.8874799,-1.6660593
ProtT5-XL,UMAP,seq_3723,0,-1.7005659,3.000174
ProtT5-XL,UMAP,seq_3724,0,1.3740389,-1.954473
ProtT5-XL,UMAP,seq_3725,0,0.014246425,-0.30328286
ProtT5-XL,UMAP,seq_3726,0,-3.3308077,5.4171305
ProtT5-XL,UMAP,seq_3727,0,0.3924648,-0.33127794
ProtT5-XL,UMAP,seq_3728,0,1.3460501,-0.53387034
ProtT5-XL,UMAP,seq_3729,0,-3.5330687,-0.025021972
ProtT5-XL,UMAP,seq_3730,0,-3.3856552,-0.13231012
ProtT5-XL,UMAP,seq_3731,0,-0.23022078,-0.29321077
ProtT5-XL,UMAP,seq_3732,0,1.4190125,-0.11719849
ProtT5-XL,UMAP,seq_3733,0,-2.0728552,3.8581774
ProtT5-XL,UMAP,seq_3734,0,-1.2443658,-0.5457411
ProtT5-XL,UMAP,seq_3735,0,1.5163692,0.6552983
ProtT5-XL,UMAP,seq_3736,0,-3.5488815,0.60254383
ProtT5-XL,UMAP,seq_3737,0,-2.4521132,4.737074
ProtT5-XL,UMAP,seq_3738,0,-0.41466582,6.5298333
ProtT5-XL,UMAP,seq_3739,0,0.8548089,-0.68449384
ProtT5-XL,UMAP,seq_3740,0,-3.424029,-0.034938894
ProtT5-XL,UMAP,seq_3741,0,3.196129,-0.02753226
ProtT5-XL,UMAP,seq_3742,0,1.1053288,0.46575382
ProtT5-XL,UMAP,seq_3743,0,1.0705072,0.387481
ProtT5-XL,UMAP,seq_3744,0,1.4243543,0.88975286
ProtT5-XL,UMAP,seq_3745,0,0.7934974,-0.15013894
ProtT5-XL,UMAP,seq_3746,0,1.3796536,0.8257792
ProtT5-XL,UMAP,seq_3747,0,-2.170493,5.611455
ProtT5-XL,UMAP,seq_3748,0,0.26291543,-0.039125863
ProtT5-XL,UMAP,seq_3749,0,-3.1351485,4.1801457
ProtT5-XL,UMAP,seq_3750,0,-0.8796916,0.5794617
ProtT5-XL,UMAP,seq_3751,0,1.517384,-2.807489
ProtT5-XL,UMAP,seq_3752,0,-2.247167,5.6046815
ProtT5-XL,UMAP,seq_3753,0,-3.4922125,-0.023527358
ProtT5-XL,UMAP,seq_3754,0,-1.2434653,4.2152925
ProtT5-XL,UMAP,seq_3755,0,0.75685227,-0.93118936
ProtT5-XL,UMAP,seq_3756,0,-0.030326514,4.511896
ProtT5-XL,UMAP,seq_3757,0,-0.31984118,0.3703556
ProtT5-XL,UMAP,seq_3758,0,-1.9899502,4.4844112
ProtT5-XL,UMAP,seq_3759,0,-0.38350973,5.8097086
ProtT5-XL,UMAP,seq_3760,0,-0.41375422,5.703677
ProtT5-XL,UMAP,seq_3761,0,0.50981736,2.8733113
ProtT5-XL,UMAP,seq_3762,0,-2.1711435,2.8721876
ProtT5-XL,UMAP,seq_3763,0,-0.77125764,-1.2988685
ProtT5-XL,UMAP,seq_3764,0,1.2374741,-0.86090356
ProtT5-XL,UMAP,seq_3765,0,-0.23579574,0.19287169
ProtT5-XL,UMAP,seq_3766,0,-1.0032641,6.5729046
ProtT5-XL,UMAP,seq_3767,0,0.6677853,5.6018634
ProtT5-XL,UMAP,seq_3768,0,-0.2587308,-0.003051859
ProtT5-XL,UMAP,seq_3769,0,1.4562647,1.1256176
ProtT5-XL,UMAP,seq_3770,0,0.15449968,-1.4298968
ProtT5-XL,UMAP,seq_3771,0,0.060878657,5.9758067
ProtT5-XL,UMAP,seq_3772,0,3.4033277,-2.1298232
ProtT5-XL,UMAP,seq_3773,0,-2.5824118,5.2850676
ProtT5-XL,UMAP,seq_3774,0,1.3049675,0.62419534
ProtT5-XL,UMAP,seq_3775,0,-2.0546644,2.5144503
ProtT5-XL,UMAP,seq_3776,0,-2.6261744,5.4371605
ProtT5-XL,UMAP,seq_3777,0,3.6306415,-2.8618956
ProtT5-XL,UMAP,seq_3778,0,1.5306349,-2.8159342
ProtT5-XL,UMAP,seq_3779,0,1.6181402,1.1624985
ProtT5-XL,UMAP,seq_3780,0,1.8629738,0.8736608
ProtT5-XL,UMAP,seq_3781,0,1.2514291,-0.0134076625
ProtT5-XL,UMAP,seq_3782,0,-0.24649377,-1.1228818
ProtT5-XL,UMAP,seq_3783,0,0.5205349,0.41953382
ProtT5-XL,UMAP,seq_3784,0,-1.1370672,4.136201
ProtT5-XL,UMAP,seq_3785,0,-3.668572,0.031684242
ProtT5-XL,UMAP,seq_3786,0,-0.2641291,4.608853
ProtT5-XL,UMAP,seq_3787,0,-1.986064,5.9296265
ProtT5-XL,UMAP,seq_3788,0,1.1202319,0.7635141
ProtT5-XL,UMAP,seq_3789,0,-2.6733885,4.890704
ProtT5-XL,UMAP,seq_3790,0,-0.208153,2.8149652
ProtT5-XL,UMAP,seq_3791,0,1.413429,-2.0641487
ProtT5-XL,UMAP,seq_3792,0,-3.5163774,-0.1900779
ProtT5-XL,UMAP,seq_3793,0,-1.1712974,0.798886
ProtT5-XL,UMAP,seq_3794,0,1.5765918,0.7628935
ProtT5-XL,UMAP,seq_3795,0,0.88708085,0.2597289
ProtT5-XL,UMAP,seq_3796,0,0.6318828,-0.90485024
ProtT5-XL,UMAP,seq_3797,0,-3.4322371,0.059977554
ProtT5-XL,UMAP,seq_3798,0,1.1692709,1.5414143
ProtT5-XL,UMAP,seq_3799,0,-1.4092057,4.680896
ProtT5-XL,UMAP,seq_3800,0,1.2041138,0.7416548
ProtT5-XL,UMAP,seq_3801,0,0.8575117,0.22418404
ProtT5-XL,UMAP,seq_3802,0,2.3499472,1.798365
ProtT5-XL,UMAP,seq_3803,0,0.32684886,0.65087336
ProtT5-XL,UMAP,seq_3804,0,0.62713605,3.687001
ProtT5-XL,UMAP,seq_3805,0,-1.9733709,5.408152
ProtT5-XL,UMAP,seq_3806,0,-1.8995918,3.3643844
ProtT5-XL,UMAP,seq_3807,0,-0.43819746,6.718403
ProtT5-XL,UMAP,seq_3808,0,-1.1166704,3.7161577
ProtT5-XL,UMAP,seq_3809,0,-0.08478282,4.82263
ProtT5-XL,UMAP,seq_3810,0,-2.2977026,2.5898738
ProtT5-XL,UMAP,seq_3811,0,1.1559978,2.6959922
ProtT5-XL,UMAP,seq_3812,0,1.8706534,-2.2277186
ProtT5-XL,UMAP,seq_3813,0,-2.4388733,3.4607456
ProtT5-XL,UMAP,seq_3814,0,1.8203492,1.724575
ProtT5-XL,UMAP,seq_3815,0,-3.7880683,5.3647165
ProtT5-XL,UMAP,seq_3816,0,-2.387698,5.62085
ProtT5-XL,UMAP,seq_3817,0,1.2705567,-0.15987064
ProtT5-XL,UMAP,seq_3818,0,1.4691337,-1.922363
ProtT5-XL,UMAP,seq_3819,0,0.8710961,5.473511
ProtT5-XL,UMAP,seq_3820,0,1.4504294,-2.5425117
ProtT5-XL,UMAP,seq_3821,0,1.7080673,-2.1756082
ProtT5-XL,UMAP,seq_3822,0,-1.809237,2.775165
ProtT5-XL,UMAP,seq_3823,0,2.9887354,3.1221132
ProtT5-XL,UMAP,seq_3824,0,-2.1823146,5.8504558
ProtT5-XL,UMAP,seq_3825,0,-2.9263003,5.714499
ProtT5-XL,UMAP,seq_3826,0,2.644838,1.8503608
ProtT5-XL,UMAP,seq_3827,0,-1.0441684,6.934921
ProtT5-XL,UMAP,seq_3828,0,-3.2027013,5.2112722
ProtT5-XL,UMAP,seq_3829,0,-2.5334144,3.411585
ProtT5-XL,UMAP,seq_3830,0,-0.5941199,4.316746
ProtT5-XL,UMAP,seq_3831,0,2.4082897,1.8976029
ProtT5-XL,UMAP,seq_3832,0,-3.7363327,0.5023147
ProtT5-XL,UMAP,seq_3833,0,-1.1011369,1.6794827
ProtT5-XL,UMAP,seq_3834,0,-1.1062138,0.60447824
ProtT5-XL,UMAP,seq_3835,0,0.9431314,1.7630525
ProtT5-XL,UMAP,seq_3836,0,-2.3621027,5.5981164
ProtT5-XL,UMAP,seq_3837,0,1.9626236,-0.2941198
ProtT5-XL,UMAP,seq_3838,0,3.3066254,3.3437781
ProtT5-XL,UMAP,seq_3839,0,0.18713099,3.4802308
ProtT5-XL,UMAP,seq_3840,0,-1.6068369,2.8701067
ProtT5-XL,UMAP,seq_3841,0,-1.4659892,2.8264432
ProtT5-XL,UMAP,seq_3842,0,-1.8577325,5.927472
ProtT5-XL,UMAP,seq_3843,0,-2.223013,6.024265
ProtT5-XL,UMAP,seq_3844,0,1.2640144,2.7843764
ProtT5-XL,UMAP,seq_3845,0,-2.8374434,4.586645
ProtT5-XL,UMAP,seq_3846,0,-3.102126,4.0642867
ProtT5-XL,UMAP,seq_3847,0,1.348484,0.5782548
ProtT5-XL,UMAP,seq_3848,0,-1.466404,4.7650175
ProtT5-XL,UMAP,seq_3849,0,1.4362696,-2.1531305
ProtT5-XL,UMAP,seq_3850,0,-2.376266,5.7108293
ProtT5-XL,UMAP,seq_3851,0,-0.10611715,4.8717613
ProtT5-XL,UMAP,seq_3852,0,1.2825228,-2.4279258
ProtT5-XL,UMAP,seq_3853,0,1.5547972,-2.9100072
ProtT5-XL,UMAP,seq_3854,0,0.14906251,7.699298
ProtT5-XL,UMAP,seq_3855,0,1.5231357,5.297464
ProtT5-XL,UMAP,seq_3856,0,1.933762,2.5524163
ProtT5-XL,UMAP,seq_3857,0,-0.47757927,6.302714
ProtT5-XL,UMAP,seq_3858,0,0.18420538,5.8473716
ProtT5-XL,UMAP,seq_3859,0,-3.130404,6.1703997
ProtT5-XL,UMAP,seq_3860,0,-3.136447,6.130672
ProtT5-XL,UMAP,seq_3861,0,-3.1534975,6.168649
ProtT5-XL,UMAP,seq_3862,0,-0.6874684,-0.12683272
ProtT5-XL,UMAP,seq_3863,0,-0.6581898,5.309321
ProtT5-XL,UMAP,seq_3864,0,1.5606761,-1.8132939
ProtT5-XL,UMAP,seq_3865,0,-0.18349157,4.526865
ProtT5-XL,UMAP,seq_3866,0,0.758267,1.0722902
ProtT5-XL,UMAP,seq_3867,0,0.6205209,5.411136
ProtT5-XL,UMAP,seq_3868,0,-1.923779,6.0464077
ProtT5-XL,UMAP,seq_3869,0,-2.7425363,5.550271
ProtT5-XL,UMAP,seq_3870,0,-3.6029825,-0.03936449
ProtT5-XL,UMAP,seq_3871,0,-0.7461074,5.9026923
ProtT5-XL,UMAP,seq_3872,0,-1.8155029,4.7688875
ProtT5-XL,UMAP,seq_3873,0,4.380481,-0.63319707
ProtT5-XL,UMAP,seq_3874,0,0.50656044,4.5137887
ProtT5-XL,UMAP,seq_3875,0,-3.5521226,0.07096086
ProtT5-XL,UMAP,seq_3876,0,-1.0455554,4.200241
ProtT5-XL,UMAP,seq_3877,0,0.48762807,-0.64586276
ProtT5-XL,UMAP,seq_3878,0,0.86010724,0.85884166
ProtT5-XL,UMAP,seq_3879,0,0.09061751,5.9608865
ProtT5-XL,UMAP,seq_3880,0,1.6497668,-2.6914735
ProtT5-XL,UMAP,seq_3881,0,-1.0330609,4.2622538
ProtT5-XL,UMAP,seq_3882,0,0.03167578,5.2703133
ProtT5-XL,UMAP,seq_3883,0,-2.216774,2.940006
ProtT5-XL,UMAP,seq_3884,0,0.17811346,4.530895
ProtT5-XL,UMAP,seq_3885,0,3.0261338,1.9453944
ProtT5-XL,UMAP,seq_3886,0,0.6376622,4.2241383
ProtT5-XL,UMAP,seq_3887,0,0.76371324,1.3154455
ProtT5-XL,UMAP,seq_3888,0,-0.41499853,6.7805862
ProtT5-XL,UMAP,seq_3889,0,0.8317638,-0.49362457
ProtT5-XL,UMAP,seq_3890,0,-1.1248605,4.35292
ProtT5-XL,UMAP,seq_3891,0,1.6568619,-2.3093674
ProtT5-XL,UMAP,seq_3892,0,-2.1460512,5.88319
ProtT5-XL,UMAP,seq_3893,0,-1.4904854,0.7292778
ProtT5-XL,UMAP,seq_3894,0,0.5081742,5.4508343
ProtT5-XL,UMAP,seq_3895,0,-9.295029,-4.473291
ProtT5-XL,UMAP,seq_3896,0,0.8164333,3.2018273
ProtT5-XL,UMAP,seq_3897,0,-2.5955045,4.8487577
ProtT5-XL,UMAP,seq_3898,0,3.444908,0.9947934
ProtT5-XL,UMAP,seq_3899,0,0.9248374,10.519536
ProtT5-XL,UMAP,seq_3900,0,-0.38751197,5.8198395
ProtT5-XL,UMAP,seq_3901,0,0.47568536,2.932055
ProtT5-XL,UMAP,seq_3902,0,1.217209,-2.2406957
ProtT5-XL,UMAP,seq_3903,0,-2.5850792,3.4825706
ProtT5-XL,UMAP,seq_3904,0,0.17690222,5.945463
ProtT5-XL,UMAP,seq_3905,0,-0.76627475,0.37822813
ProtT5-XL,UMAP,seq_3906,0,-3.3898742,3.9714146
ProtT5-XL,UMAP,seq_3907,0,-1.3808173,5.331876
ProtT5-XL,UMAP,seq_3908,0,-0.55126923,5.955
ProtT5-XL,UMAP,seq_3909,0,-0.53925925,5.9339795
ProtT5-XL,UMAP,seq_3910,0,-1.3778155,0.6322624
ProtT5-XL,UMAP,seq_3911,0,1.1591696,2.9331186
ProtT5-XL,UMAP,seq_3912,0,1.9785073,-0.2772099
ProtT5-XL,UMAP,seq_3913,0,-3.1470966,5.4639063
ProtT5-XL,UMAP,seq_3914,0,-2.5527108,4.770633
ProtT5-XL,UMAP,seq_3915,0,-2.634775,3.000448
ProtT5-XL,UMAP,seq_3916,0,-2.156144,5.738949
ProtT5-XL,UMAP,seq_3917,0,0.5757589,-1.0511043
ProtT5-XL,UMAP,seq_3918,0,1.7703917,0.6903393
ProtT5-XL,UMAP,seq_3919,0,0.38924223,0.21674925
ProtT5-XL,UMAP,seq_3920,0,0.1970691,-0.42986566
ProtT5-XL,UMAP,seq_3921,0,-1.6978108,4.8287644
ProtT5-XL,UMAP,seq_3922,0,-1.6985232,5.921763
ProtT5-XL,UMAP,seq_3923,0,-2.5473983,2.7714522
ProtT5-XL,UMAP,seq_3924,0,1.7677045,-2.2324955
ProtT5-XL,UMAP,seq_3925,0,1.1107389,0.7170967
ProtT5-XL,UMAP,seq_3926,0,1.7272022,1.6188391
ProtT5-XL,UMAP,seq_3927,0,0.8195655,1.0468087
ProtT5-XL,UMAP,seq_3928,0,-1.5618539,0.97312313
ProtT5-XL,UMAP,seq_3929,0,4.5481343,9.00304
ProtT5-XL,UMAP,seq_3930,0,1.591008,-2.276887
ProtT5-XL,UMAP,seq_3931,0,3.250255,-0.95099795
ProtT5-XL,UMAP,seq_3932,0,0.9335682,-0.6730992
ProtT5-XL,UMAP,seq_3933,0,-0.93233883,4.1677265
ProtT5-XL,UMAP,seq_3934,0,-0.07387151,0.46412805
ProtT5-XL,UMAP,seq_3935,0,-1.619352,1.0037719
ProtT5-XL,UMAP,seq_3936,0,-3.6303864,0.116540685
ProtT5-XL,UMAP,seq_3937,0,0.2272849,-0.24249965
ProtT5-XL,UMAP,seq_3938,0,1.2888676,-0.32503766
ProtT5-XL,UMAP,seq_3939,0,-1.8130734,4.539035
ProtT5-XL,UMAP,seq_3940,0,-0.8751417,-0.4959248
ProtT5-XL,UMAP,seq_3941,0,1.064653,0.16782798
ProtT5-XL,UMAP,seq_3942,0,2.941578,-1.1708171
ProtT5-XL,UMAP,seq_3943,0,-0.5078279,-1.2543471
ProtT5-XL,UMAP,seq_3944,0,-0.37642023,3.2247791
ProtT5-XL,UMAP,seq_3945,0,-0.77265424,-0.45162246
ProtT5-XL,UMAP,seq_3946,0,3.2554588,0.15549548
ProtT5-XL,UMAP,seq_3947,0,-0.34355196,5.716577
ProtT5-XL,UMAP,seq_3948,0,-0.8185204,1.9653196
ProtT5-XL,UMAP,seq_3949,0,-1.8739316,5.0035844
ProtT5-XL,UMAP,seq_3950,0,0.50922704,-0.28669274
ProtT5-XL,UMAP,seq_3951,0,-1.0346396,4.1186085
ProtT5-XL,UMAP,seq_3952,0,3.4602695,1.5545576
ProtT5-XL,UMAP,seq_3953,0,1.4621248,0.5747567
ProtT5-XL,UMAP,seq_3954,0,-0.7430408,-1.3398122
ProtT5-XL,UMAP,seq_3955,0,3.0411062,2.6379535
ProtT5-XL,UMAP,seq_3956,0,0.038795892,5.070217
ProtT5-XL,UMAP,seq_3957,0,0.009018996,-1.9709513
ProtT5-XL,UMAP,seq_3958,0,-2.0689714,4.590607
ProtT5-XL,UMAP,seq_3959,0,-2.3446805,4.216882
ProtT5-XL,UMAP,seq_3960,0,-0.56373984,-1.3146302
ProtT5-XL,UMAP,seq_3961,0,-2.6113992,4.243396
ProtT5-XL,UMAP,seq_3962,0,2.0858462,0.91712385
ProtT5-XL,UMAP,seq_3963,0,-0.34019557,7.293584
ProtT5-XL,UMAP,seq_3964,0,4.3263364,8.672143
ProtT5-XL,UMAP,seq_3965,0,-0.87048286,-0.13022615
ProtT5-XL,UMAP,seq_3966,0,1.1954654,10.521645
ProtT5-XL,UMAP,seq_3967,0,-0.46706486,7.519934
ProtT5-XL,UMAP,seq_3968,0,-1.0474757,2.886625
ProtT5-XL,UMAP,seq_3969,0,3.8015525,-0.5378652
ProtT5-XL,UMAP,seq_3970,0,-3.5279455,0.07193473
ProtT5-XL,UMAP,seq_3971,0,1.3752689,-2.3665876
ProtT5-XL,UMAP,seq_3972,0,1.4864494,1.520144
ProtT5-XL,UMAP,seq_3973,0,-1.156095,4.0799704
ProtT5-XL,UMAP,seq_3974,0,-1.5004237,0.7941461
ProtT5-XL,UMAP,seq_3975,0,-0.4173228,6.7099276
ProtT5-XL,UMAP,seq_3976,0,-2.316555,4.0411134
ProtT5-XL,UMAP,seq_3977,0,-1.3851886,1.096866
ProtT5-XL,UMAP,seq_3978,0,-0.119390205,0.76526546
ProtT5-XL,UMAP,seq_3979,0,0.060203712,7.5914645
ProtT5-XL,UMAP,seq_3980,0,-1.0085123,6.200562
ProtT5-XL,UMAP,seq_3981,0,2.075402,-0.10751163
ProtT5-XL,UMAP,seq_3982,0,-0.84076715,-0.0028767593
ProtT5-XL,UMAP,seq_3983,0,-3.747884,0.33683428
ProtT5-XL,UMAP,seq_3984,0,-1.6716127,2.8992202
ProtT5-XL,UMAP,seq_3985,0,-0.71233076,5.6135635
ProtT5-XL,UMAP,seq_3986,0,-3.6131196,0.6791026
ProtT5-XL,UMAP,seq_3987,0,0.23603322,3.6488307
ProtT5-XL,UMAP,seq_3988,0,-0.95776457,-0.41116866
ProtT5-XL,UMAP,seq_3989,0,-0.5715137,6.7458434
ProtT5-XL,UMAP,seq_3990,0,0.50390726,3.6840653
ProtT5-XL,UMAP,seq_3991,0,0.5641595,3.0993972
ProtT5-XL,UMAP,seq_3992,0,-3.604481,0.09163909
ProtT5-XL,UMAP,seq_3993,0,-1.5294825,0.8541558
ProtT5-XL,UMAP,seq_3994,0,-1.3837557,0.7853536
ProtT5-XL,UMAP,seq_3995,0,1.2058903,10.53121
ProtT5-XL,UMAP,seq_3996,0,-1.7083758,0.6502404
ProtT5-XL,UMAP,seq_3997,0,-1.7561085,0.1957766
ProtT5-XL,UMAP,seq_3998,0,-0.39679578,-0.8974792
ProtT5-XL,UMAP,seq_3999,0,1.3195807,0.5507579
ProtT5-XL,UMAP,seq_4000,0,-1.0923358,1.4657618
ProtT5-XL,UMAP,seq_4001,0,-1.8007805,0.69111943
ProtT5-XL,UMAP,seq_4002,0,0.45596302,3.0185971
ProtT5-XL,UMAP,seq_4003,0,0.82734686,5.1772265
ProtT5-XL,UMAP,seq_4004,0,-1.341996,0.5537127
ProtT5-XL,UMAP,seq_4005,0,0.12227176,6.406654
ProtT5-XL,UMAP,seq_4006,0,-1.3364934,1.0804034
ProtT5-XL,UMAP,seq_4007,0,1.3026197,0.78119093
ProtT5-XL,UMAP,seq_4008,0,-1.388842,0.32014355
ProtT5-XL,UMAP,seq_4009,0,-1.7541826,0.62046427
ProtT5-XL,UMAP,seq_4010,0,-0.9383795,0.4972142
ProtT5-XL,UMAP,seq_4011,0,-1.0917784,-0.073690504
ProtT5-XL,UMAP,seq_4012,0,0.6594858,2.485659
ProtT5-XL,UMAP,seq_4013,0,-0.07707154,3.2876291
ProtT5-XL,UMAP,seq_4014,0,0.6429604,0.4323465
ProtT5-XL,UMAP,seq_4015,0,1.4681079,1.3964092
ProtT5-XL,UMAP,seq_4016,0,-3.6884177,0.4389013
ProtT5-XL,UMAP,seq_4017,0,-0.14582852,0.9905393
ProtT5-XL,UMAP,seq_4018,0,0.33011147,3.1499035
ProtT5-XL,UMAP,seq_4019,0,-1.7649518,2.599753
ProtT5-XL,UMAP,seq_4020,0,-1.556294,0.9180287
ProtT5-XL,UMAP,seq_4021,0,-0.76253074,4.480013
ProtT5-XL,UMAP,seq_4022,0,-2.7777221,4.3753433
ProtT5-XL,UMAP,seq_4023,0,-0.835361,3.6194263
ProtT5-XL,UMAP,seq_4024,0,-1.7595392,4.701002
ProtT5-XL,UMAP,seq_4025,0,0.2346823,3.8510273
ProtT5-XL,UMAP,seq_4026,0,-2.1993978,4.2710013
ProtT5-XL,UMAP,seq_4027,0,0.7834436,3.7597504
ProtT5-XL,UMAP,seq_4028,0,4.000008,1.3882383
ProtT5-XL,UMAP,seq_4029,0,-0.6634025,5.5339103
ProtT5-XL,UMAP,seq_4030,0,0.18509564,-0.31206736
ProtT5-XL,UMAP,seq_4031,0,-1.586386,0.8025543
ProtT5-XL,UMAP,seq_4032,0,0.15320706,-0.19142589
ProtT5-XL,UMAP,seq_4033,0,1.1595291,0.50487846
ProtT5-XL,UMAP,seq_4034,0,1.8832754,1.5578849
ProtT5-XL,UMAP,seq_4035,0,-1.982632,4.317854
ProtT5-XL,UMAP,seq_4036,0,-3.6041288,0.07320656
ProtT5-XL,UMAP,seq_4037,0,-0.63615566,0.34581867
ProtT5-XL,UMAP,seq_4038,0,-0.5583307,0.30805075
ProtT5-XL,UMAP,seq_4039,0,-5.4856105,6.0863194
ProtT5-XL,UMAP,seq_4040,0,0.8085793,-0.027877312
ProtT5-XL,UMAP,seq_4041,0,0.101225086,-0.80999947
ProtT5-XL,UMAP,seq_4042,0,-1.6267992,4.432391
ProtT5-XL,UMAP,seq_4043,0,-0.94711745,-0.60346854
ProtT5-XL,UMAP,seq_4044,0,-0.5756892,5.392657
ProtT5-XL,UMAP,seq_4045,0,1.5721085,-2.8215296
ProtT5-XL,UMAP,seq_4046,0,0.90963423,0.2592741
ProtT5-XL,UMAP,seq_4047,0,-0.0051442105,-0.63288563
ProtT5-XL,UMAP,seq_4048,0,2.978172,0.2932689
ProtT5-XL,UMAP,seq_4049,0,-0.21773301,0.0428777
ProtT5-XL,UMAP,seq_4050,0,-1.1740648,-0.36551017
ProtT5-XL,UMAP,seq_4051,0,-0.3945097,0.34122166
ProtT5-XL,UMAP,seq_4052,0,-1.2728385,0.0052304417
ProtT5-XL,UMAP,seq_4053,0,-0.71870583,-0.49446347
ProtT5-XL,UMAP,seq_4054,0,-0.8383736,-0.12669724
ProtT5-XL,UMAP,seq_4055,0,1.039443,0.9086866
ProtT5-XL,UMAP,seq_4056,0,0.038852215,2.9499912
ProtT5-XL,UMAP,seq_4057,0,-2.1374369,4.302323
ProtT5-XL,UMAP,seq_4058,0,1.8763934,1.6773382
ProtT5-XL,UMAP,seq_4059,0,0.90061015,-0.045502152
ProtT5-XL,UMAP,seq_4060,0,0.9694949,1.6079718
ProtT5-XL,UMAP,seq_4061,0,-0.7058581,3.4866278
ProtT5-XL,UMAP,seq_4062,0,0.65835065,-0.49710274
ProtT5-XL,UMAP,seq_4063,0,0.5613425,-0.5938496
ProtT5-XL,UMAP,seq_4064,0,0.63136953,-0.43525326
ProtT5-XL,UMAP,seq_4065,0,-0.35645214,-0.656946
ProtT5-XL,UMAP,seq_4066,0,-0.79726005,0.48058584
ProtT5-XL,UMAP,seq_4067,0,-0.9101586,0.42951638
ProtT5-XL,UMAP,seq_4068,0,-0.8401547,-0.70040315
ProtT5-XL,UMAP,seq_4069,0,1.0294299,-0.51804155
ProtT5-XL,UMAP,seq_4070,0,0.81256807,-0.69492984
ProtT5-XL,UMAP,seq_4071,0,3.6105287,-1.2850293
ProtT5-XL,UMAP,seq_4072,0,-0.3362661,-0.62803453
ProtT5-XL,UMAP,seq_4073,0,-3.581244,0.0678735
ProtT5-XL,UMAP,seq_4074,0,3.130304,-0.66167283
ProtT5-XL,UMAP,seq_4075,0,-1.2957956,0.527672
ProtT5-XL,UMAP,seq_4076,0,0.16932678,-0.010684837
ProtT5-XL,UMAP,seq_4077,0,-0.88823646,-0.6390456
ProtT5-XL,UMAP,seq_4078,0,-0.77906513,-0.023639059
ProtT5-XL,UMAP,seq_4079,0,0.1934536,-0.7578955
ProtT5-XL,UMAP,seq_4080,0,-3.4556525,-0.11157835
ProtT5-XL,UMAP,seq_4081,0,-0.4882331,-0.30978736
ProtT5-XL,UMAP,seq_4082,0,-0.19759111,-0.7018875
ProtT5-XL,UMAP,seq_4083,0,0.17769353,-1.4185607
ProtT5-XL,UMAP,seq_4084,0,-3.737307,0.07636304
ProtT5-XL,UMAP,seq_4085,0,3.2123587,-0.60471827
ProtT5-XL,UMAP,seq_4086,0,-0.5319149,-0.7693751
ProtT5-XL,UMAP,seq_4087,0,0.39242592,-0.66488814
ProtT5-XL,UMAP,seq_4088,0,-0.09068086,-1.099864
ProtT5-XL,UMAP,seq_4089,0,-0.31578216,-0.6385739
ProtT5-XL,UMAP,seq_4090,0,-0.13317011,-0.3370185
ProtT5-XL,UMAP,seq_4091,0,0.6881361,-0.947156
ProtT5-XL,UMAP,seq_4092,0,0.120953076,-1.4003153
ProtT5-XL,UMAP,seq_4093,0,1.3506838,0.13434777
ProtT5-XL,UMAP,seq_4094,0,0.81647456,0.106895484
ProtT5-XL,UMAP,seq_4095,0,3.2093291,-0.60859376
ProtT5-XL,UMAP,seq_4096,0,0.042793185,-0.81503695
ProtT5-XL,UMAP,seq_4097,0,0.48242867,-0.37193057
ProtT5-XL,UMAP,seq_4098,0,0.027590554,-1.4204516
ProtT5-XL,UMAP,seq_4099,0,-3.5476096,-0.011097769
ProtT5-XL,UMAP,seq_4100,0,0.39284438,-0.67015314
ProtT5-XL,UMAP,seq_4101,0,-0.293275,-0.9161292
ProtT5-XL,UMAP,seq_4102,0,0.8343386,-0.7517017
ProtT5-XL,UMAP,seq_4103,0,-0.74085957,-0.10995766
ProtT5-XL,UMAP,seq_4104,0,2.0259798,0.5049756
ProtT5-XL,UMAP,seq_4105,0,-0.8245009,0.79139394
ProtT5-XL,UMAP,seq_4106,0,-0.05365519,3.4862094
ProtT5-XL,UMAP,seq_4107,0,-1.58571,4.3869376
ProtT5-XL,UMAP,seq_4108,0,-0.46507698,4.0144277
ProtT5-XL,UMAP,seq_4109,0,-5.529949,6.101757
ProtT5-XL,UMAP,seq_4110,0,-1.0031544,6.489576
ProtT5-XL,UMAP,seq_4111,0,0.8340462,1.0124438
ProtT5-XL,UMAP,seq_4112,0,-0.18396562,7.709099
ProtT5-XL,UMAP,seq_4113,0,-0.6598592,0.098626636
ProtT5-XL,UMAP,seq_4114,0,1.0887089,3.7418692
ProtT5-XL,UMAP,seq_4115,0,0.3390789,0.80221385
ProtT5-XL,UMAP,seq_4116,0,-1.9163234,4.4525514
ProtT5-XL,UMAP,seq_4117,0,0.69289273,-0.2523544
ProtT5-XL,UMAP,seq_4118,0,-2.7210388,4.945671
ProtT5-XL,UMAP,seq_4119,0,1.0659517,1.93753
ProtT5-XL,UMAP,seq_4120,0,0.5355309,3.7141035
ProtT5-XL,UMAP,seq_4121,0,4.142291,1.7365118
ProtT5-XL,UMAP,seq_4122,0,-1.5554786,-0.15731242
ProtT5-XL,UMAP,seq_4123,0,-2.7729192,4.350202
ProtT5-XL,UMAP,seq_4124,0,-0.82445896,1.7017288
ProtT5-XL,UMAP,seq_4125,0,-1.7373027,0.5031278
ProtT5-XL,UMAP,seq_4126,0,0.29842055,0.94096386
ProtT5-XL,UMAP,seq_4127,0,0.6981095,2.4962006
ProtT5-XL,UMAP,seq_4128,0,-1.3053094,1.2008867
ProtT5-XL,UMAP,seq_4129,0,3.6413617,1.265439
ProtT5-XL,UMAP,seq_4130,0,-0.5366746,11.699492
ProtT5-XL,UMAP,seq_4131,0,1.3720889,0.38758639
ProtT5-XL,UMAP,seq_4132,0,-0.3689646,6.6873465
ProtT5-XL,UMAP,seq_4133,0,-0.86698836,0.02034058
ProtT5-XL,UMAP,seq_4134,0,-2.2853827,4.3584037
ProtT5-XL,UMAP,seq_4135,0,1.2873479,0.93761986
ProtT5-XL,UMAP,seq_4136,0,-1.3057551,1.2432545
ProtT5-XL,UMAP,seq_4137,0,-2.727225,4.307855
ProtT5-XL,UMAP,seq_4138,0,1.3543633,0.9195097
ProtT5-XL,UMAP,seq_4139,0,0.3810672,3.8273358
ProtT5-XL,UMAP,seq_4140,0,-1.6872566,0.28932223
ProtT5-XL,UMAP,seq_4141,0,0.30373862,3.5902445
ProtT5-XL,UMAP,seq_4142,0,1.6678202,1.9343941
ProtT5-XL,UMAP,seq_4143,0,0.6869256,1.0501952
ProtT5-XL,UMAP,seq_4144,0,1.2451231,0.69639003
ProtT5-XL,UMAP,seq_4145,0,1.5003502,1.0914103
ProtT5-XL,UMAP,seq_4146,0,-1.3875171,0.97242975
ProtT5-XL,UMAP,seq_4147,0,0.4026544,0.9076834
ProtT5-XL,UMAP,seq_4148,0,0.06698705,3.7812881
ProtT5-XL,UMAP,seq_4149,0,-0.13950925,0.29434934
ProtT5-XL,UMAP,seq_4150,0,1.2934232,0.2725458
ProtT5-XL,UMAP,seq_4151,0,-0.76759315,1.9565951
ProtT5-XL,UMAP,seq_4152,0,0.6355016,2.601853
ProtT5-XL,UMAP,seq_4153,0,-3.7288806,0.25182647
ProtT5-XL,UMAP,seq_4154,0,1.0537499,0.6386425
ProtT5-XL,UMAP,seq_4155,0,0.014393103,-1.9805213
ProtT5-XL,UMAP,seq_4156,0,-0.20357005,0.42059138
ProtT5-XL,UMAP,seq_4157,0,-1.65527,0.5191744
ProtT5-XL,UMAP,seq_4158,0,-0.33248475,5.284151
ProtT5-XL,UMAP,seq_4159,0,1.3986375,0.34764698
ProtT5-XL,UMAP,seq_4160,0,-2.0486531,4.136239
ProtT5-XL,UMAP,seq_4161,0,1.9290093,0.25381178
ProtT5-XL,UMAP,seq_4162,0,1.4568957,1.1862253
ProtT5-XL,UMAP,seq_4163,0,0.9111065,-0.45775372
ProtT5-XL,UMAP,seq_4164,0,-1.2492489,1.2588075
ProtT5-XL,UMAP,seq_4165,0,1.25826,0.48341393
ProtT5-XL,UMAP,seq_4166,0,-1.7161787,0.4111775
ProtT5-XL,UMAP,seq_4167,0,-1.4683299,0.876247
ProtT5-XL,UMAP,seq_4168,0,2.3376296,-0.7358466
ProtT5-XL,UMAP,seq_4169,0,2.9116848,-0.46853474
ProtT5-XL,UMAP,seq_4170,0,3.67438,-0.65330917
ProtT5-XL,UMAP,seq_4171,0,-2.548629,0.032170516
ProtT5-XL,UMAP,seq_4172,0,-0.8901822,4.648432
ProtT5-XL,UMAP,seq_4173,0,-1.1961418,0.5219904
ProtT5-XL,UMAP,seq_4174,0,4.615802,-0.5140494
ProtT5-XL,UMAP,seq_4175,0,0.5632985,2.9470077
ProtT5-XL,UMAP,seq_4176,0,-1.1091264,0.39054316
ProtT5-XL,UMAP,seq_4177,0,0.81941015,-0.07403212
ProtT5-XL,UMAP,seq_4178,0,-0.579676,-0.11930227
ProtT5-XL,UMAP,seq_4179,0,0.029843355,-1.9281335
ProtT5-XL,UMAP,seq_4180,0,-0.090140335,5.592064
ProtT5-XL,UMAP,seq_4181,0,0.8379031,2.461224
ProtT5-XL,UMAP,seq_4182,0,-3.5552769,0.10063304
ProtT5-XL,UMAP,seq_4183,0,0.386433,5.7082005
ProtT5-XL,UMAP,seq_4184,0,-1.8081164,0.47148016
ProtT5-XL,UMAP,seq_4185,0,-1.3856665,0.65819323
ProtT5-XL,UMAP,seq_4186,0,-2.9232204,4.0896316
ProtT5-XL,UMAP,seq_4187,0,-3.4579113,0.119719684
ProtT5-XL,UMAP,seq_4188,0,-0.6516843,6.7473507
ProtT5-XL,UMAP,seq_4189,0,0.45639127,0.01862148
ProtT5-XL,UMAP,seq_4190,0,-0.4905856,-0.47604677
ProtT5-XL,UMAP,seq_4191,0,1.8686897,2.6103563
ProtT5-XL,UMAP,seq_4192,0,-0.14181101,3.0843022
ProtT5-XL,UMAP,seq_4193,0,-1.3599867,0.25199535
Ankh2-ext1,UMAP,seq_1,1,12.981072,3.2531438
Ankh2-ext1,UMAP,seq_2,1,11.667097,4.460783
Ankh2-ext1,UMAP,seq_3,1,-6.30936,9.098078
Ankh2-ext1,UMAP,seq_4,1,11.415953,4.535422
Ankh2-ext1,UMAP,seq_5,1,11.360261,4.594732
Ankh2-ext1,UMAP,seq_6,1,11.330583,4.624009
Ankh2-ext1,UMAP,seq_7,1,11.3493595,4.5973244
Ankh2-ext1,UMAP,seq_8,1,11.34203,4.5857277
Ankh2-ext1,UMAP,seq_9,1,11.395066,4.5530124
Ankh2-ext1,UMAP,seq_10,1,11.4980135,4.519675
Ankh2-ext1,UMAP,seq_11,1,11.324264,4.5378838
Ankh2-ext1,UMAP,seq_12,1,11.455353,4.4997516
Ankh2-ext1,UMAP,seq_13,1,12.363768,4.4456472
Ankh2-ext1,UMAP,seq_14,1,11.064298,4.439967
Ankh2-ext1,UMAP,seq_15,1,13.040773,1.808371
Ankh2-ext1,UMAP,seq_16,1,12.043937,4.5920687
Ankh2-ext1,UMAP,seq_17,1,12.085786,4.6008267
Ankh2-ext1,UMAP,seq_18,1,11.98183,4.6272078
Ankh2-ext1,UMAP,seq_19,1,11.970161,4.609291
Ankh2-ext1,UMAP,seq_20,1,12.009636,4.6163697
Ankh2-ext1,UMAP,seq_21,1,11.436562,4.544596
Ankh2-ext1,UMAP,seq_22,1,12.3024645,4.4257793
Ankh2-ext1,UMAP,seq_23,1,11.396358,4.5859976
Ankh2-ext1,UMAP,seq_24,1,11.437308,4.526357
Ankh2-ext1,UMAP,seq_25,1,11.887375,3.6157327
Ankh2-ext1,UMAP,seq_26,1,13.194548,19.668276
Ankh2-ext1,UMAP,seq_27,1,13.192662,19.668161
Ankh2-ext1,UMAP,seq_28,1,11.663386,4.4510336
Ankh2-ext1,UMAP,seq_29,1,11.002336,4.400431
Ankh2-ext1,UMAP,seq_30,1,12.983214,20.172747
Ankh2-ext1,UMAP,seq_31,1,7.3553033,8.057273
Ankh2-ext1,UMAP,seq_32,1,-5.598313,7.8059216
Ankh2-ext1,UMAP,seq_33,1,11.30285,4.441858
Ankh2-ext1,UMAP,seq_34,1,9.807501,18.952007
Ankh2-ext1,UMAP,seq_35,1,10.226615,18.57432
Ankh2-ext1,UMAP,seq_36,1,9.676517,18.8378
Ankh2-ext1,UMAP,seq_37,1,11.119041,5.00698
Ankh2-ext1,UMAP,seq_38,1,12.587136,3.747767
Ankh2-ext1,UMAP,seq_39,1,11.737508,4.421991
Ankh2-ext1,UMAP,seq_40,1,8.942669,8.554824
Ankh2-ext1,UMAP,seq_41,1,11.338523,4.565486
Ankh2-ext1,UMAP,seq_42,1,11.290273,4.5723796
Ankh2-ext1,UMAP,seq_43,1,11.40763,4.5207634
Ankh2-ext1,UMAP,seq_44,1,11.366922,4.544235
Ankh2-ext1,UMAP,seq_45,1,-5.174742,9.786519
Ankh2-ext1,UMAP,seq_46,1,-4.9762697,9.842104
Ankh2-ext1,UMAP,seq_47,1,-5.1606503,9.783154
Ankh2-ext1,UMAP,seq_48,1,-5.195585,9.818279
Ankh2-ext1,UMAP,seq_49,1,-5.161909,9.791866
Ankh2-ext1,UMAP,seq_50,1,11.464212,4.522975
Ankh2-ext1,UMAP,seq_51,1,11.802975,3.6705396
Ankh2-ext1,UMAP,seq_52,1,10.471499,3.9152958
Ankh2-ext1,UMAP,seq_53,1,10.58905,4.0377755
Ankh2-ext1,UMAP,seq_54,1,10.593906,4.0044575
Ankh2-ext1,UMAP,seq_55,1,10.627818,4.0526834
Ankh2-ext1,UMAP,seq_56,1,10.6082535,4.0369725
Ankh2-ext1,UMAP,seq_57,1,10.634967,4.0581546
Ankh2-ext1,UMAP,seq_58,1,10.608034,4.0556736
Ankh2-ext1,UMAP,seq_59,1,10.614163,4.046161
Ankh2-ext1,UMAP,seq_60,1,10.439159,3.8934698
Ankh2-ext1,UMAP,seq_61,1,10.590026,4.0106664
Ankh2-ext1,UMAP,seq_62,1,10.407989,3.913553
Ankh2-ext1,UMAP,seq_63,1,10.53128,3.95679
Ankh2-ext1,UMAP,seq_64,1,10.561319,3.989327
Ankh2-ext1,UMAP,seq_65,1,10.503387,3.936198
Ankh2-ext1,UMAP,seq_66,1,10.553699,3.973096
Ankh2-ext1,UMAP,seq_67,1,10.467076,3.8866718
Ankh2-ext1,UMAP,seq_68,1,10.457017,3.9050012
Ankh2-ext1,UMAP,seq_69,1,10.469769,3.8985667
Ankh2-ext1,UMAP,seq_70,1,10.484913,3.8786724
Ankh2-ext1,UMAP,seq_71,1,10.4472065,3.8908453
Ankh2-ext1,UMAP,seq_72,1,10.450213,3.8826885
Ankh2-ext1,UMAP,seq_73,1,10.542478,3.9521058
Ankh2-ext1,UMAP,seq_74,1,10.5669,3.9841955
Ankh2-ext1,UMAP,seq_75,1,10.562709,3.97826
Ankh2-ext1,UMAP,seq_76,1,10.428669,3.8686461
Ankh2-ext1,UMAP,seq_77,1,10.586576,4.0012965
Ankh2-ext1,UMAP,seq_78,1,10.474154,3.8955207
Ankh2-ext1,UMAP,seq_79,1,10.53567,3.9621444
Ankh2-ext1,UMAP,seq_80,1,10.519554,3.9272556
Ankh2-ext1,UMAP,seq_81,1,10.522276,3.9053233
Ankh2-ext1,UMAP,seq_82,1,10.545578,3.963751
Ankh2-ext1,UMAP,seq_83,1,10.433069,3.8648114
Ankh2-ext1,UMAP,seq_84,1,10.463858,3.920717
Ankh2-ext1,UMAP,seq_85,1,10.653035,4.0691695
Ankh2-ext1,UMAP,seq_86,1,10.594165,4.033712
Ankh2-ext1,UMAP,seq_87,1,10.436487,3.8691456
Ankh2-ext1,UMAP,seq_88,1,10.4733305,3.91517
Ankh2-ext1,UMAP,seq_89,1,10.471068,3.8912318
Ankh2-ext1,UMAP,seq_90,1,10.514542,3.922149
Ankh2-ext1,UMAP,seq_91,1,9.678182,18.848043
Ankh2-ext1,UMAP,seq_92,1,13.086542,11.382512
Ankh2-ext1,UMAP,seq_93,1,11.702274,4.487537
Ankh2-ext1,UMAP,seq_94,1,15.550682,7.2067842
Ankh2-ext1,UMAP,seq_95,1,12.357873,19.249886
Ankh2-ext1,UMAP,seq_96,1,12.345566,19.236753
Ankh2-ext1,UMAP,seq_97,1,11.401581,19.03879
Ankh2-ext1,UMAP,seq_98,1,8.183018,5.981443
Ankh2-ext1,UMAP,seq_99,1,12.356676,19.248266
Ankh2-ext1,UMAP,seq_100,1,12.363297,19.252535
Ankh2-ext1,UMAP,seq_101,1,12.291882,19.21056
Ankh2-ext1,UMAP,seq_102,1,8.706955,10.549444
Ankh2-ext1,UMAP,seq_103,1,13.58292,19.623543
Ankh2-ext1,UMAP,seq_104,1,-4.3093452,7.779008
Ankh2-ext1,UMAP,seq_105,1,-4.3207917,7.7860055
Ankh2-ext1,UMAP,seq_106,1,-4.3182826,7.7851677
Ankh2-ext1,UMAP,seq_107,1,-4.31029,7.779884
Ankh2-ext1,UMAP,seq_108,1,11.719667,18.990793
Ankh2-ext1,UMAP,seq_109,1,15.908471,5.5430384
Ankh2-ext1,UMAP,seq_110,1,24.319601,11.611326
Ankh2-ext1,UMAP,seq_111,1,24.315912,11.607564
Ankh2-ext1,UMAP,seq_112,1,12.870432,4.674385
Ankh2-ext1,UMAP,seq_113,1,12.132185,4.541155
Ankh2-ext1,UMAP,seq_114,1,11.934476,3.5336852
Ankh2-ext1,UMAP,seq_115,1,11.289174,18.358612
Ankh2-ext1,UMAP,seq_116,1,9.191963,6.7062383
Ankh2-ext1,UMAP,seq_117,1,7.858949,9.67168
Ankh2-ext1,UMAP,seq_118,1,7.856743,9.640763
Ankh2-ext1,UMAP,seq_119,1,11.273913,18.363117
Ankh2-ext1,UMAP,seq_120,1,11.419719,19.057007
Ankh2-ext1,UMAP,seq_121,1,11.300674,18.379566
Ankh2-ext1,UMAP,seq_122,1,11.8859825,18.893347
Ankh2-ext1,UMAP,seq_123,1,9.127033,5.2016053
Ankh2-ext1,UMAP,seq_124,1,9.121762,5.187133
Ankh2-ext1,UMAP,seq_125,1,11.695715,18.98918
Ankh2-ext1,UMAP,seq_126,1,12.372671,19.261007
Ankh2-ext1,UMAP,seq_127,1,12.657833,7.6759257
Ankh2-ext1,UMAP,seq_128,1,-4.319306,7.785659
Ankh2-ext1,UMAP,seq_129,1,11.28602,18.345398
Ankh2-ext1,UMAP,seq_130,1,9.129191,5.1939325
Ankh2-ext1,UMAP,seq_131,1,9.123721,5.1789136
Ankh2-ext1,UMAP,seq_132,1,8.155389,5.9404464
Ankh2-ext1,UMAP,seq_133,1,13.279139,19.648474
Ankh2-ext1,UMAP,seq_134,1,-4.304986,7.7760005
Ankh2-ext1,UMAP,seq_135,1,12.260135,19.19138
Ankh2-ext1,UMAP,seq_136,1,13.639524,19.588655
Ankh2-ext1,UMAP,seq_137,1,11.780623,6.712177
Ankh2-ext1,UMAP,seq_138,1,10.976239,11.896271
Ankh2-ext1,UMAP,seq_139,1,11.822735,10.004586
Ankh2-ext1,UMAP,seq_140,1,11.80494,10.01411
Ankh2-ext1,UMAP,seq_141,1,9.657655,19.157833
Ankh2-ext1,UMAP,seq_142,1,8.242057,7.9912577
Ankh2-ext1,UMAP,seq_143,1,13.173343,19.722189
Ankh2-ext1,UMAP,seq_144,1,9.18052,6.6623964
Ankh2-ext1,UMAP,seq_145,1,11.704412,19.027328
Ankh2-ext1,UMAP,seq_146,1,11.679196,19.02396
Ankh2-ext1,UMAP,seq_147,1,8.615361,7.6614094
Ankh2-ext1,UMAP,seq_148,1,9.131543,7.697018
Ankh2-ext1,UMAP,seq_149,1,10.505612,5.9305034
Ankh2-ext1,UMAP,seq_150,1,11.299015,18.364256
Ankh2-ext1,UMAP,seq_151,1,8.947754,6.6184645
Ankh2-ext1,UMAP,seq_152,1,-6.7220583,9.137645
Ankh2-ext1,UMAP,seq_153,1,-4.670003,10.488634
Ankh2-ext1,UMAP,seq_154,1,-4.647547,10.500806
Ankh2-ext1,UMAP,seq_155,1,9.660756,7.744696
Ankh2-ext1,UMAP,seq_156,1,10.096827,18.726313
Ankh2-ext1,UMAP,seq_157,1,9.791974,7.0494113
Ankh2-ext1,UMAP,seq_158,1,8.173935,5.9750886
Ankh2-ext1,UMAP,seq_159,1,24.515688,11.806425
Ankh2-ext1,UMAP,seq_160,1,24.547974,11.838463
Ankh2-ext1,UMAP,seq_161,1,24.539494,11.829833
Ankh2-ext1,UMAP,seq_162,1,9.651919,7.0535984
Ankh2-ext1,UMAP,seq_163,1,12.926703,3.992097
Ankh2-ext1,UMAP,seq_164,1,12.761192,2.862381
Ankh2-ext1,UMAP,seq_165,1,12.699149,2.706322
Ankh2-ext1,UMAP,seq_166,1,-5.1481233,9.049801
Ankh2-ext1,UMAP,seq_167,1,8.426831,7.023879
Ankh2-ext1,UMAP,seq_168,1,13.028789,20.006733
Ankh2-ext1,UMAP,seq_169,1,8.940868,6.5959897
Ankh2-ext1,UMAP,seq_170,1,-5.1384897,9.066234
Ankh2-ext1,UMAP,seq_171,1,-5.1472836,9.046047
Ankh2-ext1,UMAP,seq_172,1,-5.1316867,9.060665
Ankh2-ext1,UMAP,seq_173,1,-5.130749,9.053035
Ankh2-ext1,UMAP,seq_174,1,-5.1630654,9.062981
Ankh2-ext1,UMAP,seq_175,1,-5.145057,9.056045
Ankh2-ext1,UMAP,seq_176,1,11.255356,19.034227
Ankh2-ext1,UMAP,seq_177,1,10.986051,11.910054
Ankh2-ext1,UMAP,seq_178,1,12.96621,8.411938
Ankh2-ext1,UMAP,seq_179,1,15.882793,5.5686054
Ankh2-ext1,UMAP,seq_180,1,12.94192,8.267466
Ankh2-ext1,UMAP,seq_181,1,12.715331,5.5227356
Ankh2-ext1,UMAP,seq_182,1,11.991013,8.661575
Ankh2-ext1,UMAP,seq_183,1,10.101077,18.735773
Ankh2-ext1,UMAP,seq_184,1,10.682793,19.097021
Ankh2-ext1,UMAP,seq_185,1,9.246694,7.5550036
Ankh2-ext1,UMAP,seq_186,1,10.697666,19.110224
Ankh2-ext1,UMAP,seq_187,1,10.680688,19.093353
Ankh2-ext1,UMAP,seq_188,1,10.683987,19.090714
Ankh2-ext1,UMAP,seq_189,1,7.902556,22.601849
Ankh2-ext1,UMAP,seq_190,1,10.669855,19.092855
Ankh2-ext1,UMAP,seq_191,1,13.183593,19.691479
Ankh2-ext1,UMAP,seq_192,1,9.61396,19.191063
Ankh2-ext1,UMAP,seq_193,1,10.136293,18.69078
Ankh2-ext1,UMAP,seq_194,1,10.090972,18.714104
Ankh2-ext1,UMAP,seq_195,1,12.887071,4.071992
Ankh2-ext1,UMAP,seq_196,1,10.773913,18.071764
Ankh2-ext1,UMAP,seq_197,1,13.333309,9.066061
Ankh2-ext1,UMAP,seq_198,1,10.11789,18.719032
Ankh2-ext1,UMAP,seq_199,1,9.831072,18.929663
Ankh2-ext1,UMAP,seq_200,1,11.285433,19.033373
Ankh2-ext1,UMAP,seq_201,1,14.258454,8.583737
Ankh2-ext1,UMAP,seq_202,1,14.270926,8.519419
Ankh2-ext1,UMAP,seq_203,1,14.290218,8.561294
Ankh2-ext1,UMAP,seq_204,1,14.254654,8.534418
Ankh2-ext1,UMAP,seq_205,1,13.640718,19.602398
Ankh2-ext1,UMAP,seq_206,1,13.656806,19.591599
Ankh2-ext1,UMAP,seq_207,1,13.644421,19.600164
Ankh2-ext1,UMAP,seq_208,1,13.685898,19.582584
Ankh2-ext1,UMAP,seq_209,1,13.648797,19.58965
Ankh2-ext1,UMAP,seq_210,1,-4.355116,7.813803
Ankh2-ext1,UMAP,seq_211,1,8.477158,8.383291
Ankh2-ext1,UMAP,seq_212,1,11.723414,18.989965
Ankh2-ext1,UMAP,seq_213,1,9.646452,19.153013
Ankh2-ext1,UMAP,seq_214,1,8.161813,7.7950816
Ankh2-ext1,UMAP,seq_215,1,8.205103,7.863284
Ankh2-ext1,UMAP,seq_216,1,7.8695436,9.654553
Ankh2-ext1,UMAP,seq_217,1,-4.31846,7.7886195
Ankh2-ext1,UMAP,seq_218,1,-4.3000765,7.776037
Ankh2-ext1,UMAP,seq_219,1,8.210948,10.09324
Ankh2-ext1,UMAP,seq_220,1,12.283441,19.209938
Ankh2-ext1,UMAP,seq_221,1,8.240727,6.8815413
Ankh2-ext1,UMAP,seq_222,1,10.520459,5.9177947
Ankh2-ext1,UMAP,seq_223,1,15.910924,5.5435266
Ankh2-ext1,UMAP,seq_224,1,9.700183,19.042488
Ankh2-ext1,UMAP,seq_225,1,-5.139879,9.013775
Ankh2-ext1,UMAP,seq_226,1,-5.159154,9.064726
Ankh2-ext1,UMAP,seq_227,1,-5.14854,9.030584
Ankh2-ext1,UMAP,seq_228,1,-5.1406784,9.036651
Ankh2-ext1,UMAP,seq_229,1,-5.141821,9.023202
Ankh2-ext1,UMAP,seq_230,1,-5.144022,9.011209
Ankh2-ext1,UMAP,seq_231,1,-5.1280184,9.010493
Ankh2-ext1,UMAP,seq_232,1,-5.1316013,9.013938
Ankh2-ext1,UMAP,seq_233,1,-5.1108007,8.985858
Ankh2-ext1,UMAP,seq_234,1,-5.152105,8.984504
Ankh2-ext1,UMAP,seq_235,1,24.348734,11.640455
Ankh2-ext1,UMAP,seq_236,1,-5.1037006,9.131084
Ankh2-ext1,UMAP,seq_237,1,11.707962,18.98876
Ankh2-ext1,UMAP,seq_238,1,11.425671,19.029158
Ankh2-ext1,UMAP,seq_239,1,10.104603,18.718695
Ankh2-ext1,UMAP,seq_240,1,-5.164006,8.989541
Ankh2-ext1,UMAP,seq_241,1,7.879461,22.568836
Ankh2-ext1,UMAP,seq_242,1,-4.3116827,7.7816544
Ankh2-ext1,UMAP,seq_243,1,8.454074,7.314336
Ankh2-ext1,UMAP,seq_244,1,9.47775,7.519304
Ankh2-ext1,UMAP,seq_245,1,9.1843405,7.6185975
Ankh2-ext1,UMAP,seq_246,1,7.736828,21.537313
Ankh2-ext1,UMAP,seq_247,1,12.897897,4.5582643
Ankh2-ext1,UMAP,seq_248,1,12.893022,4.1847844
Ankh2-ext1,UMAP,seq_249,1,10.192267,9.040534
Ankh2-ext1,UMAP,seq_250,1,11.456487,4.461927
Ankh2-ext1,UMAP,seq_251,1,12.76985,2.6777246
Ankh2-ext1,UMAP,seq_252,1,12.879081,4.447687
Ankh2-ext1,UMAP,seq_253,1,9.891787,18.81146
Ankh2-ext1,UMAP,seq_254,1,8.650493,10.0945015
Ankh2-ext1,UMAP,seq_255,1,8.625563,10.105911
Ankh2-ext1,UMAP,seq_256,1,11.826972,10.033683
Ankh2-ext1,UMAP,seq_257,1,12.369249,19.256184
Ankh2-ext1,UMAP,seq_258,1,12.36462,19.253853
Ankh2-ext1,UMAP,seq_259,1,-5.000241,9.615469
Ankh2-ext1,UMAP,seq_260,1,12.368969,19.255125
Ankh2-ext1,UMAP,seq_261,1,15.91274,5.555731
Ankh2-ext1,UMAP,seq_262,1,14.210593,8.471455
Ankh2-ext1,UMAP,seq_263,1,14.23637,8.493454
Ankh2-ext1,UMAP,seq_264,1,14.24058,8.456361
Ankh2-ext1,UMAP,seq_265,1,12.717748,5.5200877
Ankh2-ext1,UMAP,seq_266,1,7.8539715,22.559473
Ankh2-ext1,UMAP,seq_267,1,7.9003344,22.608616
Ankh2-ext1,UMAP,seq_268,1,7.9030004,22.603113
Ankh2-ext1,UMAP,seq_269,1,11.896391,3.5548368
Ankh2-ext1,UMAP,seq_270,1,13.134064,10.937958
Ankh2-ext1,UMAP,seq_271,1,10.621363,4.0286636
Ankh2-ext1,UMAP,seq_272,1,9.292009,7.614804
Ankh2-ext1,UMAP,seq_273,1,9.671587,18.765028
Ankh2-ext1,UMAP,seq_274,1,24.473778,11.765183
Ankh2-ext1,UMAP,seq_275,1,9.064362,5.1412096
Ankh2-ext1,UMAP,seq_276,1,9.240089,7.577757
Ankh2-ext1,UMAP,seq_277,1,8.815145,10.153741
Ankh2-ext1,UMAP,seq_278,1,10.819796,18.097126
Ankh2-ext1,UMAP,seq_279,1,10.799283,18.080914
Ankh2-ext1,UMAP,seq_280,1,9.087707,5.1510057
Ankh2-ext1,UMAP,seq_281,1,7.870059,22.557018
Ankh2-ext1,UMAP,seq_282,1,12.36446,19.25448
Ankh2-ext1,UMAP,seq_283,1,9.281093,7.5591574
Ankh2-ext1,UMAP,seq_284,1,7.9191346,22.58515
Ankh2-ext1,UMAP,seq_285,1,11.268358,18.335056
Ankh2-ext1,UMAP,seq_286,1,11.2859535,18.346867
Ankh2-ext1,UMAP,seq_287,1,-5.5502324,7.762686
Ankh2-ext1,UMAP,seq_288,1,14.632462,3.1054356
Ankh2-ext1,UMAP,seq_289,1,14.637384,3.1026525
Ankh2-ext1,UMAP,seq_290,1,14.641872,3.0996532
Ankh2-ext1,UMAP,seq_291,1,14.645616,3.0973897
Ankh2-ext1,UMAP,seq_292,1,14.64243,3.1002133
Ankh2-ext1,UMAP,seq_293,1,15.53913,7.212307
Ankh2-ext1,UMAP,seq_294,1,15.534678,7.21323
Ankh2-ext1,UMAP,seq_295,1,-5.068635,8.523038
Ankh2-ext1,UMAP,seq_296,1,-5.083755,8.55154
Ankh2-ext1,UMAP,seq_297,1,12.937527,4.6168866
Ankh2-ext1,UMAP,seq_298,1,12.936063,4.6050553
Ankh2-ext1,UMAP,seq_299,1,13.069145,19.81089
Ankh2-ext1,UMAP,seq_300,1,12.998255,9.133539
Ankh2-ext1,UMAP,seq_301,1,13.088634,9.1369915
Ankh2-ext1,UMAP,seq_302,1,13.025152,9.13457
Ankh2-ext1,UMAP,seq_303,1,8.157148,5.940486
Ankh2-ext1,UMAP,seq_304,1,-5.5632467,7.753807
Ankh2-ext1,UMAP,seq_305,1,9.647537,7.3984723
Ankh2-ext1,UMAP,seq_306,1,7.8086114,21.70743
Ankh2-ext1,UMAP,seq_307,1,12.481218,19.321375
Ankh2-ext1,UMAP,seq_308,1,12.792282,9.016654
Ankh2-ext1,UMAP,seq_309,1,12.737643,8.895087
Ankh2-ext1,UMAP,seq_310,1,5.501991,6.7375326
Ankh2-ext1,UMAP,seq_311,1,8.95677,6.5673175
Ankh2-ext1,UMAP,seq_312,1,12.806386,2.7025745
Ankh2-ext1,UMAP,seq_313,1,8.778451,-1.3787816
Ankh2-ext1,UMAP,seq_314,1,11.160362,6.386387
Ankh2-ext1,UMAP,seq_315,1,9.9232645,18.782452
Ankh2-ext1,UMAP,seq_316,1,11.977481,4.5619216
Ankh2-ext1,UMAP,seq_317,1,11.0349045,8.030172
Ankh2-ext1,UMAP,seq_318,1,8.883492,10.682495
Ankh2-ext1,UMAP,seq_319,1,12.84853,4.268231
Ankh2-ext1,UMAP,seq_320,1,7.6250734,21.410706
Ankh2-ext1,UMAP,seq_321,1,13.132035,1.6361523
Ankh2-ext1,UMAP,seq_322,1,12.920823,4.145736
Ankh2-ext1,UMAP,seq_323,1,13.034312,19.754896
Ankh2-ext1,UMAP,seq_324,1,7.7681503,21.56261
Ankh2-ext1,UMAP,seq_325,1,-4.6192703,10.544494
Ankh2-ext1,UMAP,seq_326,1,-4.6554747,10.499002
Ankh2-ext1,UMAP,seq_327,1,-4.630992,10.505691
Ankh2-ext1,UMAP,seq_328,1,11.374481,19.028902
Ankh2-ext1,UMAP,seq_329,1,11.37493,19.036743
Ankh2-ext1,UMAP,seq_330,1,11.357899,19.04051
Ankh2-ext1,UMAP,seq_331,1,-4.651759,10.497138
Ankh2-ext1,UMAP,seq_332,1,8.511909,6.9129577
Ankh2-ext1,UMAP,seq_333,1,12.694884,5.562921
Ankh2-ext1,UMAP,seq_334,1,12.684974,5.5883923
Ankh2-ext1,UMAP,seq_335,1,11.954284,4.5672784
Ankh2-ext1,UMAP,seq_336,1,12.162314,4.4992967
Ankh2-ext1,UMAP,seq_337,1,11.289936,18.348375
Ankh2-ext1,UMAP,seq_338,1,11.287802,18.338717
Ankh2-ext1,UMAP,seq_339,1,10.734652,18.052616
Ankh2-ext1,UMAP,seq_340,1,13.019472,7.306047
Ankh2-ext1,UMAP,seq_341,1,13.069844,7.313822
Ankh2-ext1,UMAP,seq_342,1,13.047635,7.3180447
Ankh2-ext1,UMAP,seq_343,1,12.127454,4.5457225
Ankh2-ext1,UMAP,seq_344,1,9.127447,5.1773124
Ankh2-ext1,UMAP,seq_345,1,12.764247,7.860389
Ankh2-ext1,UMAP,seq_346,1,12.149015,4.515998
Ankh2-ext1,UMAP,seq_347,1,12.156252,4.532045
Ankh2-ext1,UMAP,seq_348,1,12.114806,4.520844
Ankh2-ext1,UMAP,seq_349,1,7.861383,22.561731
Ankh2-ext1,UMAP,seq_350,1,9.814459,7.8092327
Ankh2-ext1,UMAP,seq_351,1,11.191075,4.990755
Ankh2-ext1,UMAP,seq_352,1,13.055879,19.78229
Ankh2-ext1,UMAP,seq_353,1,12.11442,4.5488725
Ankh2-ext1,UMAP,seq_354,1,24.480026,11.771344
Ankh2-ext1,UMAP,seq_355,1,-4.870116,9.946562
Ankh2-ext1,UMAP,seq_356,1,5.3116984,0.81492275
Ankh2-ext1,UMAP,seq_357,1,7.7082853,21.51402
Ankh2-ext1,UMAP,seq_358,1,11.669242,4.451243
Ankh2-ext1,UMAP,seq_359,1,11.707327,4.41822
Ankh2-ext1,UMAP,seq_360,1,5.312194,0.8211694
Ankh2-ext1,UMAP,seq_361,1,9.546781,9.564708
Ankh2-ext1,UMAP,seq_362,1,12.90729,2.9824734
Ankh2-ext1,UMAP,seq_363,1,12.828786,4.442334
Ankh2-ext1,UMAP,seq_364,1,12.78854,2.9735916
Ankh2-ext1,UMAP,seq_365,1,12.788279,3.023927
Ankh2-ext1,UMAP,seq_366,1,12.869431,3.0595076
Ankh2-ext1,UMAP,seq_367,1,12.86428,4.419642
Ankh2-ext1,UMAP,seq_368,1,12.923765,3.036469
Ankh2-ext1,UMAP,seq_369,1,12.748544,4.4738317
Ankh2-ext1,UMAP,seq_370,1,12.7245655,4.4035363
Ankh2-ext1,UMAP,seq_371,1,12.8674755,3.0801349
Ankh2-ext1,UMAP,seq_372,1,8.8649435,8.714474
Ankh2-ext1,UMAP,seq_373,1,-5.2681546,8.030676
Ankh2-ext1,UMAP,seq_374,1,-5.257521,8.045797
Ankh2-ext1,UMAP,seq_375,1,12.964846,3.5723882
Ankh2-ext1,UMAP,seq_376,1,11.427343,7.318381
Ankh2-ext1,UMAP,seq_377,1,10.110536,18.697304
Ankh2-ext1,UMAP,seq_378,1,-5.108736,8.287818
Ankh2-ext1,UMAP,seq_379,1,10.079129,7.5134277
Ankh2-ext1,UMAP,seq_380,1,8.964332,6.5784607
Ankh2-ext1,UMAP,seq_381,1,-5.587742,7.725982
Ankh2-ext1,UMAP,seq_382,1,12.543143,19.36773
Ankh2-ext1,UMAP,seq_383,1,13.180885,19.69701
Ankh2-ext1,UMAP,seq_384,1,13.146358,19.713621
Ankh2-ext1,UMAP,seq_385,1,7.88129,22.575804
Ankh2-ext1,UMAP,seq_386,1,-5.258777,8.004595
Ankh2-ext1,UMAP,seq_387,1,-5.036067,9.6267805
Ankh2-ext1,UMAP,seq_388,1,-5.0322056,9.61923
Ankh2-ext1,UMAP,seq_389,1,8.39302,8.165238
Ankh2-ext1,UMAP,seq_390,1,15.531417,7.2124157
Ankh2-ext1,UMAP,seq_391,1,15.545785,7.2074223
Ankh2-ext1,UMAP,seq_392,1,-5.120948,9.162233
Ankh2-ext1,UMAP,seq_393,1,-5.015879,9.61094
Ankh2-ext1,UMAP,seq_394,1,9.69104,18.902336
Ankh2-ext1,UMAP,seq_395,1,8.563191,10.18158
Ankh2-ext1,UMAP,seq_396,1,8.06691,6.554131
Ankh2-ext1,UMAP,seq_397,1,8.617729,10.057968
Ankh2-ext1,UMAP,seq_398,1,8.615837,10.096434
Ankh2-ext1,UMAP,seq_399,1,-5.547603,7.7681727
Ankh2-ext1,UMAP,seq_400,1,8.596763,10.257009
Ankh2-ext1,UMAP,seq_401,1,8.635923,10.283312
Ankh2-ext1,UMAP,seq_402,1,8.640552,10.343338
Ankh2-ext1,UMAP,seq_403,1,8.601908,10.247054
Ankh2-ext1,UMAP,seq_404,1,8.637046,10.302508
Ankh2-ext1,UMAP,seq_405,1,8.70164,10.200295
Ankh2-ext1,UMAP,seq_406,1,8.663819,10.133023
Ankh2-ext1,UMAP,seq_407,1,8.087343,6.537805
Ankh2-ext1,UMAP,seq_408,1,-5.5268755,7.78074
Ankh2-ext1,UMAP,seq_409,1,7.9117427,22.608261
Ankh2-ext1,UMAP,seq_410,1,13.289273,9.54434
Ankh2-ext1,UMAP,seq_411,1,5.312136,0.8210089
Ankh2-ext1,UMAP,seq_412,1,8.708223,10.302423
Ankh2-ext1,UMAP,seq_413,1,-5.5111437,7.7936397
Ankh2-ext1,UMAP,seq_414,1,-5.527018,7.775156
Ankh2-ext1,UMAP,seq_415,1,7.8458314,22.548412
Ankh2-ext1,UMAP,seq_416,1,7.879872,22.581478
Ankh2-ext1,UMAP,seq_417,1,12.892536,3.1025949
Ankh2-ext1,UMAP,seq_418,1,8.39231,8.388859
Ankh2-ext1,UMAP,seq_419,1,8.0699415,6.537704
Ankh2-ext1,UMAP,seq_420,1,8.061972,6.54551
Ankh2-ext1,UMAP,seq_421,1,9.123719,5.2223268
Ankh2-ext1,UMAP,seq_422,1,-5.5563245,7.7477174
Ankh2-ext1,UMAP,seq_423,1,-5.5378413,7.7656956
Ankh2-ext1,UMAP,seq_424,1,-5.565468,7.747919
Ankh2-ext1,UMAP,seq_425,1,9.669858,18.789621
Ankh2-ext1,UMAP,seq_426,1,-5.1286483,8.253524
Ankh2-ext1,UMAP,seq_427,1,9.690033,19.08197
Ankh2-ext1,UMAP,seq_428,1,13.304766,9.613377
Ankh2-ext1,UMAP,seq_429,1,15.542321,7.2078347
Ankh2-ext1,UMAP,seq_430,1,15.546235,7.205623
Ankh2-ext1,UMAP,seq_431,1,15.568988,7.189652
Ankh2-ext1,UMAP,seq_432,1,11.684024,7.872968
Ankh2-ext1,UMAP,seq_433,1,-5.2728333,8.034391
Ankh2-ext1,UMAP,seq_434,1,-5.238602,8.070759
Ankh2-ext1,UMAP,seq_435,1,-5.5219693,7.7394505
Ankh2-ext1,UMAP,seq_436,1,-5.235724,8.095829
Ankh2-ext1,UMAP,seq_437,1,12.088733,4.5729604
Ankh2-ext1,UMAP,seq_438,1,-5.2584496,8.070273
Ankh2-ext1,UMAP,seq_439,1,-5.26389,8.064822
Ankh2-ext1,UMAP,seq_440,1,5.3160367,0.82624686
Ankh2-ext1,UMAP,seq_441,1,5.5027614,6.7453623
Ankh2-ext1,UMAP,seq_442,1,9.569773,7.5262074
Ankh2-ext1,UMAP,seq_443,1,5.308407,0.81825465
Ankh2-ext1,UMAP,seq_444,1,12.671645,3.3583722
Ankh2-ext1,UMAP,seq_445,1,12.966611,4.679754
Ankh2-ext1,UMAP,seq_446,1,8.654699,10.278708
Ankh2-ext1,UMAP,seq_447,1,12.918211,4.6523438
Ankh2-ext1,UMAP,seq_448,1,12.116641,4.513919
Ankh2-ext1,UMAP,seq_449,1,9.68009,18.84576
Ankh2-ext1,UMAP,seq_450,1,12.649419,7.744084
Ankh2-ext1,UMAP,seq_451,1,12.901919,4.5623674
Ankh2-ext1,UMAP,seq_452,1,11.370291,19.018024
Ankh2-ext1,UMAP,seq_453,1,13.205669,19.688232
Ankh2-ext1,UMAP,seq_454,1,24.437218,11.728264
Ankh2-ext1,UMAP,seq_455,1,10.13646,18.646486
Ankh2-ext1,UMAP,seq_456,1,9.113258,7.60974
Ankh2-ext1,UMAP,seq_457,1,14.2446575,8.935237
Ankh2-ext1,UMAP,seq_458,1,10.477579,10.04378
Ankh2-ext1,UMAP,seq_459,1,10.429987,10.090474
Ankh2-ext1,UMAP,seq_460,1,9.38361,6.262066
Ankh2-ext1,UMAP,seq_461,1,15.927678,5.5260835
Ankh2-ext1,UMAP,seq_462,1,8.535718,10.039772
Ankh2-ext1,UMAP,seq_463,1,13.082615,19.815453
Ankh2-ext1,UMAP,seq_464,1,13.085019,19.81451
Ankh2-ext1,UMAP,seq_465,1,13.010998,3.4661715
Ankh2-ext1,UMAP,seq_466,1,13.0037155,3.4732156
Ankh2-ext1,UMAP,seq_467,1,13.007943,3.4399426
Ankh2-ext1,UMAP,seq_468,1,14.268952,8.951162
Ankh2-ext1,UMAP,seq_469,1,14.259966,8.946773
Ankh2-ext1,UMAP,seq_470,1,14.261773,8.957065
Ankh2-ext1,UMAP,seq_471,1,14.267041,8.969806
Ankh2-ext1,UMAP,seq_472,1,-5.099381,8.2964525
Ankh2-ext1,UMAP,seq_473,1,-5.061779,8.302572
Ankh2-ext1,UMAP,seq_474,1,-5.4949923,7.808298
Ankh2-ext1,UMAP,seq_475,1,-5.5531187,7.7534876
Ankh2-ext1,UMAP,seq_476,1,12.963108,4.6537614
Ankh2-ext1,UMAP,seq_477,1,12.980466,4.6879597
Ankh2-ext1,UMAP,seq_478,1,5.3130155,0.8221991
Ankh2-ext1,UMAP,seq_479,1,-5.0994186,8.345408
Ankh2-ext1,UMAP,seq_480,1,8.778411,-1.3474427
Ankh2-ext1,UMAP,seq_481,1,12.768387,3.0696914
Ankh2-ext1,UMAP,seq_482,1,12.771697,3.0158703
Ankh2-ext1,UMAP,seq_483,1,10.189647,5.6842113
Ankh2-ext1,UMAP,seq_484,1,12.042948,4.582971
Ankh2-ext1,UMAP,seq_485,1,11.556497,2.2771037
Ankh2-ext1,UMAP,seq_486,1,11.549311,2.2908115
Ankh2-ext1,UMAP,seq_487,1,11.54751,2.288619
Ankh2-ext1,UMAP,seq_488,1,-5.547803,7.758499
Ankh2-ext1,UMAP,seq_489,1,-5.248847,8.080895
Ankh2-ext1,UMAP,seq_490,1,-5.555869,7.7726603
Ankh2-ext1,UMAP,seq_491,1,8.532167,6.9895334
Ankh2-ext1,UMAP,seq_492,1,24.413769,11.707331
Ankh2-ext1,UMAP,seq_493,1,11.811236,3.675704
Ankh2-ext1,UMAP,seq_494,1,12.129796,4.5324273
Ankh2-ext1,UMAP,seq_495,1,-5.498524,7.711582
Ankh2-ext1,UMAP,seq_496,1,-5.531148,7.7695165
Ankh2-ext1,UMAP,seq_497,1,9.465019,7.4283237
Ankh2-ext1,UMAP,seq_498,1,9.676529,18.764048
Ankh2-ext1,UMAP,seq_499,1,-5.0130806,9.600139
Ankh2-ext1,UMAP,seq_500,1,9.4049425,7.417069
Ankh2-ext1,UMAP,seq_501,1,12.941168,4.630709
Ankh2-ext1,UMAP,seq_502,1,7.8595986,22.564669
Ankh2-ext1,UMAP,seq_503,1,10.704325,19.100376
Ankh2-ext1,UMAP,seq_504,1,7.808215,21.58347
Ankh2-ext1,UMAP,seq_505,1,7.8276772,21.602133
Ankh2-ext1,UMAP,seq_506,1,7.8297467,21.603971
Ankh2-ext1,UMAP,seq_507,1,7.832561,21.605453
Ankh2-ext1,UMAP,seq_508,1,7.8621564,21.598808
Ankh2-ext1,UMAP,seq_509,1,7.8257017,21.597534
Ankh2-ext1,UMAP,seq_510,1,7.840764,21.608854
Ankh2-ext1,UMAP,seq_511,1,7.6112394,21.395748
Ankh2-ext1,UMAP,seq_512,1,9.5484915,7.041336
Ankh2-ext1,UMAP,seq_513,1,7.8660355,21.636452
Ankh2-ext1,UMAP,seq_514,1,7.625425,21.409819
Ankh2-ext1,UMAP,seq_515,1,7.634451,21.420689
Ankh2-ext1,UMAP,seq_516,1,7.617665,21.39859
Ankh2-ext1,UMAP,seq_517,1,7.6224747,21.414047
Ankh2-ext1,UMAP,seq_518,1,7.62283,21.408117
Ankh2-ext1,UMAP,seq_519,1,7.6222677,21.407927
Ankh2-ext1,UMAP,seq_520,1,7.631304,21.41811
Ankh2-ext1,UMAP,seq_521,1,7.653178,21.441807
Ankh2-ext1,UMAP,seq_522,1,7.8372865,22.54563
Ankh2-ext1,UMAP,seq_523,1,7.838928,22.582706
Ankh2-ext1,UMAP,seq_524,1,7.8424573,22.55484
Ankh2-ext1,UMAP,seq_525,1,12.950451,4.051051
Ankh2-ext1,UMAP,seq_526,1,12.94461,4.0442796
Ankh2-ext1,UMAP,seq_527,1,12.943184,4.05936
Ankh2-ext1,UMAP,seq_528,1,12.951071,4.046795
Ankh2-ext1,UMAP,seq_529,1,12.952137,4.0664997
Ankh2-ext1,UMAP,seq_530,1,12.898789,4.161201
Ankh2-ext1,UMAP,seq_531,1,8.786999,-1.3458918
Ankh2-ext1,UMAP,seq_532,1,12.932756,4.0451155
Ankh2-ext1,UMAP,seq_533,1,12.953136,4.033577
Ankh2-ext1,UMAP,seq_534,1,24.47702,11.768383
Ankh2-ext1,UMAP,seq_535,1,-5.4641438,7.841717
Ankh2-ext1,UMAP,seq_536,1,-5.4509425,7.856875
Ankh2-ext1,UMAP,seq_537,1,7.900079,22.59367
Ankh2-ext1,UMAP,seq_538,1,7.900043,22.603529
Ankh2-ext1,UMAP,seq_539,1,7.9000244,22.606995
Ankh2-ext1,UMAP,seq_540,1,7.883607,22.616983
Ankh2-ext1,UMAP,seq_541,1,7.8757353,22.571623
Ankh2-ext1,UMAP,seq_542,1,13.005127,20.033747
Ankh2-ext1,UMAP,seq_543,1,7.860601,22.569101
Ankh2-ext1,UMAP,seq_544,1,9.563608,7.0620112
Ankh2-ext1,UMAP,seq_545,1,13.493246,19.614597
Ankh2-ext1,UMAP,seq_546,1,15.91544,5.538457
Ankh2-ext1,UMAP,seq_547,1,12.197939,4.4975843
Ankh2-ext1,UMAP,seq_548,1,7.9027777,22.597925
Ankh2-ext1,UMAP,seq_549,1,10.702223,19.110123
Ankh2-ext1,UMAP,seq_550,1,7.876671,22.575428
Ankh2-ext1,UMAP,seq_551,1,7.873919,22.578396
Ankh2-ext1,UMAP,seq_552,1,-4.287865,7.759873
Ankh2-ext1,UMAP,seq_553,1,10.759464,18.067787
Ankh2-ext1,UMAP,seq_554,1,9.006829,10.166473
Ankh2-ext1,UMAP,seq_555,1,9.107542,5.174003
Ankh2-ext1,UMAP,seq_556,1,12.985339,4.6819925
Ankh2-ext1,UMAP,seq_557,1,9.850585,18.912157
Ankh2-ext1,UMAP,seq_558,1,9.899175,18.875717
Ankh2-ext1,UMAP,seq_559,1,10.241768,7.2694445
Ankh2-ext1,UMAP,seq_560,1,10.963517,6.4173737
Ankh2-ext1,UMAP,seq_561,1,10.968859,6.418486
Ankh2-ext1,UMAP,seq_562,1,10.956214,6.442854
Ankh2-ext1,UMAP,seq_563,1,10.966768,6.417869
Ankh2-ext1,UMAP,seq_564,1,10.999267,6.4150534
Ankh2-ext1,UMAP,seq_565,1,9.603136,7.4652734
Ankh2-ext1,UMAP,seq_566,1,10.86025,4.356736
Ankh2-ext1,UMAP,seq_567,1,5.3121734,0.82161885
Ankh2-ext1,UMAP,seq_568,1,12.725345,3.1788769
Ankh2-ext1,UMAP,seq_569,1,12.672908,3.2120085
Ankh2-ext1,UMAP,seq_570,1,13.111408,1.6375191
Ankh2-ext1,UMAP,seq_571,1,13.115906,1.6707072
Ankh2-ext1,UMAP,seq_572,1,13.117986,1.6613572
Ankh2-ext1,UMAP,seq_573,1,13.125923,1.6496596
Ankh2-ext1,UMAP,seq_574,1,13.121171,1.6594036
Ankh2-ext1,UMAP,seq_575,1,13.12236,1.6580749
Ankh2-ext1,UMAP,seq_576,1,13.126055,1.6523125
Ankh2-ext1,UMAP,seq_577,1,13.116697,1.7014834
Ankh2-ext1,UMAP,seq_578,1,13.127975,1.6620103
Ankh2-ext1,UMAP,seq_579,1,12.787885,2.9946144
Ankh2-ext1,UMAP,seq_580,1,8.785221,-1.3435453
Ankh2-ext1,UMAP,seq_581,1,12.721323,3.1846898
Ankh2-ext1,UMAP,seq_582,1,12.722643,3.1744823
Ankh2-ext1,UMAP,seq_583,1,8.760368,-1.3370717
Ankh2-ext1,UMAP,seq_584,1,13.1442995,1.6453979
Ankh2-ext1,UMAP,seq_585,1,13.148567,1.6386746
Ankh2-ext1,UMAP,seq_586,1,13.169028,1.6168976
Ankh2-ext1,UMAP,seq_587,1,12.862758,3.6193388
Ankh2-ext1,UMAP,seq_588,1,13.151491,1.6467476
Ankh2-ext1,UMAP,seq_589,1,13.148096,1.6379696
Ankh2-ext1,UMAP,seq_590,1,13.146628,1.6420406
Ankh2-ext1,UMAP,seq_591,1,13.154509,1.6306499
Ankh2-ext1,UMAP,seq_592,1,12.980184,3.2552722
Ankh2-ext1,UMAP,seq_593,1,13.01271,3.2833908
Ankh2-ext1,UMAP,seq_594,1,12.950969,3.0793319
Ankh2-ext1,UMAP,seq_595,1,8.796161,-1.3346857
Ankh2-ext1,UMAP,seq_596,1,13.126325,1.6724913
Ankh2-ext1,UMAP,seq_597,1,13.112133,1.6693888
Ankh2-ext1,UMAP,seq_598,1,12.86957,4.5447826
Ankh2-ext1,UMAP,seq_599,1,12.751736,3.149335
Ankh2-ext1,UMAP,seq_600,1,12.706584,3.241227
Ankh2-ext1,UMAP,seq_601,1,12.71787,3.1974986
Ankh2-ext1,UMAP,seq_602,1,12.707906,3.2225468
Ankh2-ext1,UMAP,seq_603,1,12.7240505,3.1788492
Ankh2-ext1,UMAP,seq_604,1,12.718491,3.2108946
Ankh2-ext1,UMAP,seq_605,1,12.71485,3.2007103
Ankh2-ext1,UMAP,seq_606,1,12.718141,3.2028553
Ankh2-ext1,UMAP,seq_607,1,12.711797,3.1810622
Ankh2-ext1,UMAP,seq_608,1,13.120481,1.6619555
Ankh2-ext1,UMAP,seq_609,1,13.119387,1.6716793
Ankh2-ext1,UMAP,seq_610,1,11.932546,3.543787
Ankh2-ext1,UMAP,seq_611,1,12.935779,2.9285486
Ankh2-ext1,UMAP,seq_612,1,12.981986,3.2954848
Ankh2-ext1,UMAP,seq_613,1,11.561715,4.4365163
Ankh2-ext1,UMAP,seq_614,1,13.026847,2.9914134
Ankh2-ext1,UMAP,seq_615,1,13.078078,3.2300436
Ankh2-ext1,UMAP,seq_616,1,11.375687,19.032415
Ankh2-ext1,UMAP,seq_617,1,-5.2211237,8.104305
Ankh2-ext1,UMAP,seq_618,1,11.769199,9.90783
Ankh2-ext1,UMAP,seq_619,1,11.222523,5.5243826
Ankh2-ext1,UMAP,seq_620,1,12.422533,19.299118
Ankh2-ext1,UMAP,seq_621,1,8.769353,6.891095
Ankh2-ext1,UMAP,seq_622,1,8.72991,6.883118
Ankh2-ext1,UMAP,seq_623,1,8.706144,6.9165606
Ankh2-ext1,UMAP,seq_624,1,5.3129673,0.822541
Ankh2-ext1,UMAP,seq_625,1,12.951055,2.9129987
Ankh2-ext1,UMAP,seq_626,1,12.938407,2.973005
Ankh2-ext1,UMAP,seq_627,1,12.9449625,3.5708268
Ankh2-ext1,UMAP,seq_628,1,5.3117967,0.8206878
Ankh2-ext1,UMAP,seq_629,1,8.781852,-1.3445449
Ankh2-ext1,UMAP,seq_630,1,12.899586,4.274666
Ankh2-ext1,UMAP,seq_631,1,13.688916,19.586052
Ankh2-ext1,UMAP,seq_632,1,-4.9958677,9.659433
Ankh2-ext1,UMAP,seq_633,1,12.954364,2.8866608
Ankh2-ext1,UMAP,seq_634,1,13.010486,2.9634144
Ankh2-ext1,UMAP,seq_635,1,13.008584,2.875188
Ankh2-ext1,UMAP,seq_636,1,12.722287,2.681782
Ankh2-ext1,UMAP,seq_637,1,12.784718,2.692043
Ankh2-ext1,UMAP,seq_638,1,8.768751,-1.3647553
Ankh2-ext1,UMAP,seq_639,1,8.7576,-1.3751673
Ankh2-ext1,UMAP,seq_640,1,13.013691,2.8693748
Ankh2-ext1,UMAP,seq_641,1,13.037011,2.8356073
Ankh2-ext1,UMAP,seq_642,1,12.960711,2.8373692
Ankh2-ext1,UMAP,seq_643,1,12.9156885,2.8025343
Ankh2-ext1,UMAP,seq_644,1,12.982253,2.9070654
Ankh2-ext1,UMAP,seq_645,1,12.5674095,3.3977847
Ankh2-ext1,UMAP,seq_646,1,12.733325,2.7969952
Ankh2-ext1,UMAP,seq_647,1,12.694376,2.7486956
Ankh2-ext1,UMAP,seq_648,1,8.767876,-1.3599184
Ankh2-ext1,UMAP,seq_649,1,11.954509,3.513181
Ankh2-ext1,UMAP,seq_650,1,11.917729,3.5033536
Ankh2-ext1,UMAP,seq_651,1,12.723499,2.7782512
Ankh2-ext1,UMAP,seq_652,1,12.60103,3.3873255
Ankh2-ext1,UMAP,seq_653,1,12.700679,2.753981
Ankh2-ext1,UMAP,seq_654,1,11.919697,3.528001
Ankh2-ext1,UMAP,seq_655,1,12.700926,2.789782
Ankh2-ext1,UMAP,seq_656,1,12.767542,2.6209133
Ankh2-ext1,UMAP,seq_657,1,8.755653,-1.3737502
Ankh2-ext1,UMAP,seq_658,1,8.770066,-1.3864006
Ankh2-ext1,UMAP,seq_659,1,12.741069,2.6599805
Ankh2-ext1,UMAP,seq_660,1,12.90093,4.1294155
Ankh2-ext1,UMAP,seq_661,1,12.565973,3.4021509
Ankh2-ext1,UMAP,seq_662,1,12.719108,2.767787
Ankh2-ext1,UMAP,seq_663,1,12.725674,2.782241
Ankh2-ext1,UMAP,seq_664,1,8.755222,-1.3822893
Ankh2-ext1,UMAP,seq_665,1,12.772608,2.7324574
Ankh2-ext1,UMAP,seq_666,1,8.766917,-1.3663146
Ankh2-ext1,UMAP,seq_667,1,12.846812,2.7485678
Ankh2-ext1,UMAP,seq_668,1,8.768949,-1.3637834
Ankh2-ext1,UMAP,seq_669,1,12.806445,2.6547687
Ankh2-ext1,UMAP,seq_670,1,12.836547,2.7045403
Ankh2-ext1,UMAP,seq_671,1,8.764617,-1.3769473
Ankh2-ext1,UMAP,seq_672,1,12.812377,2.7079442
Ankh2-ext1,UMAP,seq_673,1,8.7638035,-1.3729345
Ankh2-ext1,UMAP,seq_674,1,12.738511,2.6921992
Ankh2-ext1,UMAP,seq_675,1,12.713601,2.6671479
Ankh2-ext1,UMAP,seq_676,1,12.818819,2.6789973
Ankh2-ext1,UMAP,seq_677,1,8.767475,-1.3673617
Ankh2-ext1,UMAP,seq_678,1,8.779297,-1.3549348
Ankh2-ext1,UMAP,seq_679,1,8.819629,-1.3176174
Ankh2-ext1,UMAP,seq_680,1,12.730611,2.6718974
Ankh2-ext1,UMAP,seq_681,1,12.732336,2.6788244
Ankh2-ext1,UMAP,seq_682,1,12.716046,2.661142
Ankh2-ext1,UMAP,seq_683,1,12.705619,2.6288826
Ankh2-ext1,UMAP,seq_684,1,8.763682,-1.3707881
Ankh2-ext1,UMAP,seq_685,1,8.786924,-1.3426245
Ankh2-ext1,UMAP,seq_686,1,8.769712,-1.3654782
Ankh2-ext1,UMAP,seq_687,1,12.931001,2.7765598
Ankh2-ext1,UMAP,seq_688,1,8.764937,-1.3686663
Ankh2-ext1,UMAP,seq_689,1,12.652561,2.599976
Ankh2-ext1,UMAP,seq_690,1,12.892678,3.5349283
Ankh2-ext1,UMAP,seq_691,1,10.543648,5.9822264
Ankh2-ext1,UMAP,seq_692,1,11.936127,3.5003452
Ankh2-ext1,UMAP,seq_693,1,11.932217,3.528632
Ankh2-ext1,UMAP,seq_694,1,11.921033,3.5345674
Ankh2-ext1,UMAP,seq_695,1,13.324783,3.4099052
Ankh2-ext1,UMAP,seq_696,1,13.296586,3.3953137
Ankh2-ext1,UMAP,seq_697,1,11.938773,3.5437949
Ankh2-ext1,UMAP,seq_698,1,13.327947,3.3868413
Ankh2-ext1,UMAP,seq_699,1,13.334829,3.388685
Ankh2-ext1,UMAP,seq_700,1,13.319066,3.3714287
Ankh2-ext1,UMAP,seq_701,1,13.32788,3.4350383
Ankh2-ext1,UMAP,seq_702,1,13.326404,3.3757105
Ankh2-ext1,UMAP,seq_703,1,13.3369055,3.3804233
Ankh2-ext1,UMAP,seq_704,1,13.3051195,3.3689911
Ankh2-ext1,UMAP,seq_705,1,11.8936405,3.5443792
Ankh2-ext1,UMAP,seq_706,1,11.867527,3.5971112
Ankh2-ext1,UMAP,seq_707,1,11.910016,3.5719647
Ankh2-ext1,UMAP,seq_708,1,11.976514,3.659265
Ankh2-ext1,UMAP,seq_709,1,11.899884,3.5349572
Ankh2-ext1,UMAP,seq_710,1,11.872542,3.58756
Ankh2-ext1,UMAP,seq_711,1,11.910444,3.5711546
Ankh2-ext1,UMAP,seq_712,1,11.932196,3.5538602
Ankh2-ext1,UMAP,seq_713,1,12.932435,3.0906243
Ankh2-ext1,UMAP,seq_714,1,11.956554,3.5370662
Ankh2-ext1,UMAP,seq_715,1,-5.0131907,9.603108
Ankh2-ext1,UMAP,seq_716,1,9.1786175,7.7844906
Ankh2-ext1,UMAP,seq_717,1,13.265269,19.64853
Ankh2-ext1,UMAP,seq_718,1,13.243543,19.665781
Ankh2-ext1,UMAP,seq_719,1,15.903419,5.5540233
Ankh2-ext1,UMAP,seq_720,1,13.035419,19.755878
Ankh2-ext1,UMAP,seq_721,1,11.500717,4.487838
Ankh2-ext1,UMAP,seq_722,1,11.469524,4.4692035
Ankh2-ext1,UMAP,seq_723,1,12.640886,2.5594702
Ankh2-ext1,UMAP,seq_724,1,10.711433,19.089884
Ankh2-ext1,UMAP,seq_725,1,11.835587,9.997552
Ankh2-ext1,UMAP,seq_726,1,7.873588,22.566135
Ankh2-ext1,UMAP,seq_727,1,7.858582,22.548107
Ankh2-ext1,UMAP,seq_728,1,10.765343,18.064112
Ankh2-ext1,UMAP,seq_729,1,11.289733,18.34499
Ankh2-ext1,UMAP,seq_730,1,11.288881,18.350458
Ankh2-ext1,UMAP,seq_731,1,10.3412695,7.5683503
Ankh2-ext1,UMAP,seq_732,1,9.1898575,6.6682606
Ankh2-ext1,UMAP,seq_733,1,11.53709,2.2860296
Ankh2-ext1,UMAP,seq_734,1,8.787206,10.610033
Ankh2-ext1,UMAP,seq_735,1,10.705743,19.094353
Ankh2-ext1,UMAP,seq_736,1,11.444895,8.299822
Ankh2-ext1,UMAP,seq_737,1,10.762004,18.0646
Ankh2-ext1,UMAP,seq_738,1,24.35755,11.648444
Ankh2-ext1,UMAP,seq_739,1,24.484253,11.7754345
Ankh2-ext1,UMAP,seq_740,1,24.43353,11.7244
Ankh2-ext1,UMAP,seq_741,1,24.417728,11.708582
Ankh2-ext1,UMAP,seq_742,1,24.440722,11.731581
Ankh2-ext1,UMAP,seq_743,1,24.437346,11.7282295
Ankh2-ext1,UMAP,seq_744,1,24.595705,11.886521
Ankh2-ext1,UMAP,seq_745,1,24.417913,11.708753
Ankh2-ext1,UMAP,seq_746,1,24.442537,11.733556
Ankh2-ext1,UMAP,seq_747,1,24.395626,11.686906
Ankh2-ext1,UMAP,seq_748,1,24.417515,11.708528
Ankh2-ext1,UMAP,seq_749,1,24.353884,11.645481
Ankh2-ext1,UMAP,seq_750,1,24.570621,11.862086
Ankh2-ext1,UMAP,seq_751,1,24.588108,11.878899
Ankh2-ext1,UMAP,seq_752,1,24.586685,11.877435
Ankh2-ext1,UMAP,seq_753,1,24.591362,11.882566
Ankh2-ext1,UMAP,seq_754,1,24.433817,11.72468
Ankh2-ext1,UMAP,seq_755,1,24.580017,11.870904
Ankh2-ext1,UMAP,seq_756,1,24.586037,11.876454
Ankh2-ext1,UMAP,seq_757,1,24.357168,11.647978
Ankh2-ext1,UMAP,seq_758,1,24.365597,11.65625
Ankh2-ext1,UMAP,seq_759,1,24.420948,11.711869
Ankh2-ext1,UMAP,seq_760,1,9.690419,18.749287
Ankh2-ext1,UMAP,seq_761,1,-4.9879756,9.671573
Ankh2-ext1,UMAP,seq_762,1,13.125689,9.381717
Ankh2-ext1,UMAP,seq_763,1,9.928444,18.86379
Ankh2-ext1,UMAP,seq_764,1,13.58197,19.60476
Ankh2-ext1,UMAP,seq_765,1,10.102154,18.711134
Ankh2-ext1,UMAP,seq_766,1,-5.463451,7.8395925
Ankh2-ext1,UMAP,seq_767,1,-4.9899983,9.64357
Ankh2-ext1,UMAP,seq_768,1,8.733844,8.532273
Ankh2-ext1,UMAP,seq_769,1,9.178673,10.401846
Ankh2-ext1,UMAP,seq_770,1,9.153337,10.268139
Ankh2-ext1,UMAP,seq_771,1,24.554163,11.844377
Ankh2-ext1,UMAP,seq_772,1,24.505682,11.796505
Ankh2-ext1,UMAP,seq_773,1,24.526863,11.819947
Ankh2-ext1,UMAP,seq_774,1,9.125752,10.421626
Ankh2-ext1,UMAP,seq_775,1,24.446497,11.737391
Ankh2-ext1,UMAP,seq_776,1,12.96195,20.208132
Ankh2-ext1,UMAP,seq_777,1,12.962209,20.20832
Ankh2-ext1,UMAP,seq_778,1,12.957067,20.223358
Ankh2-ext1,UMAP,seq_779,1,12.961749,20.213463
Ankh2-ext1,UMAP,seq_780,1,12.959426,20.212912
Ankh2-ext1,UMAP,seq_781,1,12.961777,20.20728
Ankh2-ext1,UMAP,seq_782,1,12.966252,20.203323
Ankh2-ext1,UMAP,seq_783,1,12.963868,20.205915
Ankh2-ext1,UMAP,seq_784,1,12.966175,20.20259
Ankh2-ext1,UMAP,seq_785,1,24.460478,11.75144
Ankh2-ext1,UMAP,seq_786,1,-5.10309,8.321784
Ankh2-ext1,UMAP,seq_787,1,13.262066,19.625063
Ankh2-ext1,UMAP,seq_788,1,12.755757,5.4387403
Ankh2-ext1,UMAP,seq_789,1,12.903306,4.280376
Ankh2-ext1,UMAP,seq_790,1,12.235033,19.169275
Ankh2-ext1,UMAP,seq_791,1,12.154717,4.5428896
Ankh2-ext1,UMAP,seq_792,1,12.140885,4.527428
Ankh2-ext1,UMAP,seq_793,1,-5.103376,9.263107
Ankh2-ext1,UMAP,seq_794,1,9.615542,19.181862
Ankh2-ext1,UMAP,seq_795,1,24.375345,11.6662035
Ankh2-ext1,UMAP,seq_796,1,12.85204,2.7488291
Ankh2-ext1,UMAP,seq_797,1,24.367952,11.660154
Ankh2-ext1,UMAP,seq_798,1,8.711533,7.585022
Ankh2-ext1,UMAP,seq_799,1,10.121893,18.713263
Ankh2-ext1,UMAP,seq_800,1,10.136119,18.700825
Ankh2-ext1,UMAP,seq_801,1,10.113335,18.715256
Ankh2-ext1,UMAP,seq_802,1,7.783142,21.702267
Ankh2-ext1,UMAP,seq_803,1,5.3090196,0.8187675
Ankh2-ext1,UMAP,seq_804,1,5.3094487,0.8190936
Ankh2-ext1,UMAP,seq_805,1,13.6864395,19.593964
Ankh2-ext1,UMAP,seq_806,1,13.700364,19.575727
Ankh2-ext1,UMAP,seq_807,1,13.724389,19.545885
Ankh2-ext1,UMAP,seq_808,1,13.696042,19.576029
Ankh2-ext1,UMAP,seq_809,1,13.706446,19.569834
Ankh2-ext1,UMAP,seq_810,1,13.70026,19.576979
Ankh2-ext1,UMAP,seq_811,1,13.697547,19.576834
Ankh2-ext1,UMAP,seq_812,1,13.695706,19.584356
Ankh2-ext1,UMAP,seq_813,1,8.17096,5.94498
Ankh2-ext1,UMAP,seq_814,1,12.741305,2.7021544
Ankh2-ext1,UMAP,seq_815,1,10.702764,19.044722
Ankh2-ext1,UMAP,seq_816,1,8.766983,6.8773084
Ankh2-ext1,UMAP,seq_817,1,8.968667,6.554668
Ankh2-ext1,UMAP,seq_818,1,11.485112,9.009129
Ankh2-ext1,UMAP,seq_819,1,12.542082,7.681219
Ankh2-ext1,UMAP,seq_820,1,8.488786,7.072247
Ankh2-ext1,UMAP,seq_821,1,8.952549,7.5655847
Ankh2-ext1,UMAP,seq_822,1,13.113874,2.769958
Ankh2-ext1,UMAP,seq_823,1,13.094895,2.7918131
Ankh2-ext1,UMAP,seq_824,1,13.102432,2.7917325
Ankh2-ext1,UMAP,seq_825,1,13.112587,2.7915096
Ankh2-ext1,UMAP,seq_826,1,13.132882,2.7820706
Ankh2-ext1,UMAP,seq_827,1,13.103039,2.7970388
Ankh2-ext1,UMAP,seq_828,1,8.747852,-1.3843399
Ankh2-ext1,UMAP,seq_829,1,-5.0413465,9.557253
Ankh2-ext1,UMAP,seq_830,1,11.131683,4.418111
Ankh2-ext1,UMAP,seq_831,1,8.477087,9.844186
Ankh2-ext1,UMAP,seq_832,1,24.614592,11.904384
Ankh2-ext1,UMAP,seq_833,1,24.596134,11.8865795
Ankh2-ext1,UMAP,seq_834,1,24.606155,11.896464
Ankh2-ext1,UMAP,seq_835,1,10.736596,8.337163
Ankh2-ext1,UMAP,seq_836,1,11.89404,3.5298011
Ankh2-ext1,UMAP,seq_837,1,11.906138,3.5376225
Ankh2-ext1,UMAP,seq_838,1,11.906791,3.537439
Ankh2-ext1,UMAP,seq_839,1,13.051269,7.331841
Ankh2-ext1,UMAP,seq_840,1,13.408521,9.720585
Ankh2-ext1,UMAP,seq_841,1,11.002441,18.126734
Ankh2-ext1,UMAP,seq_842,1,-5.496814,7.8130245
Ankh2-ext1,UMAP,seq_843,1,8.475208,7.4343557
Ankh2-ext1,UMAP,seq_844,1,15.904477,5.547319
Ankh2-ext1,UMAP,seq_845,1,9.718997,18.79194
Ankh2-ext1,UMAP,seq_846,1,10.716779,19.10466
Ankh2-ext1,UMAP,seq_847,1,9.618921,19.179876
Ankh2-ext1,UMAP,seq_848,1,9.612412,19.187243
Ankh2-ext1,UMAP,seq_849,1,9.616207,19.189434
Ankh2-ext1,UMAP,seq_850,1,9.574854,5.7754936
Ankh2-ext1,UMAP,seq_851,1,13.181057,19.7074
Ankh2-ext1,UMAP,seq_852,1,8.479364,9.902141
Ankh2-ext1,UMAP,seq_853,1,8.321593,7.458609
Ankh2-ext1,UMAP,seq_854,1,9.644591,18.751787
Ankh2-ext1,UMAP,seq_855,1,24.348524,11.63931
Ankh2-ext1,UMAP,seq_856,1,8.855764,8.615186
Ankh2-ext1,UMAP,seq_857,1,13.20116,7.8845224
Ankh2-ext1,UMAP,seq_858,1,7.733617,21.528446
Ankh2-ext1,UMAP,seq_859,1,7.746322,21.544992
Ankh2-ext1,UMAP,seq_860,1,9.677566,18.777859
Ankh2-ext1,UMAP,seq_861,1,10.014287,18.860928
Ankh2-ext1,UMAP,seq_862,1,13.501576,19.609446
Ankh2-ext1,UMAP,seq_863,1,24.364851,11.655903
Ankh2-ext1,UMAP,seq_864,1,13.059162,19.834892
Ankh2-ext1,UMAP,seq_865,1,-5.091696,8.340917
Ankh2-ext1,UMAP,seq_866,1,8.462167,9.959998
Ankh2-ext1,UMAP,seq_867,1,13.034729,19.836248
Ankh2-ext1,UMAP,seq_868,1,10.708993,19.115236
Ankh2-ext1,UMAP,seq_869,1,9.585566,19.22257
Ankh2-ext1,UMAP,seq_870,1,9.594664,19.202599
Ankh2-ext1,UMAP,seq_871,1,10.118715,18.720783
Ankh2-ext1,UMAP,seq_872,1,9.602523,19.2014
Ankh2-ext1,UMAP,seq_873,1,9.657189,19.147045
Ankh2-ext1,UMAP,seq_874,1,9.664164,19.120348
Ankh2-ext1,UMAP,seq_875,1,8.480284,9.965192
Ankh2-ext1,UMAP,seq_876,1,8.676411,9.842405
Ankh2-ext1,UMAP,seq_877,1,8.685641,9.795642
Ankh2-ext1,UMAP,seq_878,1,12.723081,5.4185896
Ankh2-ext1,UMAP,seq_879,1,9.681968,19.084173
Ankh2-ext1,UMAP,seq_880,1,9.679677,19.083776
Ankh2-ext1,UMAP,seq_881,1,9.654903,19.081587
Ankh2-ext1,UMAP,seq_882,1,9.68809,19.077604
Ankh2-ext1,UMAP,seq_883,1,9.649766,19.125725
Ankh2-ext1,UMAP,seq_884,1,9.669457,18.779613
Ankh2-ext1,UMAP,seq_885,1,8.395875,7.3997383
Ankh2-ext1,UMAP,seq_886,1,10.755767,18.057028
Ankh2-ext1,UMAP,seq_887,1,24.388115,11.67961
Ankh2-ext1,UMAP,seq_888,1,10.082577,18.757515
Ankh2-ext1,UMAP,seq_889,1,10.08674,18.74755
Ankh2-ext1,UMAP,seq_890,1,10.105609,18.719828
Ankh2-ext1,UMAP,seq_891,1,-5.125618,8.27559
Ankh2-ext1,UMAP,seq_892,1,10.764878,18.076662
Ankh2-ext1,UMAP,seq_893,1,10.774853,18.072989
Ankh2-ext1,UMAP,seq_894,1,13.207242,19.686543
Ankh2-ext1,UMAP,seq_895,1,-5.2474713,8.086336
Ankh2-ext1,UMAP,seq_896,1,-5.004145,9.7053175
Ankh2-ext1,UMAP,seq_897,1,13.200943,19.68828
Ankh2-ext1,UMAP,seq_898,1,10.694126,19.106068
Ankh2-ext1,UMAP,seq_899,1,13.029688,4.8680696
Ankh2-ext1,UMAP,seq_900,1,13.020076,4.837734
Ankh2-ext1,UMAP,seq_901,1,-6.6975517,9.16801
Ankh2-ext1,UMAP,seq_902,1,-5.0317965,9.624179
Ankh2-ext1,UMAP,seq_903,1,-6.724896,9.135683
Ankh2-ext1,UMAP,seq_904,1,-6.714476,9.144119
Ankh2-ext1,UMAP,seq_905,1,-6.722603,9.1404705
Ankh2-ext1,UMAP,seq_906,1,-4.6407843,10.543508
Ankh2-ext1,UMAP,seq_907,1,-4.6495986,10.545533
Ankh2-ext1,UMAP,seq_908,1,-4.668101,10.530505
Ankh2-ext1,UMAP,seq_909,1,-4.6763163,10.552966
Ankh2-ext1,UMAP,seq_910,1,-4.645155,10.533512
Ankh2-ext1,UMAP,seq_911,1,-4.588484,10.584433
Ankh2-ext1,UMAP,seq_912,1,-6.7073326,9.140063
Ankh2-ext1,UMAP,seq_913,1,-4.663448,10.509691
Ankh2-ext1,UMAP,seq_914,1,-4.6639514,10.504815
Ankh2-ext1,UMAP,seq_915,1,-6.723946,9.159092
Ankh2-ext1,UMAP,seq_916,1,-6.754707,9.188995
Ankh2-ext1,UMAP,seq_917,1,-6.729625,9.129605
Ankh2-ext1,UMAP,seq_918,1,-6.6822104,9.140527
Ankh2-ext1,UMAP,seq_919,1,-6.711026,9.151641
Ankh2-ext1,UMAP,seq_920,1,-6.720317,9.139241
Ankh2-ext1,UMAP,seq_921,1,-6.706258,9.144236
Ankh2-ext1,UMAP,seq_922,1,-4.666673,10.4988575
Ankh2-ext1,UMAP,seq_923,1,-4.645356,10.527952
Ankh2-ext1,UMAP,seq_924,1,-4.684383,10.484149
Ankh2-ext1,UMAP,seq_925,1,-4.6460047,10.528523
Ankh2-ext1,UMAP,seq_926,1,-4.653327,10.520479
Ankh2-ext1,UMAP,seq_927,1,-4.6466365,10.528658
Ankh2-ext1,UMAP,seq_928,1,-4.661491,10.5001545
Ankh2-ext1,UMAP,seq_929,1,-6.6964025,9.166614
Ankh2-ext1,UMAP,seq_930,1,-6.691112,9.12774
Ankh2-ext1,UMAP,seq_931,1,-6.7465205,9.116085
Ankh2-ext1,UMAP,seq_932,1,-6.7387085,9.121059
Ankh2-ext1,UMAP,seq_933,1,-5.002311,9.690015
Ankh2-ext1,UMAP,seq_934,1,-5.0814385,9.288774
Ankh2-ext1,UMAP,seq_935,1,-5.099441,9.172221
Ankh2-ext1,UMAP,seq_936,1,-6.7339745,9.126425
Ankh2-ext1,UMAP,seq_937,1,-6.7263823,9.134251
Ankh2-ext1,UMAP,seq_938,1,-6.7236342,9.130939
Ankh2-ext1,UMAP,seq_939,1,-6.7443175,9.09697
Ankh2-ext1,UMAP,seq_940,1,-4.6386466,10.534699
Ankh2-ext1,UMAP,seq_941,1,-4.6680303,10.487667
Ankh2-ext1,UMAP,seq_942,1,-4.6494327,10.536576
Ankh2-ext1,UMAP,seq_943,1,-4.650077,10.526678
Ankh2-ext1,UMAP,seq_944,1,-4.6301136,10.546353
Ankh2-ext1,UMAP,seq_945,1,9.715692,6.2976704
Ankh2-ext1,UMAP,seq_946,1,11.844164,6.630602
Ankh2-ext1,UMAP,seq_947,1,7.8668704,22.567936
Ankh2-ext1,UMAP,seq_948,1,8.677616,10.527066
Ankh2-ext1,UMAP,seq_949,1,9.644352,18.751514
Ankh2-ext1,UMAP,seq_950,1,-5.1041274,9.012925
Ankh2-ext1,UMAP,seq_951,1,13.057842,19.805695
Ankh2-ext1,UMAP,seq_952,1,13.064901,19.82443
Ankh2-ext1,UMAP,seq_953,1,-5.0232315,9.640811
Ankh2-ext1,UMAP,seq_954,1,-6.716324,9.138914
Ankh2-ext1,UMAP,seq_955,1,-5.156411,9.071063
Ankh2-ext1,UMAP,seq_956,1,8.436564,9.805193
Ankh2-ext1,UMAP,seq_957,1,-6.6899548,9.162721
Ankh2-ext1,UMAP,seq_958,1,11.386125,19.034878
Ankh2-ext1,UMAP,seq_959,1,-6.709284,9.1187935
Ankh2-ext1,UMAP,seq_960,1,-5.059304,9.20596
Ankh2-ext1,UMAP,seq_961,1,10.80395,4.3222604
Ankh2-ext1,UMAP,seq_962,1,10.520963,5.9365516
Ankh2-ext1,UMAP,seq_963,1,10.772512,18.063614
Ankh2-ext1,UMAP,seq_964,1,9.698907,19.021454
Ankh2-ext1,UMAP,seq_965,1,8.6652775,10.495132
Ankh2-ext1,UMAP,seq_966,1,8.697289,10.52432
Ankh2-ext1,UMAP,seq_967,1,8.329181,6.930028
Ankh2-ext1,UMAP,seq_968,1,7.884612,22.574434
Ankh2-ext1,UMAP,seq_969,1,7.881246,22.57657
Ankh2-ext1,UMAP,seq_970,1,7.8510885,22.549658
Ankh2-ext1,UMAP,seq_971,1,7.865575,22.596668
Ankh2-ext1,UMAP,seq_972,1,7.8730206,22.564688
Ankh2-ext1,UMAP,seq_973,1,-5.0036564,9.718294
Ankh2-ext1,UMAP,seq_974,1,-5.0035367,9.708239
Ankh2-ext1,UMAP,seq_975,1,-5.0179806,9.689974
Ankh2-ext1,UMAP,seq_976,1,-4.9915304,9.686227
Ankh2-ext1,UMAP,seq_977,1,-5.0067887,9.653016
Ankh2-ext1,UMAP,seq_978,1,-4.9933634,9.680763
Ankh2-ext1,UMAP,seq_979,1,-5.004701,9.671279
Ankh2-ext1,UMAP,seq_980,1,-5.0136867,9.646964
Ankh2-ext1,UMAP,seq_981,1,7.884502,22.57698
Ankh2-ext1,UMAP,seq_982,1,12.044067,4.5712085
Ankh2-ext1,UMAP,seq_983,1,12.094948,4.5931234
Ankh2-ext1,UMAP,seq_984,1,11.980409,3.5484915
Ankh2-ext1,UMAP,seq_985,1,12.00221,3.5941691
Ankh2-ext1,UMAP,seq_986,1,11.983551,3.610447
Ankh2-ext1,UMAP,seq_987,1,8.868487,10.644558
Ankh2-ext1,UMAP,seq_988,1,-4.7361174,10.379593
Ankh2-ext1,UMAP,seq_989,1,8.819237,10.605645
Ankh2-ext1,UMAP,seq_990,1,11.925088,4.574413
Ankh2-ext1,UMAP,seq_991,1,11.66572,18.99302
Ankh2-ext1,UMAP,seq_992,1,-4.740816,10.353457
Ankh2-ext1,UMAP,seq_993,1,11.543384,5.3836308
Ankh2-ext1,UMAP,seq_994,1,11.662295,4.4727564
Ankh2-ext1,UMAP,seq_995,1,12.977468,1.8900074
Ankh2-ext1,UMAP,seq_996,1,10.66047,4.079426
Ankh2-ext1,UMAP,seq_997,1,9.109202,12.091152
Ankh2-ext1,UMAP,seq_998,1,11.30428,4.6322803
Ankh2-ext1,UMAP,seq_999,1,11.801002,3.667805
Ankh2-ext1,UMAP,seq_1000,1,9.434048,10.248
Ankh2-ext1,UMAP,seq_1001,1,9.194612,10.371388
Ankh2-ext1,UMAP,seq_1002,1,9.269876,10.413296
Ankh2-ext1,UMAP,seq_1003,1,8.689336,10.3796625
Ankh2-ext1,UMAP,seq_1004,1,9.683577,18.787601
Ankh2-ext1,UMAP,seq_1005,1,9.439379,10.209338
Ankh2-ext1,UMAP,seq_1006,1,9.296919,10.221816
Ankh2-ext1,UMAP,seq_1007,1,7.6238613,21.408733
Ankh2-ext1,UMAP,seq_1008,1,5.519668,6.745122
Ankh2-ext1,UMAP,seq_1009,1,11.178803,4.956563
Ankh2-ext1,UMAP,seq_1010,1,9.107228,12.095058
Ankh2-ext1,UMAP,seq_1011,0,8.253689,8.803327
Ankh2-ext1,UMAP,seq_1012,0,9.270071,7.4442253
Ankh2-ext1,UMAP,seq_1013,0,9.4752035,8.273646
Ankh2-ext1,UMAP,seq_1014,0,9.829688,8.398525
Ankh2-ext1,UMAP,seq_1015,0,10.754192,9.924362
Ankh2-ext1,UMAP,seq_1016,0,9.657617,11.027736
Ankh2-ext1,UMAP,seq_1017,0,8.033004,6.6010427
Ankh2-ext1,UMAP,seq_1018,0,9.917869,8.208752
Ankh2-ext1,UMAP,seq_1019,0,9.640562,7.5759
Ankh2-ext1,UMAP,seq_1020,0,10.291506,8.509179
Ankh2-ext1,UMAP,seq_1021,0,8.40437,7.085352
Ankh2-ext1,UMAP,seq_1022,0,14.628095,3.1252282
Ankh2-ext1,UMAP,seq_1023,0,9.688576,11.061676
Ankh2-ext1,UMAP,seq_1024,0,10.108364,8.437387
Ankh2-ext1,UMAP,seq_1025,0,9.200567,9.736805
Ankh2-ext1,UMAP,seq_1026,0,13.221543,11.39145
Ankh2-ext1,UMAP,seq_1027,0,12.911536,11.281855
Ankh2-ext1,UMAP,seq_1028,0,9.510291,10.757051
Ankh2-ext1,UMAP,seq_1029,0,10.000219,7.888017
Ankh2-ext1,UMAP,seq_1030,0,12.891968,11.162652
Ankh2-ext1,UMAP,seq_1031,0,7.7309866,8.205032
Ankh2-ext1,UMAP,seq_1032,0,9.713886,10.236074
Ankh2-ext1,UMAP,seq_1033,0,8.669596,8.734697
Ankh2-ext1,UMAP,seq_1034,0,9.227813,9.139304
Ankh2-ext1,UMAP,seq_1035,0,9.653761,11.030957
Ankh2-ext1,UMAP,seq_1036,0,11.150975,12.376943
Ankh2-ext1,UMAP,seq_1037,0,10.463982,9.256034
Ankh2-ext1,UMAP,seq_1038,0,12.109121,3.5405433
Ankh2-ext1,UMAP,seq_1039,0,9.626512,10.920168
Ankh2-ext1,UMAP,seq_1040,0,9.166308,9.136645
Ankh2-ext1,UMAP,seq_1041,0,9.222236,9.023283
Ankh2-ext1,UMAP,seq_1042,0,9.209831,9.147075
Ankh2-ext1,UMAP,seq_1043,0,9.954238,7.231614
Ankh2-ext1,UMAP,seq_1044,0,10.955234,4.9099584
Ankh2-ext1,UMAP,seq_1045,0,11.240547,7.552186
Ankh2-ext1,UMAP,seq_1046,0,8.876339,7.3602266
Ankh2-ext1,UMAP,seq_1047,0,9.474863,8.401419
Ankh2-ext1,UMAP,seq_1048,0,10.148989,7.5858016
Ankh2-ext1,UMAP,seq_1049,0,10.917281,8.583961
Ankh2-ext1,UMAP,seq_1050,0,10.690685,9.410668
Ankh2-ext1,UMAP,seq_1051,0,10.033343,8.473632
Ankh2-ext1,UMAP,seq_1052,0,13.268118,9.213437
Ankh2-ext1,UMAP,seq_1053,0,13.228565,11.299103
Ankh2-ext1,UMAP,seq_1054,0,12.954685,11.245639
Ankh2-ext1,UMAP,seq_1055,0,15.892348,5.5566163
Ankh2-ext1,UMAP,seq_1056,0,10.008518,8.194175
Ankh2-ext1,UMAP,seq_1057,0,12.36204,6.0407977
Ankh2-ext1,UMAP,seq_1058,0,11.090181,5.079725
Ankh2-ext1,UMAP,seq_1059,0,9.118103,7.4409795
Ankh2-ext1,UMAP,seq_1060,0,10.429643,3.9674153
Ankh2-ext1,UMAP,seq_1061,0,11.755463,4.6342463
Ankh2-ext1,UMAP,seq_1062,0,9.8364725,8.514861
Ankh2-ext1,UMAP,seq_1063,0,10.800089,6.9151115
Ankh2-ext1,UMAP,seq_1064,0,13.0111885,11.357613
Ankh2-ext1,UMAP,seq_1065,0,10.379651,6.6583743
Ankh2-ext1,UMAP,seq_1066,0,9.9650345,10.184305
Ankh2-ext1,UMAP,seq_1067,0,12.243147,10.583296
Ankh2-ext1,UMAP,seq_1068,0,9.197688,10.44076
Ankh2-ext1,UMAP,seq_1069,0,9.893222,10.302033
Ankh2-ext1,UMAP,seq_1070,0,12.294348,6.0025315
Ankh2-ext1,UMAP,seq_1071,0,9.734373,10.328751
Ankh2-ext1,UMAP,seq_1072,0,8.079451,7.7349157
Ankh2-ext1,UMAP,seq_1073,0,10.27016,9.523308
Ankh2-ext1,UMAP,seq_1074,0,12.989459,11.332483
Ankh2-ext1,UMAP,seq_1075,0,7.4527383,7.2271576
Ankh2-ext1,UMAP,seq_1076,0,11.288565,9.450934
Ankh2-ext1,UMAP,seq_1077,0,9.1884775,10.057225
Ankh2-ext1,UMAP,seq_1078,0,11.159952,3.9190433
Ankh2-ext1,UMAP,seq_1079,0,11.223306,4.0064564
Ankh2-ext1,UMAP,seq_1080,0,10.481536,9.379571
Ankh2-ext1,UMAP,seq_1081,0,13.103442,11.285138
Ankh2-ext1,UMAP,seq_1082,0,12.668081,10.557782
Ankh2-ext1,UMAP,seq_1083,0,10.461049,8.567324
Ankh2-ext1,UMAP,seq_1084,0,9.645514,7.0768757
Ankh2-ext1,UMAP,seq_1085,0,7.3480763,8.754528
Ankh2-ext1,UMAP,seq_1086,0,12.102963,6.8394794
Ankh2-ext1,UMAP,seq_1087,0,11.275691,5.8645024
Ankh2-ext1,UMAP,seq_1088,0,7.4697638,7.767489
Ankh2-ext1,UMAP,seq_1089,0,7.744553,9.184853
Ankh2-ext1,UMAP,seq_1090,0,9.148386,8.75225
Ankh2-ext1,UMAP,seq_1091,0,9.844636,8.52842
Ankh2-ext1,UMAP,seq_1092,0,10.7764,4.579765
Ankh2-ext1,UMAP,seq_1093,0,8.601185,7.349509
Ankh2-ext1,UMAP,seq_1094,0,9.6737385,8.086945
Ankh2-ext1,UMAP,seq_1095,0,10.636887,4.4573646
Ankh2-ext1,UMAP,seq_1096,0,9.461497,8.647567
Ankh2-ext1,UMAP,seq_1097,0,10.108848,10.107772
Ankh2-ext1,UMAP,seq_1098,0,10.219198,9.25268
Ankh2-ext1,UMAP,seq_1099,0,12.158235,3.8345788
Ankh2-ext1,UMAP,seq_1100,0,8.924931,8.61439
Ankh2-ext1,UMAP,seq_1101,0,9.643978,7.7175336
Ankh2-ext1,UMAP,seq_1102,0,8.765679,9.063339
Ankh2-ext1,UMAP,seq_1103,0,9.0028925,8.014359
Ankh2-ext1,UMAP,seq_1104,0,11.868004,6.1697693
Ankh2-ext1,UMAP,seq_1105,0,9.231825,10.376154
Ankh2-ext1,UMAP,seq_1106,0,9.423794,8.27186
Ankh2-ext1,UMAP,seq_1107,0,9.839211,7.716967
Ankh2-ext1,UMAP,seq_1108,0,13.144944,11.270273
Ankh2-ext1,UMAP,seq_1109,0,9.818264,7.693173
Ankh2-ext1,UMAP,seq_1110,0,8.487255,8.040582
Ankh2-ext1,UMAP,seq_1111,0,13.127848,11.344842
Ankh2-ext1,UMAP,seq_1112,0,9.143476,10.456804
Ankh2-ext1,UMAP,seq_1113,0,10.445549,3.9524596
Ankh2-ext1,UMAP,seq_1114,0,10.168659,8.898332
Ankh2-ext1,UMAP,seq_1115,0,9.949611,7.4025764
Ankh2-ext1,UMAP,seq_1116,0,10.337998,8.762819
Ankh2-ext1,UMAP,seq_1117,0,10.075241,8.438666
Ankh2-ext1,UMAP,seq_1118,0,9.215474,8.942484
Ankh2-ext1,UMAP,seq_1119,0,10.894902,9.368721
Ankh2-ext1,UMAP,seq_1120,0,9.816715,8.333032
Ankh2-ext1,UMAP,seq_1121,0,9.398632,7.367546
Ankh2-ext1,UMAP,seq_1122,0,9.212922,6.7607102
Ankh2-ext1,UMAP,seq_1123,0,10.108061,8.449844
Ankh2-ext1,UMAP,seq_1124,0,9.393876,7.4690924
Ankh2-ext1,UMAP,seq_1125,0,8.298978,7.6630826
Ankh2-ext1,UMAP,seq_1126,0,8.715768,8.120765
Ankh2-ext1,UMAP,seq_1127,0,9.231032,10.415492
Ankh2-ext1,UMAP,seq_1128,0,11.176226,6.855596
Ankh2-ext1,UMAP,seq_1129,0,10.743626,7.011734
Ankh2-ext1,UMAP,seq_1130,0,8.925725,7.92275
Ankh2-ext1,UMAP,seq_1131,0,9.665809,7.975592
Ankh2-ext1,UMAP,seq_1132,0,9.868041,8.02738
Ankh2-ext1,UMAP,seq_1133,0,10.815774,3.9783661
Ankh2-ext1,UMAP,seq_1134,0,10.1199665,8.107277
Ankh2-ext1,UMAP,seq_1135,0,13.287291,11.442093
Ankh2-ext1,UMAP,seq_1136,0,9.322486,7.5246177
Ankh2-ext1,UMAP,seq_1137,0,10.413611,9.06644
Ankh2-ext1,UMAP,seq_1138,0,9.891842,8.529907
Ankh2-ext1,UMAP,seq_1139,0,10.97149,9.198412
Ankh2-ext1,UMAP,seq_1140,0,11.1897,7.252858
Ankh2-ext1,UMAP,seq_1141,0,14.159398,7.8916864
Ankh2-ext1,UMAP,seq_1142,0,8.832067,8.309576
Ankh2-ext1,UMAP,seq_1143,0,9.829121,7.21658
Ankh2-ext1,UMAP,seq_1144,0,12.709395,2.8434427
Ankh2-ext1,UMAP,seq_1145,0,10.813681,6.3120503
Ankh2-ext1,UMAP,seq_1146,0,9.314063,8.944259
Ankh2-ext1,UMAP,seq_1147,0,9.6362295,11.1286745
Ankh2-ext1,UMAP,seq_1148,0,10.853135,4.027805
Ankh2-ext1,UMAP,seq_1149,0,11.17313,5.123891
Ankh2-ext1,UMAP,seq_1150,0,8.668668,8.668909
Ankh2-ext1,UMAP,seq_1151,0,9.288343,7.5025973
Ankh2-ext1,UMAP,seq_1152,0,10.849333,8.87256
Ankh2-ext1,UMAP,seq_1153,0,11.594554,8.129431
Ankh2-ext1,UMAP,seq_1154,0,9.138438,9.221354
Ankh2-ext1,UMAP,seq_1155,0,9.248034,10.359508
Ankh2-ext1,UMAP,seq_1156,0,14.654523,3.1106257
Ankh2-ext1,UMAP,seq_1157,0,9.8287735,8.425491
Ankh2-ext1,UMAP,seq_1158,0,9.479468,7.569683
Ankh2-ext1,UMAP,seq_1159,0,10.673802,8.623164
Ankh2-ext1,UMAP,seq_1160,0,10.731899,8.768502
Ankh2-ext1,UMAP,seq_1161,0,9.006412,9.530378
Ankh2-ext1,UMAP,seq_1162,0,9.1977415,10.4504385
Ankh2-ext1,UMAP,seq_1163,0,8.005215,7.968793
Ankh2-ext1,UMAP,seq_1164,0,9.908338,8.657278
Ankh2-ext1,UMAP,seq_1165,0,10.8390465,4.0998964
Ankh2-ext1,UMAP,seq_1166,0,12.524132,7.745543
Ankh2-ext1,UMAP,seq_1167,0,9.757822,9.469468
Ankh2-ext1,UMAP,seq_1168,0,10.181243,8.191076
Ankh2-ext1,UMAP,seq_1169,0,10.384209,9.1709795
Ankh2-ext1,UMAP,seq_1170,0,9.832632,8.314576
Ankh2-ext1,UMAP,seq_1171,0,9.8448,7.7544866
Ankh2-ext1,UMAP,seq_1172,0,9.637132,11.057477
Ankh2-ext1,UMAP,seq_1173,0,9.868854,9.210005
Ankh2-ext1,UMAP,seq_1174,0,9.73,8.329687
Ankh2-ext1,UMAP,seq_1175,0,8.826643,7.49918
Ankh2-ext1,UMAP,seq_1176,0,9.941767,8.480788
Ankh2-ext1,UMAP,seq_1177,0,9.591805,7.6348877
Ankh2-ext1,UMAP,seq_1178,0,12.812502,11.289793
Ankh2-ext1,UMAP,seq_1179,0,10.117507,10.163889
Ankh2-ext1,UMAP,seq_1180,0,9.502855,10.829389
Ankh2-ext1,UMAP,seq_1181,0,11.660502,7.5049534
Ankh2-ext1,UMAP,seq_1182,0,9.912559,8.450261
Ankh2-ext1,UMAP,seq_1183,0,10.041373,10.057473
Ankh2-ext1,UMAP,seq_1184,0,11.810369,9.45861
Ankh2-ext1,UMAP,seq_1185,0,9.663597,8.165579
Ankh2-ext1,UMAP,seq_1186,0,9.55589,7.8720093
Ankh2-ext1,UMAP,seq_1187,0,7.894647,7.6603913
Ankh2-ext1,UMAP,seq_1188,0,9.9313545,9.072868
Ankh2-ext1,UMAP,seq_1189,0,9.170821,7.4513125
Ankh2-ext1,UMAP,seq_1190,0,10.139353,8.2016945
Ankh2-ext1,UMAP,seq_1191,0,12.761926,5.2592616
Ankh2-ext1,UMAP,seq_1192,0,11.841379,6.792174
Ankh2-ext1,UMAP,seq_1193,0,9.079929,9.105733
Ankh2-ext1,UMAP,seq_1194,0,8.4531355,9.824212
Ankh2-ext1,UMAP,seq_1195,0,9.280356,-7.046627
Ankh2-ext1,UMAP,seq_1196,0,13.10927,11.452901
Ankh2-ext1,UMAP,seq_1197,0,10.018304,9.570411
Ankh2-ext1,UMAP,seq_1198,0,11.864667,7.5709176
Ankh2-ext1,UMAP,seq_1199,0,9.649093,11.121299
Ankh2-ext1,UMAP,seq_1200,0,9.508855,6.8867908
Ankh2-ext1,UMAP,seq_1201,0,14.238896,6.712188
Ankh2-ext1,UMAP,seq_1202,0,13.246777,11.38701
Ankh2-ext1,UMAP,seq_1203,0,9.14358,8.288502
Ankh2-ext1,UMAP,seq_1204,0,9.114687,12.05679
Ankh2-ext1,UMAP,seq_1205,0,11.172103,5.177941
Ankh2-ext1,UMAP,seq_1206,0,14.634247,3.1035945
Ankh2-ext1,UMAP,seq_1207,0,11.153411,5.043865
Ankh2-ext1,UMAP,seq_1208,0,11.824706,7.22795
Ankh2-ext1,UMAP,seq_1209,0,10.038686,8.072637
Ankh2-ext1,UMAP,seq_1210,0,12.947867,11.218869
Ankh2-ext1,UMAP,seq_1211,0,7.909218,8.466831
Ankh2-ext1,UMAP,seq_1212,0,8.47993,7.0006237
Ankh2-ext1,UMAP,seq_1213,0,10.691048,9.130847
Ankh2-ext1,UMAP,seq_1214,0,8.506092,10.1137905
Ankh2-ext1,UMAP,seq_1215,0,10.485692,9.199424
Ankh2-ext1,UMAP,seq_1216,0,9.61581,11.144147
Ankh2-ext1,UMAP,seq_1217,0,9.390139,7.4864297
Ankh2-ext1,UMAP,seq_1218,0,9.690735,8.571568
Ankh2-ext1,UMAP,seq_1219,0,10.422069,8.970901
Ankh2-ext1,UMAP,seq_1220,0,9.903329,7.486763
Ankh2-ext1,UMAP,seq_1221,0,9.534201,7.47156
Ankh2-ext1,UMAP,seq_1222,0,9.772676,8.155849
Ankh2-ext1,UMAP,seq_1223,0,11.449358,4.423496
Ankh2-ext1,UMAP,seq_1224,0,10.036828,8.309545
Ankh2-ext1,UMAP,seq_1225,0,10.282038,8.945183
Ankh2-ext1,UMAP,seq_1226,0,11.282654,4.4141555
Ankh2-ext1,UMAP,seq_1227,0,12.985976,11.31344
Ankh2-ext1,UMAP,seq_1228,0,12.682596,7.0458536
Ankh2-ext1,UMAP,seq_1229,0,9.41599,9.491799
Ankh2-ext1,UMAP,seq_1230,0,11.400043,8.38312
Ankh2-ext1,UMAP,seq_1231,0,9.8355875,10.126234
Ankh2-ext1,UMAP,seq_1232,0,8.322446,8.259471
Ankh2-ext1,UMAP,seq_1233,0,9.94313,8.315097
Ankh2-ext1,UMAP,seq_1234,0,12.153272,6.3250003
Ankh2-ext1,UMAP,seq_1235,0,11.428243,7.627335
Ankh2-ext1,UMAP,seq_1236,0,10.390792,9.172033
Ankh2-ext1,UMAP,seq_1237,0,12.189875,8.410032
Ankh2-ext1,UMAP,seq_1238,0,8.1026,8.38064
Ankh2-ext1,UMAP,seq_1239,0,9.931659,7.9973974
Ankh2-ext1,UMAP,seq_1240,0,10.685076,4.2486234
Ankh2-ext1,UMAP,seq_1241,0,12.193049,6.244056
Ankh2-ext1,UMAP,seq_1242,0,8.122497,9.835978
Ankh2-ext1,UMAP,seq_1243,0,10.959004,4.736844
Ankh2-ext1,UMAP,seq_1244,0,12.062656,7.995722
Ankh2-ext1,UMAP,seq_1245,0,9.908313,10.094627
Ankh2-ext1,UMAP,seq_1246,0,12.411575,6.804354
Ankh2-ext1,UMAP,seq_1247,0,8.724356,9.056578
Ankh2-ext1,UMAP,seq_1248,0,7.584289,7.582703
Ankh2-ext1,UMAP,seq_1249,0,8.151669,9.418721
Ankh2-ext1,UMAP,seq_1250,0,12.414968,6.7782006
Ankh2-ext1,UMAP,seq_1251,0,11.480521,6.408431
Ankh2-ext1,UMAP,seq_1252,0,9.372342,7.478337
Ankh2-ext1,UMAP,seq_1253,0,11.021811,6.4662724
Ankh2-ext1,UMAP,seq_1254,0,11.808204,7.0945563
Ankh2-ext1,UMAP,seq_1255,0,10.785068,9.2854595
Ankh2-ext1,UMAP,seq_1256,0,11.961042,7.169752
Ankh2-ext1,UMAP,seq_1257,0,9.087911,8.341166
Ankh2-ext1,UMAP,seq_1258,0,10.163316,7.3440113
Ankh2-ext1,UMAP,seq_1259,0,10.048993,9.660686
Ankh2-ext1,UMAP,seq_1260,0,11.628879,8.808848
Ankh2-ext1,UMAP,seq_1261,0,11.000822,6.9303565
Ankh2-ext1,UMAP,seq_1262,0,9.882553,8.366276
Ankh2-ext1,UMAP,seq_1263,0,12.285021,6.1936884
Ankh2-ext1,UMAP,seq_1264,0,9.084843,7.6309266
Ankh2-ext1,UMAP,seq_1265,0,9.781749,8.92932
Ankh2-ext1,UMAP,seq_1266,0,12.059154,9.377838
Ankh2-ext1,UMAP,seq_1267,0,11.375028,7.0957813
Ankh2-ext1,UMAP,seq_1268,0,11.991691,9.012452
Ankh2-ext1,UMAP,seq_1269,0,7.8744073,2.1589005
Ankh2-ext1,UMAP,seq_1270,0,9.748771,8.942182
Ankh2-ext1,UMAP,seq_1271,0,9.8588705,8.45075
Ankh2-ext1,UMAP,seq_1272,0,8.996073,9.573827
Ankh2-ext1,UMAP,seq_1273,0,11.301943,7.4725833
Ankh2-ext1,UMAP,seq_1274,0,10.240643,9.39837
Ankh2-ext1,UMAP,seq_1275,0,10.045807,9.103737
Ankh2-ext1,UMAP,seq_1276,0,12.003769,6.843167
Ankh2-ext1,UMAP,seq_1277,0,6.838213,7.6314454
Ankh2-ext1,UMAP,seq_1278,0,12.927558,11.359097
Ankh2-ext1,UMAP,seq_1279,0,9.770347,9.020374
Ankh2-ext1,UMAP,seq_1280,0,9.920054,9.521801
Ankh2-ext1,UMAP,seq_1281,0,9.097999,12.109281
Ankh2-ext1,UMAP,seq_1282,0,12.583286,5.6694436
Ankh2-ext1,UMAP,seq_1283,0,10.0216465,10.053886
Ankh2-ext1,UMAP,seq_1284,0,9.719166,8.944088
Ankh2-ext1,UMAP,seq_1285,0,10.313954,9.246741
Ankh2-ext1,UMAP,seq_1286,0,12.973977,11.33612
Ankh2-ext1,UMAP,seq_1287,0,12.225685,7.111328
Ankh2-ext1,UMAP,seq_1288,0,9.788375,9.010849
Ankh2-ext1,UMAP,seq_1289,0,11.030528,8.68132
Ankh2-ext1,UMAP,seq_1290,0,7.943167,7.368942
Ankh2-ext1,UMAP,seq_1291,0,11.356221,7.2905273
Ankh2-ext1,UMAP,seq_1292,0,9.457325,9.032905
Ankh2-ext1,UMAP,seq_1293,0,9.674989,8.6721735
Ankh2-ext1,UMAP,seq_1294,0,9.646504,9.376223
Ankh2-ext1,UMAP,seq_1295,0,12.786674,11.063783
Ankh2-ext1,UMAP,seq_1296,0,9.00829,10.156977
Ankh2-ext1,UMAP,seq_1297,0,13.175172,11.279904
Ankh2-ext1,UMAP,seq_1298,0,9.170024,7.6403418
Ankh2-ext1,UMAP,seq_1299,0,8.908781,9.54545
Ankh2-ext1,UMAP,seq_1300,0,10.916682,9.838637
Ankh2-ext1,UMAP,seq_1301,0,9.129482,12.087859
Ankh2-ext1,UMAP,seq_1302,0,11.842304,6.737201
Ankh2-ext1,UMAP,seq_1303,0,9.135181,9.162499
Ankh2-ext1,UMAP,seq_1304,0,8.890159,9.472164
Ankh2-ext1,UMAP,seq_1305,0,6.6151285,7.7375836
Ankh2-ext1,UMAP,seq_1306,0,9.125337,8.799313
Ankh2-ext1,UMAP,seq_1307,0,12.10793,7.767009
Ankh2-ext1,UMAP,seq_1308,0,6.7176337,7.7998176
Ankh2-ext1,UMAP,seq_1309,0,8.171924,10.059674
Ankh2-ext1,UMAP,seq_1310,0,11.406922,7.5475283
Ankh2-ext1,UMAP,seq_1311,0,7.934533,8.448211
Ankh2-ext1,UMAP,seq_1312,0,9.520846,8.162452
Ankh2-ext1,UMAP,seq_1313,0,11.890382,5.8383155
Ankh2-ext1,UMAP,seq_1314,0,10.444461,10.056588
Ankh2-ext1,UMAP,seq_1315,0,10.480644,9.3958
Ankh2-ext1,UMAP,seq_1316,0,9.547097,8.014586
Ankh2-ext1,UMAP,seq_1317,0,9.755643,8.948312
Ankh2-ext1,UMAP,seq_1318,0,8.690341,10.032911
Ankh2-ext1,UMAP,seq_1319,0,9.458622,7.12192
Ankh2-ext1,UMAP,seq_1320,0,12.662284,3.3095527
Ankh2-ext1,UMAP,seq_1321,0,8.1022,8.93176
Ankh2-ext1,UMAP,seq_1322,0,10.977509,4.4899397
Ankh2-ext1,UMAP,seq_1323,0,11.201658,5.595702
Ankh2-ext1,UMAP,seq_1324,0,10.061381,7.415848
Ankh2-ext1,UMAP,seq_1325,0,12.615389,4.440461
Ankh2-ext1,UMAP,seq_1326,0,10.338489,9.125132
Ankh2-ext1,UMAP,seq_1327,0,10.809034,6.5618925
Ankh2-ext1,UMAP,seq_1328,0,9.106255,12.100001
Ankh2-ext1,UMAP,seq_1329,0,9.847026,8.529803
Ankh2-ext1,UMAP,seq_1330,0,8.916097,9.213767
Ankh2-ext1,UMAP,seq_1331,0,8.863242,9.050386
Ankh2-ext1,UMAP,seq_1332,0,9.36487,9.515419
Ankh2-ext1,UMAP,seq_1333,0,9.7078495,9.457806
Ankh2-ext1,UMAP,seq_1334,0,12.940873,11.373776
Ankh2-ext1,UMAP,seq_1335,0,8.362649,8.629259
Ankh2-ext1,UMAP,seq_1336,0,10.9147,9.80198
Ankh2-ext1,UMAP,seq_1337,0,12.940598,11.332704
Ankh2-ext1,UMAP,seq_1338,0,8.003752,7.918267
Ankh2-ext1,UMAP,seq_1339,0,8.317418,8.589236
Ankh2-ext1,UMAP,seq_1340,0,9.42533,9.519446
Ankh2-ext1,UMAP,seq_1341,0,10.547239,9.200743
Ankh2-ext1,UMAP,seq_1342,0,11.38215,9.501834
Ankh2-ext1,UMAP,seq_1343,0,9.265623,9.868982
Ankh2-ext1,UMAP,seq_1344,0,7.523805,7.809891
Ankh2-ext1,UMAP,seq_1345,0,9.070272,9.967592
Ankh2-ext1,UMAP,seq_1346,0,9.248168,7.7391076
Ankh2-ext1,UMAP,seq_1347,0,10.864841,9.80741
Ankh2-ext1,UMAP,seq_1348,0,10.032335,8.121334
Ankh2-ext1,UMAP,seq_1349,0,8.665111,8.556762
Ankh2-ext1,UMAP,seq_1350,0,8.860451,9.212167
Ankh2-ext1,UMAP,seq_1351,0,9.98669,10.095115
Ankh2-ext1,UMAP,seq_1352,0,8.530205,8.500789
Ankh2-ext1,UMAP,seq_1353,0,9.021628,10.091654
Ankh2-ext1,UMAP,seq_1354,0,9.307412,9.9922085
Ankh2-ext1,UMAP,seq_1355,0,12.954658,11.246335
Ankh2-ext1,UMAP,seq_1356,0,10.644181,9.978288
Ankh2-ext1,UMAP,seq_1357,0,9.190943,9.650428
Ankh2-ext1,UMAP,seq_1358,0,8.567307,8.83925
Ankh2-ext1,UMAP,seq_1359,0,9.668852,9.62397
Ankh2-ext1,UMAP,seq_1360,0,8.658152,9.173705
Ankh2-ext1,UMAP,seq_1361,0,8.651912,8.820186
Ankh2-ext1,UMAP,seq_1362,0,9.999571,10.010333
Ankh2-ext1,UMAP,seq_1363,0,12.141982,9.4039545
Ankh2-ext1,UMAP,seq_1364,0,9.7155905,9.508269
Ankh2-ext1,UMAP,seq_1365,0,9.352202,7.499302
Ankh2-ext1,UMAP,seq_1366,0,8.719729,7.8910503
Ankh2-ext1,UMAP,seq_1367,0,10.142292,9.795366
Ankh2-ext1,UMAP,seq_1368,0,8.495926,8.74158
Ankh2-ext1,UMAP,seq_1369,0,8.715666,8.87097
Ankh2-ext1,UMAP,seq_1370,0,9.12144,8.19589
Ankh2-ext1,UMAP,seq_1371,0,9.474444,8.080779
Ankh2-ext1,UMAP,seq_1372,0,10.671821,9.857831
Ankh2-ext1,UMAP,seq_1373,0,9.368372,7.3880754
Ankh2-ext1,UMAP,seq_1374,0,8.381647,8.619936
Ankh2-ext1,UMAP,seq_1375,0,8.915939,9.666883
Ankh2-ext1,UMAP,seq_1376,0,8.598152,8.975314
Ankh2-ext1,UMAP,seq_1377,0,9.698166,9.443678
Ankh2-ext1,UMAP,seq_1378,0,8.276928,9.338802
Ankh2-ext1,UMAP,seq_1379,0,9.108121,7.917398
Ankh2-ext1,UMAP,seq_1380,0,10.518968,9.698394
Ankh2-ext1,UMAP,seq_1381,0,8.770034,9.103832
Ankh2-ext1,UMAP,seq_1382,0,9.893098,10.184226
Ankh2-ext1,UMAP,seq_1383,0,8.74952,8.903292
Ankh2-ext1,UMAP,seq_1384,0,9.818188,8.304628
Ankh2-ext1,UMAP,seq_1385,0,8.435997,9.270475
Ankh2-ext1,UMAP,seq_1386,0,9.055757,9.965967
Ankh2-ext1,UMAP,seq_1387,0,9.963361,10.088082
Ankh2-ext1,UMAP,seq_1388,0,9.357911,9.428159
Ankh2-ext1,UMAP,seq_1389,0,9.914567,10.181245
Ankh2-ext1,UMAP,seq_1390,0,8.749035,8.784798
Ankh2-ext1,UMAP,seq_1391,0,8.8181,8.82992
Ankh2-ext1,UMAP,seq_1392,0,9.957942,9.988834
Ankh2-ext1,UMAP,seq_1393,0,8.088802,7.4612617
Ankh2-ext1,UMAP,seq_1394,0,8.707906,9.7331915
Ankh2-ext1,UMAP,seq_1395,0,10.017863,8.010717
Ankh2-ext1,UMAP,seq_1396,0,10.060353,10.038217
Ankh2-ext1,UMAP,seq_1397,0,11.8701935,9.738461
Ankh2-ext1,UMAP,seq_1398,0,9.938267,10.20337
Ankh2-ext1,UMAP,seq_1399,0,10.321235,9.298969
Ankh2-ext1,UMAP,seq_1400,0,7.3528557,7.7306614
Ankh2-ext1,UMAP,seq_1401,0,8.75737,8.946745
Ankh2-ext1,UMAP,seq_1402,0,24.543173,11.8391695
Ankh2-ext1,UMAP,seq_1403,0,9.702866,9.538045
Ankh2-ext1,UMAP,seq_1404,0,8.741893,8.301171
Ankh2-ext1,UMAP,seq_1405,0,11.813282,7.3099794
Ankh2-ext1,UMAP,seq_1406,0,9.647734,11.135765
Ankh2-ext1,UMAP,seq_1407,0,11.690954,6.9019294
Ankh2-ext1,UMAP,seq_1408,0,11.210501,7.699998
Ankh2-ext1,UMAP,seq_1409,0,10.236136,9.051627
Ankh2-ext1,UMAP,seq_1410,0,11.815373,7.6921487
Ankh2-ext1,UMAP,seq_1411,0,15.840487,5.60229
Ankh2-ext1,UMAP,seq_1412,0,12.335105,6.928977
Ankh2-ext1,UMAP,seq_1413,0,10.294015,9.386394
Ankh2-ext1,UMAP,seq_1414,0,11.272094,12.0444
Ankh2-ext1,UMAP,seq_1415,0,6.4116244,9.771388
Ankh2-ext1,UMAP,seq_1416,0,11.310422,8.55245
Ankh2-ext1,UMAP,seq_1417,0,11.038588,9.189076
Ankh2-ext1,UMAP,seq_1418,0,11.055584,7.0065484
Ankh2-ext1,UMAP,seq_1419,0,12.363704,6.861842
Ankh2-ext1,UMAP,seq_1420,0,11.110836,8.430822
Ankh2-ext1,UMAP,seq_1421,0,12.82545,8.744907
Ankh2-ext1,UMAP,seq_1422,0,11.059282,5.0126357
Ankh2-ext1,UMAP,seq_1423,0,12.711831,7.048438
Ankh2-ext1,UMAP,seq_1424,0,9.975277,10.093083
Ankh2-ext1,UMAP,seq_1425,0,9.595462,7.4786983
Ankh2-ext1,UMAP,seq_1426,0,10.339919,7.8855577
Ankh2-ext1,UMAP,seq_1427,0,11.545466,8.178789
Ankh2-ext1,UMAP,seq_1428,0,8.515578,6.9377537
Ankh2-ext1,UMAP,seq_1429,0,8.331756,8.574452
Ankh2-ext1,UMAP,seq_1430,0,11.233394,12.404185
Ankh2-ext1,UMAP,seq_1431,0,12.218095,6.073842
Ankh2-ext1,UMAP,seq_1432,0,11.508503,12.543779
Ankh2-ext1,UMAP,seq_1433,0,12.2172365,6.1202
Ankh2-ext1,UMAP,seq_1434,0,11.354099,7.733987
Ankh2-ext1,UMAP,seq_1435,0,12.670268,7.3065987
Ankh2-ext1,UMAP,seq_1436,0,12.520889,3.2141776
Ankh2-ext1,UMAP,seq_1437,0,12.651921,6.951559
Ankh2-ext1,UMAP,seq_1438,0,10.555581,9.166352
Ankh2-ext1,UMAP,seq_1439,0,11.7803955,7.013487
Ankh2-ext1,UMAP,seq_1440,0,11.6788225,7.11647
Ankh2-ext1,UMAP,seq_1441,0,10.28662,9.318213
Ankh2-ext1,UMAP,seq_1442,0,10.064907,9.481429
Ankh2-ext1,UMAP,seq_1443,0,11.14099,6.6560974
Ankh2-ext1,UMAP,seq_1444,0,9.278482,7.4651594
Ankh2-ext1,UMAP,seq_1445,0,11.189806,5.236722
Ankh2-ext1,UMAP,seq_1446,0,13.169414,11.391533
Ankh2-ext1,UMAP,seq_1447,0,9.539266,7.371173
Ankh2-ext1,UMAP,seq_1448,0,9.046071,7.7568774
Ankh2-ext1,UMAP,seq_1449,0,9.270996,7.5721803
Ankh2-ext1,UMAP,seq_1450,0,11.156165,12.350997
Ankh2-ext1,UMAP,seq_1451,0,10.308598,8.902419
Ankh2-ext1,UMAP,seq_1452,0,8.527232,7.885799
Ankh2-ext1,UMAP,seq_1453,0,10.3589,9.509889
Ankh2-ext1,UMAP,seq_1454,0,10.254577,8.549483
Ankh2-ext1,UMAP,seq_1455,0,9.0900955,7.656789
Ankh2-ext1,UMAP,seq_1456,0,7.4374356,9.295558
Ankh2-ext1,UMAP,seq_1457,0,8.934201,9.736217
Ankh2-ext1,UMAP,seq_1458,0,11.465162,8.365133
Ankh2-ext1,UMAP,seq_1459,0,8.600672,10.23689
Ankh2-ext1,UMAP,seq_1460,0,8.412185,8.480274
Ankh2-ext1,UMAP,seq_1461,0,12.900767,11.309136
Ankh2-ext1,UMAP,seq_1462,0,9.980714,8.319921
Ankh2-ext1,UMAP,seq_1463,0,8.601111,9.4318905
Ankh2-ext1,UMAP,seq_1464,0,9.87695,8.23774
Ankh2-ext1,UMAP,seq_1465,0,8.671461,10.144563
Ankh2-ext1,UMAP,seq_1466,0,11.236539,5.37271
Ankh2-ext1,UMAP,seq_1467,0,9.158484,7.789863
Ankh2-ext1,UMAP,seq_1468,0,7.4550657,7.5814767
Ankh2-ext1,UMAP,seq_1469,0,9.252948,9.201725
Ankh2-ext1,UMAP,seq_1470,0,11.301642,12.181861
Ankh2-ext1,UMAP,seq_1471,0,9.465333,8.314768
Ankh2-ext1,UMAP,seq_1472,0,8.472375,10.019211
Ankh2-ext1,UMAP,seq_1473,0,7.867832,8.743609
Ankh2-ext1,UMAP,seq_1474,0,10.574398,7.48585
Ankh2-ext1,UMAP,seq_1475,0,11.4563675,4.4768147
Ankh2-ext1,UMAP,seq_1476,0,12.417661,10.661176
Ankh2-ext1,UMAP,seq_1477,0,9.468226,8.360375
Ankh2-ext1,UMAP,seq_1478,0,14.231617,6.695651
Ankh2-ext1,UMAP,seq_1479,0,9.702676,10.024953
Ankh2-ext1,UMAP,seq_1480,0,9.935227,9.7257395
Ankh2-ext1,UMAP,seq_1481,0,9.600076,7.5380087
Ankh2-ext1,UMAP,seq_1482,0,11.601047,5.9441733
Ankh2-ext1,UMAP,seq_1483,0,11.358849,5.8239026
Ankh2-ext1,UMAP,seq_1484,0,11.326993,5.3818693
Ankh2-ext1,UMAP,seq_1485,0,13.015583,11.467086
Ankh2-ext1,UMAP,seq_1486,0,9.653034,9.486319
Ankh2-ext1,UMAP,seq_1487,0,12.949946,7.2221866
Ankh2-ext1,UMAP,seq_1488,0,13.114534,11.447041
Ankh2-ext1,UMAP,seq_1489,0,9.739956,7.5416985
Ankh2-ext1,UMAP,seq_1490,0,7.5529146,8.824163
Ankh2-ext1,UMAP,seq_1491,0,10.973195,11.822684
Ankh2-ext1,UMAP,seq_1492,0,8.509031,9.31969
Ankh2-ext1,UMAP,seq_1493,0,8.88585,7.793974
Ankh2-ext1,UMAP,seq_1494,0,8.779861,7.056641
Ankh2-ext1,UMAP,seq_1495,0,12.17189,6.8967843
Ankh2-ext1,UMAP,seq_1496,0,11.132338,12.389173
Ankh2-ext1,UMAP,seq_1497,0,9.833729,2.1960897
Ankh2-ext1,UMAP,seq_1498,0,8.111411,7.5638995
Ankh2-ext1,UMAP,seq_1499,0,12.872161,11.311101
Ankh2-ext1,UMAP,seq_1500,0,10.979161,6.976965
Ankh2-ext1,UMAP,seq_1501,0,13.2606125,11.393678
Ankh2-ext1,UMAP,seq_1502,0,11.5179615,8.574816
Ankh2-ext1,UMAP,seq_1503,0,10.188123,9.676304
Ankh2-ext1,UMAP,seq_1504,0,10.571518,9.217024
Ankh2-ext1,UMAP,seq_1505,0,9.91213,9.891734
Ankh2-ext1,UMAP,seq_1506,0,12.533707,7.7100077
Ankh2-ext1,UMAP,seq_1507,0,10.601878,7.3121085
Ankh2-ext1,UMAP,seq_1508,0,9.746686,7.84092
Ankh2-ext1,UMAP,seq_1509,0,8.807013,8.179705
Ankh2-ext1,UMAP,seq_1510,0,12.954699,5.420849
Ankh2-ext1,UMAP,seq_1511,0,9.775454,8.362867
Ankh2-ext1,UMAP,seq_1512,0,12.261177,6.9340267
Ankh2-ext1,UMAP,seq_1513,0,12.089404,5.8225446
Ankh2-ext1,UMAP,seq_1514,0,12.490781,7.722409
Ankh2-ext1,UMAP,seq_1515,0,12.259663,6.8308406
Ankh2-ext1,UMAP,seq_1516,0,9.416626,7.5484767
Ankh2-ext1,UMAP,seq_1517,0,8.349754,7.974345
Ankh2-ext1,UMAP,seq_1518,0,9.401329,7.4270997
Ankh2-ext1,UMAP,seq_1519,0,8.195678,7.6181083
Ankh2-ext1,UMAP,seq_1520,0,9.6757345,6.941687
Ankh2-ext1,UMAP,seq_1521,0,8.004102,7.6437006
Ankh2-ext1,UMAP,seq_1522,0,9.32737,7.530823
Ankh2-ext1,UMAP,seq_1523,0,8.998251,7.589519
Ankh2-ext1,UMAP,seq_1524,0,8.268589,10.059394
Ankh2-ext1,UMAP,seq_1525,0,12.90949,11.073677
Ankh2-ext1,UMAP,seq_1526,0,8.069393,9.405288
Ankh2-ext1,UMAP,seq_1527,0,11.670394,7.0062623
Ankh2-ext1,UMAP,seq_1528,0,12.485175,11.117152
Ankh2-ext1,UMAP,seq_1529,0,11.3664465,4.7227345
Ankh2-ext1,UMAP,seq_1530,0,11.17915,7.108897
Ankh2-ext1,UMAP,seq_1531,0,7.6950197,8.244029
Ankh2-ext1,UMAP,seq_1532,0,10.579245,6.2752433
Ankh2-ext1,UMAP,seq_1533,0,12.59084,6.924721
Ankh2-ext1,UMAP,seq_1534,0,9.180435,9.4279785
Ankh2-ext1,UMAP,seq_1535,0,9.817639,9.608037
Ankh2-ext1,UMAP,seq_1536,0,11.1585045,5.3368387
Ankh2-ext1,UMAP,seq_1537,0,11.513962,6.6060753
Ankh2-ext1,UMAP,seq_1538,0,10.771087,4.882475
Ankh2-ext1,UMAP,seq_1539,0,9.105143,9.809289
Ankh2-ext1,UMAP,seq_1540,0,10.817446,9.691384
Ankh2-ext1,UMAP,seq_1541,0,9.863583,8.165919
Ankh2-ext1,UMAP,seq_1542,0,7.397471,7.9118004
Ankh2-ext1,UMAP,seq_1543,0,11.794305,6.231082
Ankh2-ext1,UMAP,seq_1544,0,8.339158,8.64703
Ankh2-ext1,UMAP,seq_1545,0,9.341308,7.5001483
Ankh2-ext1,UMAP,seq_1546,0,8.51689,6.9507055
Ankh2-ext1,UMAP,seq_1547,0,11.334673,8.271444
Ankh2-ext1,UMAP,seq_1548,0,11.869275,7.2044897
Ankh2-ext1,UMAP,seq_1549,0,11.937993,7.0132885
Ankh2-ext1,UMAP,seq_1550,0,7.515502,7.7915206
Ankh2-ext1,UMAP,seq_1551,0,8.713322,9.812478
Ankh2-ext1,UMAP,seq_1552,0,11.750499,7.061514
Ankh2-ext1,UMAP,seq_1553,0,8.734781,8.675821
Ankh2-ext1,UMAP,seq_1554,0,9.619878,7.632945
Ankh2-ext1,UMAP,seq_1555,0,10.661484,4.489809
Ankh2-ext1,UMAP,seq_1556,0,9.573578,8.29876
Ankh2-ext1,UMAP,seq_1557,0,10.69253,4.4634438
Ankh2-ext1,UMAP,seq_1558,0,10.740961,4.6652336
Ankh2-ext1,UMAP,seq_1559,0,10.842895,4.664171
Ankh2-ext1,UMAP,seq_1560,0,10.771572,4.664337
Ankh2-ext1,UMAP,seq_1561,0,10.808373,4.7409596
Ankh2-ext1,UMAP,seq_1562,0,12.309996,6.0981936
Ankh2-ext1,UMAP,seq_1563,0,8.913271,7.6913924
Ankh2-ext1,UMAP,seq_1564,0,9.079788,7.311934
Ankh2-ext1,UMAP,seq_1565,0,9.168343,7.754661
Ankh2-ext1,UMAP,seq_1566,0,11.642774,7.161829
Ankh2-ext1,UMAP,seq_1567,0,8.82619,7.158018
Ankh2-ext1,UMAP,seq_1568,0,11.781686,9.76713
Ankh2-ext1,UMAP,seq_1569,0,8.862095,8.959868
Ankh2-ext1,UMAP,seq_1570,0,11.182405,5.274482
Ankh2-ext1,UMAP,seq_1571,0,11.721406,7.190371
Ankh2-ext1,UMAP,seq_1572,0,9.551047,7.937717
Ankh2-ext1,UMAP,seq_1573,0,9.397126,7.8316727
Ankh2-ext1,UMAP,seq_1574,0,10.830194,9.655556
Ankh2-ext1,UMAP,seq_1575,0,9.307407,7.5186415
Ankh2-ext1,UMAP,seq_1576,0,9.842736,8.402982
Ankh2-ext1,UMAP,seq_1577,0,8.775762,10.339352
Ankh2-ext1,UMAP,seq_1578,0,9.842364,9.890148
Ankh2-ext1,UMAP,seq_1579,0,12.10077,6.845922
Ankh2-ext1,UMAP,seq_1580,0,8.922753,7.274126
Ankh2-ext1,UMAP,seq_1581,0,11.045781,5.0891366
Ankh2-ext1,UMAP,seq_1582,0,9.394758,7.5570083
Ankh2-ext1,UMAP,seq_1583,0,8.800896,7.148246
Ankh2-ext1,UMAP,seq_1584,0,11.995551,4.454948
Ankh2-ext1,UMAP,seq_1585,0,9.207558,8.696224
Ankh2-ext1,UMAP,seq_1586,0,9.785455,8.290722
Ankh2-ext1,UMAP,seq_1587,0,9.090198,12.120874
Ankh2-ext1,UMAP,seq_1588,0,11.606031,7.8016896
Ankh2-ext1,UMAP,seq_1589,0,11.603294,8.333624
Ankh2-ext1,UMAP,seq_1590,0,10.644922,7.40149
Ankh2-ext1,UMAP,seq_1591,0,11.531866,12.543729
Ankh2-ext1,UMAP,seq_1592,0,12.083856,7.568912
Ankh2-ext1,UMAP,seq_1593,0,14.239853,8.794629
Ankh2-ext1,UMAP,seq_1594,0,12.57211,8.797571
Ankh2-ext1,UMAP,seq_1595,0,11.967153,8.757984
Ankh2-ext1,UMAP,seq_1596,0,7.294602,8.912976
Ankh2-ext1,UMAP,seq_1597,0,12.766646,8.86722
Ankh2-ext1,UMAP,seq_1598,0,9.630766,5.757366
Ankh2-ext1,UMAP,seq_1599,0,11.041504,8.0022545
Ankh2-ext1,UMAP,seq_1600,0,8.651922,6.8604193
Ankh2-ext1,UMAP,seq_1601,0,12.140517,8.525565
Ankh2-ext1,UMAP,seq_1602,0,15.872045,5.539294
Ankh2-ext1,UMAP,seq_1603,0,8.3346,8.883951
Ankh2-ext1,UMAP,seq_1604,0,12.91567,8.4558115
Ankh2-ext1,UMAP,seq_1605,0,12.369904,9.999816
Ankh2-ext1,UMAP,seq_1606,0,13.899854,8.174139
Ankh2-ext1,UMAP,seq_1607,0,10.246359,6.0061445
Ankh2-ext1,UMAP,seq_1608,0,11.797722,5.8795915
Ankh2-ext1,UMAP,seq_1609,0,12.529218,7.813452
Ankh2-ext1,UMAP,seq_1610,0,7.4432826,7.2568064
Ankh2-ext1,UMAP,seq_1611,0,14.313103,7.861391
Ankh2-ext1,UMAP,seq_1612,0,10.569916,7.9711933
Ankh2-ext1,UMAP,seq_1613,0,9.538939,4.949312
Ankh2-ext1,UMAP,seq_1614,0,12.9652195,8.121758
Ankh2-ext1,UMAP,seq_1615,0,13.332111,8.454582
Ankh2-ext1,UMAP,seq_1616,0,9.416204,7.6001477
Ankh2-ext1,UMAP,seq_1617,0,12.76051,7.2176933
Ankh2-ext1,UMAP,seq_1618,0,5.1791153,8.174237
Ankh2-ext1,UMAP,seq_1619,0,14.655807,3.0764954
Ankh2-ext1,UMAP,seq_1620,0,8.22489,7.4827857
Ankh2-ext1,UMAP,seq_1621,0,8.105155,7.5345144
Ankh2-ext1,UMAP,seq_1622,0,11.512353,12.501146
Ankh2-ext1,UMAP,seq_1623,0,13.927271,8.550754
Ankh2-ext1,UMAP,seq_1624,0,9.9388275,7.2853007
Ankh2-ext1,UMAP,seq_1625,0,13.519635,8.17513
Ankh2-ext1,UMAP,seq_1626,0,9.560829,4.930264
Ankh2-ext1,UMAP,seq_1627,0,5.210683,8.201141
Ankh2-ext1,UMAP,seq_1628,0,9.833534,2.199775
Ankh2-ext1,UMAP,seq_1629,0,9.718775,5.2730136
Ankh2-ext1,UMAP,seq_1630,0,11.322575,7.870615
Ankh2-ext1,UMAP,seq_1631,0,8.094958,7.160895
Ankh2-ext1,UMAP,seq_1632,0,11.341162,12.306456
Ankh2-ext1,UMAP,seq_1633,0,8.193436,7.623678
Ankh2-ext1,UMAP,seq_1634,0,12.007517,6.907184
Ankh2-ext1,UMAP,seq_1635,0,7.83286,7.1733875
Ankh2-ext1,UMAP,seq_1636,0,11.2200985,7.1181645
Ankh2-ext1,UMAP,seq_1637,0,11.853648,7.887615
Ankh2-ext1,UMAP,seq_1638,0,9.100364,5.159468
Ankh2-ext1,UMAP,seq_1639,0,9.847377,5.622601
Ankh2-ext1,UMAP,seq_1640,0,7.7502728,5.6236973
Ankh2-ext1,UMAP,seq_1641,0,7.7621903,5.6435323
Ankh2-ext1,UMAP,seq_1642,0,8.4705925,6.9348516
Ankh2-ext1,UMAP,seq_1643,0,13.073247,7.869296
Ankh2-ext1,UMAP,seq_1644,0,11.7760315,9.678862
Ankh2-ext1,UMAP,seq_1645,0,9.608389,5.760096
Ankh2-ext1,UMAP,seq_1646,0,15.906767,5.5437446
Ankh2-ext1,UMAP,seq_1647,0,13.005851,8.290991
Ankh2-ext1,UMAP,seq_1648,0,8.586177,8.230061
Ankh2-ext1,UMAP,seq_1649,0,9.280379,-7.0465727
Ankh2-ext1,UMAP,seq_1650,0,13.6015625,7.750743
Ankh2-ext1,UMAP,seq_1651,0,13.834348,7.9524984
Ankh2-ext1,UMAP,seq_1652,0,12.437038,10.03415
Ankh2-ext1,UMAP,seq_1653,0,13.410232,8.753304
Ankh2-ext1,UMAP,seq_1654,0,12.722139,7.058843
Ankh2-ext1,UMAP,seq_1655,0,13.582879,7.676395
Ankh2-ext1,UMAP,seq_1656,0,8.718231,7.4585476
Ankh2-ext1,UMAP,seq_1657,0,13.359011,7.9601746
Ankh2-ext1,UMAP,seq_1658,0,12.265628,7.7100964
Ankh2-ext1,UMAP,seq_1659,0,5.7961364,7.7360578
Ankh2-ext1,UMAP,seq_1660,0,7.4763594,7.576883
Ankh2-ext1,UMAP,seq_1661,0,12.451731,8.459527
Ankh2-ext1,UMAP,seq_1662,0,8.764242,7.248375
Ankh2-ext1,UMAP,seq_1663,0,11.172838,8.027613
Ankh2-ext1,UMAP,seq_1664,0,13.108264,9.074231
Ankh2-ext1,UMAP,seq_1665,0,11.906904,8.690758
Ankh2-ext1,UMAP,seq_1666,0,12.406025,8.314719
Ankh2-ext1,UMAP,seq_1667,0,14.635982,8.572868
Ankh2-ext1,UMAP,seq_1668,0,11.645091,7.932323
Ankh2-ext1,UMAP,seq_1669,0,11.465948,7.4665117
Ankh2-ext1,UMAP,seq_1670,0,12.172511,7.6010246
Ankh2-ext1,UMAP,seq_1671,0,12.555667,8.259037
Ankh2-ext1,UMAP,seq_1672,0,9.907763,5.552148
Ankh2-ext1,UMAP,seq_1673,0,13.143805,8.5982685
Ankh2-ext1,UMAP,seq_1674,0,13.807177,8.805959
Ankh2-ext1,UMAP,seq_1675,0,9.763538,7.974758
Ankh2-ext1,UMAP,seq_1676,0,11.499823,12.476186
Ankh2-ext1,UMAP,seq_1677,0,12.788495,8.313834
Ankh2-ext1,UMAP,seq_1678,0,12.221338,8.590099
Ankh2-ext1,UMAP,seq_1679,0,11.466211,7.464945
Ankh2-ext1,UMAP,seq_1680,0,11.531916,12.541727
Ankh2-ext1,UMAP,seq_1681,0,12.776472,2.924665
Ankh2-ext1,UMAP,seq_1682,0,13.037621,9.187692
Ankh2-ext1,UMAP,seq_1683,0,14.195173,8.215518
Ankh2-ext1,UMAP,seq_1684,0,12.7307415,8.173243
Ankh2-ext1,UMAP,seq_1685,0,8.914636,7.4311767
Ankh2-ext1,UMAP,seq_1686,0,8.686796,10.52186
Ankh2-ext1,UMAP,seq_1687,0,6.1700554,9.829176
Ankh2-ext1,UMAP,seq_1688,0,8.81375,9.801158
Ankh2-ext1,UMAP,seq_1689,0,10.526412,7.2194924
Ankh2-ext1,UMAP,seq_1690,0,10.252822,6.0576444
Ankh2-ext1,UMAP,seq_1691,0,9.556204,5.1290984
Ankh2-ext1,UMAP,seq_1692,0,14.153108,7.9017854
Ankh2-ext1,UMAP,seq_1693,0,11.927605,9.02359
Ankh2-ext1,UMAP,seq_1694,0,8.508643,9.787212
Ankh2-ext1,UMAP,seq_1695,0,6.1295886,9.730762
Ankh2-ext1,UMAP,seq_1696,0,13.939655,8.895282
Ankh2-ext1,UMAP,seq_1697,0,13.416003,8.843881
Ankh2-ext1,UMAP,seq_1698,0,9.547038,5.7732434
Ankh2-ext1,UMAP,seq_1699,0,14.230861,7.8738503
Ankh2-ext1,UMAP,seq_1700,0,9.576986,5.7706685
Ankh2-ext1,UMAP,seq_1701,0,5.709076,7.825227
Ankh2-ext1,UMAP,seq_1702,0,12.285634,7.4238544
Ankh2-ext1,UMAP,seq_1703,0,14.256536,6.6930056
Ankh2-ext1,UMAP,seq_1704,0,12.310841,7.863542
Ankh2-ext1,UMAP,seq_1705,0,13.074841,11.304642
Ankh2-ext1,UMAP,seq_1706,0,7.249709,7.21091
Ankh2-ext1,UMAP,seq_1707,0,8.03426,8.900851
Ankh2-ext1,UMAP,seq_1708,0,12.115004,7.6382194
Ankh2-ext1,UMAP,seq_1709,0,10.148411,5.676293
Ankh2-ext1,UMAP,seq_1710,0,7.766266,8.390288
Ankh2-ext1,UMAP,seq_1711,0,5.5027013,6.734646
Ankh2-ext1,UMAP,seq_1712,0,12.349822,7.4623256
Ankh2-ext1,UMAP,seq_1713,0,8.827868,8.15356
Ankh2-ext1,UMAP,seq_1714,0,12.242383,8.142324
Ankh2-ext1,UMAP,seq_1715,0,11.4119835,7.9272866
Ankh2-ext1,UMAP,seq_1716,0,14.284266,7.8515415
Ankh2-ext1,UMAP,seq_1717,0,9.16342,7.7574744
Ankh2-ext1,UMAP,seq_1718,0,13.050207,7.235876
Ankh2-ext1,UMAP,seq_1719,0,9.717696,5.3055644
Ankh2-ext1,UMAP,seq_1720,0,14.232614,7.8713765
Ankh2-ext1,UMAP,seq_1721,0,9.970872,5.389985
Ankh2-ext1,UMAP,seq_1722,0,9.083517,9.8583555
Ankh2-ext1,UMAP,seq_1723,0,8.14029,8.938299
Ankh2-ext1,UMAP,seq_1724,0,13.82769,5.252075
Ankh2-ext1,UMAP,seq_1725,0,10.000275,5.408974
Ankh2-ext1,UMAP,seq_1726,0,10.770843,6.7184415
Ankh2-ext1,UMAP,seq_1727,0,8.304481,7.8079953
Ankh2-ext1,UMAP,seq_1728,0,12.394686,10.022429
Ankh2-ext1,UMAP,seq_1729,0,12.891797,7.7307057
Ankh2-ext1,UMAP,seq_1730,0,12.461843,8.583905
Ankh2-ext1,UMAP,seq_1731,0,9.364999,7.499906
Ankh2-ext1,UMAP,seq_1732,0,11.500323,7.8262196
Ankh2-ext1,UMAP,seq_1733,0,7.2140775,7.290873
Ankh2-ext1,UMAP,seq_1734,0,14.264139,8.646782
Ankh2-ext1,UMAP,seq_1735,0,9.8787565,5.316762
Ankh2-ext1,UMAP,seq_1736,0,12.617994,8.058643
Ankh2-ext1,UMAP,seq_1737,0,9.9263935,5.6166286
Ankh2-ext1,UMAP,seq_1738,0,13.190688,8.321154
Ankh2-ext1,UMAP,seq_1739,0,6.129027,9.926028
Ankh2-ext1,UMAP,seq_1740,0,6.4869037,8.995147
Ankh2-ext1,UMAP,seq_1741,0,13.009123,11.287333
Ankh2-ext1,UMAP,seq_1742,0,11.938986,7.4024677
Ankh2-ext1,UMAP,seq_1743,0,12.768062,7.9959307
Ankh2-ext1,UMAP,seq_1744,0,7.912492,8.157256
Ankh2-ext1,UMAP,seq_1745,0,11.88826,8.42257
Ankh2-ext1,UMAP,seq_1746,0,12.856779,8.239006
Ankh2-ext1,UMAP,seq_1747,0,12.1709,8.619131
Ankh2-ext1,UMAP,seq_1748,0,11.856065,5.6649437
Ankh2-ext1,UMAP,seq_1749,0,9.620823,5.8990073
Ankh2-ext1,UMAP,seq_1750,0,12.340562,7.063847
Ankh2-ext1,UMAP,seq_1751,0,12.902076,11.310949
Ankh2-ext1,UMAP,seq_1752,0,12.84602,8.717098
Ankh2-ext1,UMAP,seq_1753,0,13.275661,7.1189857
Ankh2-ext1,UMAP,seq_1754,0,13.2423315,11.397897
Ankh2-ext1,UMAP,seq_1755,0,12.280962,4.559205
Ankh2-ext1,UMAP,seq_1756,0,10.559506,7.6765823
Ankh2-ext1,UMAP,seq_1757,0,9.982902,7.0807686
Ankh2-ext1,UMAP,seq_1758,0,9.518186,8.441328
Ankh2-ext1,UMAP,seq_1759,0,8.649293,6.863489
Ankh2-ext1,UMAP,seq_1760,0,12.914608,4.2384596
Ankh2-ext1,UMAP,seq_1761,0,7.783674,7.713453
Ankh2-ext1,UMAP,seq_1762,0,8.5586605,8.683867
Ankh2-ext1,UMAP,seq_1763,0,9.784153,7.633935
Ankh2-ext1,UMAP,seq_1764,0,11.718033,9.832634
Ankh2-ext1,UMAP,seq_1765,0,8.81647,9.0265665
Ankh2-ext1,UMAP,seq_1766,0,7.8674526,8.998836
Ankh2-ext1,UMAP,seq_1767,0,11.674736,7.6500545
Ankh2-ext1,UMAP,seq_1768,0,13.473236,9.09369
Ankh2-ext1,UMAP,seq_1769,0,7.8318024,8.681121
Ankh2-ext1,UMAP,seq_1770,0,8.636184,7.6430306
Ankh2-ext1,UMAP,seq_1771,0,7.789838,8.978381
Ankh2-ext1,UMAP,seq_1772,0,8.238971,8.088946
Ankh2-ext1,UMAP,seq_1773,0,11.897055,5.6753216
Ankh2-ext1,UMAP,seq_1774,0,13.071273,9.16631
Ankh2-ext1,UMAP,seq_1775,0,9.315695,7.8151684
Ankh2-ext1,UMAP,seq_1776,0,5.501809,6.7349687
Ankh2-ext1,UMAP,seq_1777,0,11.504264,12.521244
Ankh2-ext1,UMAP,seq_1778,0,9.121804,9.975137
Ankh2-ext1,UMAP,seq_1779,0,10.577979,10.102917
Ankh2-ext1,UMAP,seq_1780,0,11.863378,5.6207013
Ankh2-ext1,UMAP,seq_1781,0,8.363199,7.4651046
Ankh2-ext1,UMAP,seq_1782,0,6.1562705,9.76207
Ankh2-ext1,UMAP,seq_1783,0,7.210484,7.3525186
Ankh2-ext1,UMAP,seq_1784,0,11.392313,12.451706
Ankh2-ext1,UMAP,seq_1785,0,10.499375,10.028593
Ankh2-ext1,UMAP,seq_1786,0,13.203117,9.349369
Ankh2-ext1,UMAP,seq_1787,0,13.1828,9.280286
Ankh2-ext1,UMAP,seq_1788,0,8.714047,9.010522
Ankh2-ext1,UMAP,seq_1789,0,7.1605363,8.144181
Ankh2-ext1,UMAP,seq_1790,0,6.4866037,9.160435
Ankh2-ext1,UMAP,seq_1791,0,7.715242,8.924938
Ankh2-ext1,UMAP,seq_1792,0,9.137708,7.2221723
Ankh2-ext1,UMAP,seq_1793,0,8.221491,9.709854
Ankh2-ext1,UMAP,seq_1794,0,9.24443,9.043064
Ankh2-ext1,UMAP,seq_1795,0,8.142888,10.063968
Ankh2-ext1,UMAP,seq_1796,0,14.658337,7.8300924
Ankh2-ext1,UMAP,seq_1797,0,6.0897403,9.803629
Ankh2-ext1,UMAP,seq_1798,0,8.637591,7.2173448
Ankh2-ext1,UMAP,seq_1799,0,8.890809,7.025078
Ankh2-ext1,UMAP,seq_1800,0,9.572494,5.838505
Ankh2-ext1,UMAP,seq_1801,0,13.17281,9.520157
Ankh2-ext1,UMAP,seq_1802,0,6.4827538,9.156397
Ankh2-ext1,UMAP,seq_1803,0,12.160136,8.41741
Ankh2-ext1,UMAP,seq_1804,0,12.806328,9.635099
Ankh2-ext1,UMAP,seq_1805,0,13.913679,8.793985
Ankh2-ext1,UMAP,seq_1806,0,11.498481,7.879181
Ankh2-ext1,UMAP,seq_1807,0,12.449498,6.765181
Ankh2-ext1,UMAP,seq_1808,0,12.067199,8.166765
Ankh2-ext1,UMAP,seq_1809,0,8.741607,6.37598
Ankh2-ext1,UMAP,seq_1810,0,5.1876783,8.194453
Ankh2-ext1,UMAP,seq_1811,0,13.119084,3.4968708
Ankh2-ext1,UMAP,seq_1812,0,9.000331,7.5074496
Ankh2-ext1,UMAP,seq_1813,0,9.16466,9.415
Ankh2-ext1,UMAP,seq_1814,0,11.856522,8.418242
Ankh2-ext1,UMAP,seq_1815,0,13.970598,8.675031
Ankh2-ext1,UMAP,seq_1816,0,9.876793,5.4221425
Ankh2-ext1,UMAP,seq_1817,0,13.831967,5.253588
Ankh2-ext1,UMAP,seq_1818,0,14.3564005,8.637238
Ankh2-ext1,UMAP,seq_1819,0,12.127781,8.424758
Ankh2-ext1,UMAP,seq_1820,0,12.345439,8.317078
Ankh2-ext1,UMAP,seq_1821,0,12.07368,3.7657876
Ankh2-ext1,UMAP,seq_1822,0,11.971824,7.949885
Ankh2-ext1,UMAP,seq_1823,0,8.108919,9.991871
Ankh2-ext1,UMAP,seq_1824,0,14.638336,8.5658865
Ankh2-ext1,UMAP,seq_1825,0,13.190744,11.284267
Ankh2-ext1,UMAP,seq_1826,0,8.251535,9.232906
Ankh2-ext1,UMAP,seq_1827,0,8.395373,9.975339
Ankh2-ext1,UMAP,seq_1828,0,13.243123,7.648983
Ankh2-ext1,UMAP,seq_1829,0,12.124825,7.0834937
Ankh2-ext1,UMAP,seq_1830,0,13.004515,7.5084133
Ankh2-ext1,UMAP,seq_1831,0,5.690705,7.8029213
Ankh2-ext1,UMAP,seq_1832,0,12.680188,8.838238
Ankh2-ext1,UMAP,seq_1833,0,11.052283,9.266302
Ankh2-ext1,UMAP,seq_1834,0,8.6763115,10.215278
Ankh2-ext1,UMAP,seq_1835,0,13.204477,11.157139
Ankh2-ext1,UMAP,seq_1836,0,10.868404,7.212245
Ankh2-ext1,UMAP,seq_1837,0,12.2764225,8.207663
Ankh2-ext1,UMAP,seq_1838,0,13.167052,11.299945
Ankh2-ext1,UMAP,seq_1839,0,12.937301,8.062393
Ankh2-ext1,UMAP,seq_1840,0,6.443645,9.9674635
Ankh2-ext1,UMAP,seq_1841,0,8.769007,8.603274
Ankh2-ext1,UMAP,seq_1842,0,9.555376,7.0085225
Ankh2-ext1,UMAP,seq_1843,0,6.247649,9.767265
Ankh2-ext1,UMAP,seq_1844,0,8.732318,8.678043
Ankh2-ext1,UMAP,seq_1845,0,11.861224,7.081346
Ankh2-ext1,UMAP,seq_1846,0,9.254168,7.5808434
Ankh2-ext1,UMAP,seq_1847,0,8.237771,7.819435
Ankh2-ext1,UMAP,seq_1848,0,13.833328,5.251699
Ankh2-ext1,UMAP,seq_1849,0,9.849179,2.1923366
Ankh2-ext1,UMAP,seq_1850,0,10.227196,6.838787
Ankh2-ext1,UMAP,seq_1851,0,8.597943,8.400673
Ankh2-ext1,UMAP,seq_1852,0,11.525906,8.307038
Ankh2-ext1,UMAP,seq_1853,0,13.381707,7.076251
Ankh2-ext1,UMAP,seq_1854,0,8.031333,7.9073577
Ankh2-ext1,UMAP,seq_1855,0,8.512759,9.009448
Ankh2-ext1,UMAP,seq_1856,0,12.914498,7.732144
Ankh2-ext1,UMAP,seq_1857,0,11.4236355,8.704682
Ankh2-ext1,UMAP,seq_1858,0,10.435339,5.8860183
Ankh2-ext1,UMAP,seq_1859,0,9.280379,-7.0465913
Ankh2-ext1,UMAP,seq_1860,0,11.544885,7.0456624
Ankh2-ext1,UMAP,seq_1861,0,12.83938,7.6772037
Ankh2-ext1,UMAP,seq_1862,0,11.030311,5.741653
Ankh2-ext1,UMAP,seq_1863,0,11.583689,8.340792
Ankh2-ext1,UMAP,seq_1864,0,10.258011,9.176834
Ankh2-ext1,UMAP,seq_1865,0,13.021804,7.9182286
Ankh2-ext1,UMAP,seq_1866,0,11.535171,12.535142
Ankh2-ext1,UMAP,seq_1867,0,12.027325,7.9399467
Ankh2-ext1,UMAP,seq_1868,0,8.659815,7.6073604
Ankh2-ext1,UMAP,seq_1869,0,8.263258,7.103092
Ankh2-ext1,UMAP,seq_1870,0,13.471384,8.692968
Ankh2-ext1,UMAP,seq_1871,0,11.863292,5.6512074
Ankh2-ext1,UMAP,seq_1872,0,8.210076,6.964261
Ankh2-ext1,UMAP,seq_1873,0,12.3979225,5.9989815
Ankh2-ext1,UMAP,seq_1874,0,6.0695615,9.861589
Ankh2-ext1,UMAP,seq_1875,0,12.184718,8.430166
Ankh2-ext1,UMAP,seq_1876,0,14.203076,8.237807
Ankh2-ext1,UMAP,seq_1877,0,13.214497,8.282794
Ankh2-ext1,UMAP,seq_1878,0,10.44542,9.196246
Ankh2-ext1,UMAP,seq_1879,0,8.911904,8.595383
Ankh2-ext1,UMAP,seq_1880,0,11.868745,5.6566176
Ankh2-ext1,UMAP,seq_1881,0,10.257829,6.0975833
Ankh2-ext1,UMAP,seq_1882,0,13.571594,8.637869
Ankh2-ext1,UMAP,seq_1883,0,11.516657,4.001896
Ankh2-ext1,UMAP,seq_1884,0,12.008489,7.932041
Ankh2-ext1,UMAP,seq_1885,0,9.907005,5.5731473
Ankh2-ext1,UMAP,seq_1886,0,12.040143,6.2205105
Ankh2-ext1,UMAP,seq_1887,0,11.483179,12.526985
Ankh2-ext1,UMAP,seq_1888,0,8.295326,9.634193
Ankh2-ext1,UMAP,seq_1889,0,11.863878,5.6447525
Ankh2-ext1,UMAP,seq_1890,0,9.778631,5.2761836
Ankh2-ext1,UMAP,seq_1891,0,12.0703125,6.5079923
Ankh2-ext1,UMAP,seq_1892,0,12.992646,7.6594467
Ankh2-ext1,UMAP,seq_1893,0,8.112033,9.334552
Ankh2-ext1,UMAP,seq_1894,0,13.223809,9.227722
Ankh2-ext1,UMAP,seq_1895,0,9.556225,4.984937
Ankh2-ext1,UMAP,seq_1896,0,8.9423275,7.505399
Ankh2-ext1,UMAP,seq_1897,0,12.631397,8.169056
Ankh2-ext1,UMAP,seq_1898,0,12.565211,8.289858
Ankh2-ext1,UMAP,seq_1899,0,11.316048,7.197611
Ankh2-ext1,UMAP,seq_1900,0,9.888642,6.842834
Ankh2-ext1,UMAP,seq_1901,0,6.319624,10.021905
Ankh2-ext1,UMAP,seq_1902,0,6.818713,8.750652
Ankh2-ext1,UMAP,seq_1903,0,11.859267,8.482722
Ankh2-ext1,UMAP,seq_1904,0,13.059239,7.71218
Ankh2-ext1,UMAP,seq_1905,0,12.872671,7.129422
Ankh2-ext1,UMAP,seq_1906,0,9.560168,4.953101
Ankh2-ext1,UMAP,seq_1907,0,13.718593,7.8068285
Ankh2-ext1,UMAP,seq_1908,0,9.6052475,8.696838
Ankh2-ext1,UMAP,seq_1909,0,8.388289,9.389925
Ankh2-ext1,UMAP,seq_1910,0,14.157423,6.6375494
Ankh2-ext1,UMAP,seq_1911,0,12.831618,8.16561
Ankh2-ext1,UMAP,seq_1912,0,13.219151,8.278189
Ankh2-ext1,UMAP,seq_1913,0,11.55988,7.896297
Ankh2-ext1,UMAP,seq_1914,0,14.258651,7.8520174
Ankh2-ext1,UMAP,seq_1915,0,12.349565,7.448123
Ankh2-ext1,UMAP,seq_1916,0,11.307614,12.203318
Ankh2-ext1,UMAP,seq_1917,0,10.798977,7.236237
Ankh2-ext1,UMAP,seq_1918,0,12.71561,7.062749
Ankh2-ext1,UMAP,seq_1919,0,12.471619,9.097035
Ankh2-ext1,UMAP,seq_1920,0,13.225704,10.645696
Ankh2-ext1,UMAP,seq_1921,0,8.141167,7.8312507
Ankh2-ext1,UMAP,seq_1922,0,7.5990477,7.5869694
Ankh2-ext1,UMAP,seq_1923,0,14.326748,8.690976
Ankh2-ext1,UMAP,seq_1924,0,9.729819,7.4490914
Ankh2-ext1,UMAP,seq_1925,0,12.1088505,6.326659
Ankh2-ext1,UMAP,seq_1926,0,9.166348,7.6825767
Ankh2-ext1,UMAP,seq_1927,0,12.404753,10.023144
Ankh2-ext1,UMAP,seq_1928,0,9.477106,7.7957487
Ankh2-ext1,UMAP,seq_1929,0,9.806552,8.395674
Ankh2-ext1,UMAP,seq_1930,0,12.470946,8.441787
Ankh2-ext1,UMAP,seq_1931,0,12.114728,7.328477
Ankh2-ext1,UMAP,seq_1932,0,9.119311,7.2818184
Ankh2-ext1,UMAP,seq_1933,0,13.35661,9.108426
Ankh2-ext1,UMAP,seq_1934,0,9.034841,7.342453
Ankh2-ext1,UMAP,seq_1935,0,10.505437,6.090606
Ankh2-ext1,UMAP,seq_1936,0,11.548979,3.946548
Ankh2-ext1,UMAP,seq_1937,0,12.136617,6.035513
Ankh2-ext1,UMAP,seq_1938,0,8.256944,7.0478387
Ankh2-ext1,UMAP,seq_1939,0,12.530565,8.183111
Ankh2-ext1,UMAP,seq_1940,0,9.184234,6.674321
Ankh2-ext1,UMAP,seq_1941,0,9.619438,5.803806
Ankh2-ext1,UMAP,seq_1942,0,5.2085514,8.143088
Ankh2-ext1,UMAP,seq_1943,0,12.401209,7.5824976
Ankh2-ext1,UMAP,seq_1944,0,7.819504,9.704008
Ankh2-ext1,UMAP,seq_1945,0,12.415405,7.6391845
Ankh2-ext1,UMAP,seq_1946,0,7.737066,5.6136007
Ankh2-ext1,UMAP,seq_1947,0,8.625776,7.9742293
Ankh2-ext1,UMAP,seq_1948,0,11.022411,7.9788837
Ankh2-ext1,UMAP,seq_1949,0,8.403071,9.264746
Ankh2-ext1,UMAP,seq_1950,0,11.525866,8.577946
Ankh2-ext1,UMAP,seq_1951,0,8.07935,9.09407
Ankh2-ext1,UMAP,seq_1952,0,11.936006,9.048865
Ankh2-ext1,UMAP,seq_1953,0,11.951675,9.068137
Ankh2-ext1,UMAP,seq_1954,0,8.371694,10.234808
Ankh2-ext1,UMAP,seq_1955,0,13.819248,8.00702
Ankh2-ext1,UMAP,seq_1956,0,8.382204,7.1905594
Ankh2-ext1,UMAP,seq_1957,0,13.511034,8.538829
Ankh2-ext1,UMAP,seq_1958,0,9.799981,8.397194
Ankh2-ext1,UMAP,seq_1959,0,13.1092825,11.304075
Ankh2-ext1,UMAP,seq_1960,0,13.838804,8.289129
Ankh2-ext1,UMAP,seq_1961,0,10.528197,5.975251
Ankh2-ext1,UMAP,seq_1962,0,11.792442,7.5461497
Ankh2-ext1,UMAP,seq_1963,0,7.711272,8.315764
Ankh2-ext1,UMAP,seq_1964,0,10.186801,7.5785065
Ankh2-ext1,UMAP,seq_1965,0,14.196006,8.651633
Ankh2-ext1,UMAP,seq_1966,0,12.313623,7.5729165
Ankh2-ext1,UMAP,seq_1967,0,9.584328,7.6578293
Ankh2-ext1,UMAP,seq_1968,0,6.2057166,9.799557
Ankh2-ext1,UMAP,seq_1969,0,9.732266,8.2041445
Ankh2-ext1,UMAP,seq_1970,0,13.076191,11.405012
Ankh2-ext1,UMAP,seq_1971,0,12.798658,8.428459
Ankh2-ext1,UMAP,seq_1972,0,11.618181,7.360482
Ankh2-ext1,UMAP,seq_1973,0,9.686821,7.7760687
Ankh2-ext1,UMAP,seq_1974,0,9.824568,2.1927967
Ankh2-ext1,UMAP,seq_1975,0,11.477785,12.537613
Ankh2-ext1,UMAP,seq_1976,0,13.281923,10.616053
Ankh2-ext1,UMAP,seq_1977,0,13.69347,7.890051
Ankh2-ext1,UMAP,seq_1978,0,6.3216085,10.062175
Ankh2-ext1,UMAP,seq_1979,0,12.186954,8.276904
Ankh2-ext1,UMAP,seq_1980,0,13.332613,8.757638
Ankh2-ext1,UMAP,seq_1981,0,11.78602,5.6569858
Ankh2-ext1,UMAP,seq_1982,0,11.11698,5.451461
Ankh2-ext1,UMAP,seq_1983,0,9.428283,7.0746636
Ankh2-ext1,UMAP,seq_1984,0,7.5777807,8.689582
Ankh2-ext1,UMAP,seq_1985,0,10.082365,7.241344
Ankh2-ext1,UMAP,seq_1986,0,14.214329,6.702138
Ankh2-ext1,UMAP,seq_1987,0,13.097008,7.3779984
Ankh2-ext1,UMAP,seq_1988,0,12.776463,7.0824056
Ankh2-ext1,UMAP,seq_1989,0,11.391249,8.449337
Ankh2-ext1,UMAP,seq_1990,0,9.82286,2.1864643
Ankh2-ext1,UMAP,seq_1991,0,12.250321,7.414728
Ankh2-ext1,UMAP,seq_1992,0,11.390836,7.3186393
Ankh2-ext1,UMAP,seq_1993,0,11.623513,8.440764
Ankh2-ext1,UMAP,seq_1994,0,11.951749,8.609715
Ankh2-ext1,UMAP,seq_1995,0,11.847009,6.9964447
Ankh2-ext1,UMAP,seq_1996,0,11.912948,7.012168
Ankh2-ext1,UMAP,seq_1997,0,11.98837,8.818899
Ankh2-ext1,UMAP,seq_1998,0,8.6864,8.255843
Ankh2-ext1,UMAP,seq_1999,0,13.849021,7.9605384
Ankh2-ext1,UMAP,seq_2000,0,6.0053964,9.773622
Ankh2-ext1,UMAP,seq_2001,0,11.854036,5.634666
Ankh2-ext1,UMAP,seq_2002,0,10.723811,8.109744
Ankh2-ext1,UMAP,seq_2003,0,13.131654,11.282736
Ankh2-ext1,UMAP,seq_2004,0,5.986994,9.76149
Ankh2-ext1,UMAP,seq_2005,0,9.824445,5.3412604
Ankh2-ext1,UMAP,seq_2006,0,9.593674,5.1258135
Ankh2-ext1,UMAP,seq_2007,0,8.488176,7.4690614
Ankh2-ext1,UMAP,seq_2008,0,9.818073,5.408268
Ankh2-ext1,UMAP,seq_2009,0,9.755614,8.436666
Ankh2-ext1,UMAP,seq_2010,0,8.491261,9.464851
Ankh2-ext1,UMAP,seq_2011,0,15.793136,5.601103
Ankh2-ext1,UMAP,seq_2012,0,8.92547,9.697266
Ankh2-ext1,UMAP,seq_2013,0,11.156426,12.2938795
Ankh2-ext1,UMAP,seq_2014,0,6.216747,9.820635
Ankh2-ext1,UMAP,seq_2015,0,12.777089,7.5291295
Ankh2-ext1,UMAP,seq_2016,0,8.842475,8.774263
Ankh2-ext1,UMAP,seq_2017,0,11.142134,12.380593
Ankh2-ext1,UMAP,seq_2018,0,9.7445755,5.664341
Ankh2-ext1,UMAP,seq_2019,0,14.2172785,8.87363
Ankh2-ext1,UMAP,seq_2020,0,14.263959,8.81381
Ankh2-ext1,UMAP,seq_2021,0,12.741299,3.8915834
Ankh2-ext1,UMAP,seq_2022,0,12.78967,7.256571
Ankh2-ext1,UMAP,seq_2023,0,11.065033,6.9114714
Ankh2-ext1,UMAP,seq_2024,0,14.627026,7.8480635
Ankh2-ext1,UMAP,seq_2025,0,11.460149,7.6638155
Ankh2-ext1,UMAP,seq_2026,0,8.315192,6.9747047
Ankh2-ext1,UMAP,seq_2027,0,9.858832,2.2405987
Ankh2-ext1,UMAP,seq_2028,0,7.4919195,8.107419
Ankh2-ext1,UMAP,seq_2029,0,9.901713,5.432348
Ankh2-ext1,UMAP,seq_2030,0,9.538682,4.9217296
Ankh2-ext1,UMAP,seq_2031,0,5.696947,7.823261
Ankh2-ext1,UMAP,seq_2032,0,12.625757,6.920889
Ankh2-ext1,UMAP,seq_2033,0,7.5505333,8.309633
Ankh2-ext1,UMAP,seq_2034,0,14.235362,8.483736
Ankh2-ext1,UMAP,seq_2035,0,9.793392,5.1708465
Ankh2-ext1,UMAP,seq_2036,0,9.9094925,7.25266
Ankh2-ext1,UMAP,seq_2037,0,12.717882,8.767143
Ankh2-ext1,UMAP,seq_2038,0,13.176233,8.90838
Ankh2-ext1,UMAP,seq_2039,0,13.163426,8.198303
Ankh2-ext1,UMAP,seq_2040,0,5.185204,8.210355
Ankh2-ext1,UMAP,seq_2041,0,8.428264,9.517914
Ankh2-ext1,UMAP,seq_2042,0,13.697004,7.814088
Ankh2-ext1,UMAP,seq_2043,0,12.899204,7.8566756
Ankh2-ext1,UMAP,seq_2044,0,8.2606535,9.504465
Ankh2-ext1,UMAP,seq_2045,0,13.730818,7.833146
Ankh2-ext1,UMAP,seq_2046,0,12.954444,8.838985
Ankh2-ext1,UMAP,seq_2047,0,13.870271,8.457078
Ankh2-ext1,UMAP,seq_2048,0,13.458443,8.915439
Ankh2-ext1,UMAP,seq_2049,0,10.056321,10.471725
Ankh2-ext1,UMAP,seq_2050,0,12.833841,8.678949
Ankh2-ext1,UMAP,seq_2051,0,7.467226,8.05018
Ankh2-ext1,UMAP,seq_2052,0,13.826907,7.958692
Ankh2-ext1,UMAP,seq_2053,0,10.035379,5.626187
Ankh2-ext1,UMAP,seq_2054,0,12.008838,8.632362
Ankh2-ext1,UMAP,seq_2055,0,8.247774,8.820718
Ankh2-ext1,UMAP,seq_2056,0,12.707625,8.677399
Ankh2-ext1,UMAP,seq_2057,0,9.550093,4.9471507
Ankh2-ext1,UMAP,seq_2058,0,12.865746,8.975112
Ankh2-ext1,UMAP,seq_2059,0,10.059293,8.328412
Ankh2-ext1,UMAP,seq_2060,0,13.470798,9.297671
Ankh2-ext1,UMAP,seq_2061,0,9.216208,9.128691
Ankh2-ext1,UMAP,seq_2062,0,8.299041,7.497191
Ankh2-ext1,UMAP,seq_2063,0,8.171948,6.954114
Ankh2-ext1,UMAP,seq_2064,0,6.286725,9.819959
Ankh2-ext1,UMAP,seq_2065,0,8.225225,8.998487
Ankh2-ext1,UMAP,seq_2066,0,10.281724,7.0422163
Ankh2-ext1,UMAP,seq_2067,0,12.257012,6.1111665
Ankh2-ext1,UMAP,seq_2068,0,13.237861,7.5915313
Ankh2-ext1,UMAP,seq_2069,0,12.646835,8.541221
Ankh2-ext1,UMAP,seq_2070,0,9.462872,6.8616476
Ankh2-ext1,UMAP,seq_2071,0,7.9347234,8.465876
Ankh2-ext1,UMAP,seq_2072,0,9.093619,7.2344036
Ankh2-ext1,UMAP,seq_2073,0,13.031736,7.2298074
Ankh2-ext1,UMAP,seq_2074,0,9.32407,7.495023
Ankh2-ext1,UMAP,seq_2075,0,5.297874,8.098271
Ankh2-ext1,UMAP,seq_2076,0,12.42062,6.921249
Ankh2-ext1,UMAP,seq_2077,0,11.837664,7.6525803
Ankh2-ext1,UMAP,seq_2078,0,11.519203,8.332428
Ankh2-ext1,UMAP,seq_2079,0,8.74499,6.3378816
Ankh2-ext1,UMAP,seq_2080,0,12.689258,9.698076
Ankh2-ext1,UMAP,seq_2081,0,9.842713,2.1870725
Ankh2-ext1,UMAP,seq_2082,0,5.865625,7.700905
Ankh2-ext1,UMAP,seq_2083,0,12.571656,6.7534986
Ankh2-ext1,UMAP,seq_2084,0,13.143827,9.001045
Ankh2-ext1,UMAP,seq_2085,0,8.833311,9.499288
Ankh2-ext1,UMAP,seq_2086,0,9.035282,8.877432
Ankh2-ext1,UMAP,seq_2087,0,10.042373,7.031084
Ankh2-ext1,UMAP,seq_2088,0,14.269876,8.706219
Ankh2-ext1,UMAP,seq_2089,0,10.835269,8.770953
Ankh2-ext1,UMAP,seq_2090,0,9.8634615,5.5404525
Ankh2-ext1,UMAP,seq_2091,0,5.994424,8.009112
Ankh2-ext1,UMAP,seq_2092,0,13.109982,9.294356
Ankh2-ext1,UMAP,seq_2093,0,11.882786,5.6548047
Ankh2-ext1,UMAP,seq_2094,0,11.440097,8.038033
Ankh2-ext1,UMAP,seq_2095,0,11.82198,7.4586296
Ankh2-ext1,UMAP,seq_2096,0,9.81752,5.515066
Ankh2-ext1,UMAP,seq_2097,0,10.558802,7.5143437
Ankh2-ext1,UMAP,seq_2098,0,7.9095445,8.558426
Ankh2-ext1,UMAP,seq_2099,0,10.304334,9.203639
Ankh2-ext1,UMAP,seq_2100,0,12.986713,8.883385
Ankh2-ext1,UMAP,seq_2101,0,9.957455,7.5629525
Ankh2-ext1,UMAP,seq_2102,0,13.734897,8.803934
Ankh2-ext1,UMAP,seq_2103,0,8.381873,9.292245
Ankh2-ext1,UMAP,seq_2104,0,9.848409,5.303747
Ankh2-ext1,UMAP,seq_2105,0,11.893005,7.7436666
Ankh2-ext1,UMAP,seq_2106,0,7.858559,7.0959396
Ankh2-ext1,UMAP,seq_2107,0,13.408495,9.226275
Ankh2-ext1,UMAP,seq_2108,0,11.3551445,8.743519
Ankh2-ext1,UMAP,seq_2109,0,12.250034,8.113552
Ankh2-ext1,UMAP,seq_2110,0,8.98243,6.5865326
Ankh2-ext1,UMAP,seq_2111,0,9.791873,5.1557837
Ankh2-ext1,UMAP,seq_2112,0,11.870139,7.6759953
Ankh2-ext1,UMAP,seq_2113,0,11.096662,9.51089
Ankh2-ext1,UMAP,seq_2114,0,9.839277,7.3089914
Ankh2-ext1,UMAP,seq_2115,0,9.784552,5.2874184
Ankh2-ext1,UMAP,seq_2116,0,9.682187,5.1333823
Ankh2-ext1,UMAP,seq_2117,0,13.359874,9.705395
Ankh2-ext1,UMAP,seq_2118,0,12.285261,7.910722
Ankh2-ext1,UMAP,seq_2119,0,12.282402,7.980869
Ankh2-ext1,UMAP,seq_2120,0,15.382269,7.257038
Ankh2-ext1,UMAP,seq_2121,0,15.316308,7.2723866
Ankh2-ext1,UMAP,seq_2122,0,11.937899,6.551126
Ankh2-ext1,UMAP,seq_2123,0,12.329613,8.238597
Ankh2-ext1,UMAP,seq_2124,0,5.232913,8.134548
Ankh2-ext1,UMAP,seq_2125,0,13.277523,11.413529
Ankh2-ext1,UMAP,seq_2126,0,12.384187,9.462949
Ankh2-ext1,UMAP,seq_2127,0,9.167493,7.408464
Ankh2-ext1,UMAP,seq_2128,0,9.178019,9.303276
Ankh2-ext1,UMAP,seq_2129,0,7.320387,9.005263
Ankh2-ext1,UMAP,seq_2130,0,13.0604,7.1866045
Ankh2-ext1,UMAP,seq_2131,0,13.169243,7.9342713
Ankh2-ext1,UMAP,seq_2132,0,10.083557,7.1875677
Ankh2-ext1,UMAP,seq_2133,0,10.733027,8.012259
Ankh2-ext1,UMAP,seq_2134,0,10.863216,6.92356
Ankh2-ext1,UMAP,seq_2135,0,12.431994,8.085892
Ankh2-ext1,UMAP,seq_2136,0,12.172646,8.6160965
Ankh2-ext1,UMAP,seq_2137,0,12.630322,8.196634
Ankh2-ext1,UMAP,seq_2138,0,9.222966,7.786517
Ankh2-ext1,UMAP,seq_2139,0,9.092033,7.3014693
Ankh2-ext1,UMAP,seq_2140,0,12.533911,8.795405
Ankh2-ext1,UMAP,seq_2141,0,7.7554154,8.801008
Ankh2-ext1,UMAP,seq_2142,0,9.615914,7.2539506
Ankh2-ext1,UMAP,seq_2143,0,9.734026,5.2576327
Ankh2-ext1,UMAP,seq_2144,0,13.228262,9.025954
Ankh2-ext1,UMAP,seq_2145,0,9.250314,10.443073
Ankh2-ext1,UMAP,seq_2146,0,13.03179,7.778562
Ankh2-ext1,UMAP,seq_2147,0,12.912549,9.255234
Ankh2-ext1,UMAP,seq_2148,0,12.221544,7.7636895
Ankh2-ext1,UMAP,seq_2149,0,12.046293,6.801512
Ankh2-ext1,UMAP,seq_2150,0,11.716971,7.0380034
Ankh2-ext1,UMAP,seq_2151,0,12.289459,8.579256
Ankh2-ext1,UMAP,seq_2152,0,13.25537,9.759055
Ankh2-ext1,UMAP,seq_2153,0,9.558001,5.0153923
Ankh2-ext1,UMAP,seq_2154,0,12.879296,7.2907033
Ankh2-ext1,UMAP,seq_2155,0,12.3186035,8.495023
Ankh2-ext1,UMAP,seq_2156,0,12.399028,9.408733
Ankh2-ext1,UMAP,seq_2157,0,13.654082,8.707106
Ankh2-ext1,UMAP,seq_2158,0,10.015939,7.692525
Ankh2-ext1,UMAP,seq_2159,0,13.537007,8.544867
Ankh2-ext1,UMAP,seq_2160,0,10.361917,9.743405
Ankh2-ext1,UMAP,seq_2161,0,8.943021,9.091754
Ankh2-ext1,UMAP,seq_2162,0,14.089301,7.9652357
Ankh2-ext1,UMAP,seq_2163,0,12.909608,8.142683
Ankh2-ext1,UMAP,seq_2164,0,7.929138,8.139352
Ankh2-ext1,UMAP,seq_2165,0,9.918035,5.485293
Ankh2-ext1,UMAP,seq_2166,0,9.988934,7.0679154
Ankh2-ext1,UMAP,seq_2167,0,9.67733,5.0932913
Ankh2-ext1,UMAP,seq_2168,0,9.927863,10.508486
Ankh2-ext1,UMAP,seq_2169,0,12.440538,7.1493306
Ankh2-ext1,UMAP,seq_2170,0,14.265242,6.7105193
Ankh2-ext1,UMAP,seq_2171,0,11.871166,7.7729607
Ankh2-ext1,UMAP,seq_2172,0,14.22694,8.568448
Ankh2-ext1,UMAP,seq_2173,0,12.5954,8.162234
Ankh2-ext1,UMAP,seq_2174,0,13.1894865,11.32583
Ankh2-ext1,UMAP,seq_2175,0,11.371976,7.9911804
Ankh2-ext1,UMAP,seq_2176,0,12.249559,8.732089
Ankh2-ext1,UMAP,seq_2177,0,9.832709,5.3142424
Ankh2-ext1,UMAP,seq_2178,0,8.871244,7.415846
Ankh2-ext1,UMAP,seq_2179,0,8.120238,8.524807
Ankh2-ext1,UMAP,seq_2180,0,8.601202,9.242474
Ankh2-ext1,UMAP,seq_2181,0,7.7470126,8.492776
Ankh2-ext1,UMAP,seq_2182,0,9.303989,9.73256
Ankh2-ext1,UMAP,seq_2183,0,13.224848,7.754984
Ankh2-ext1,UMAP,seq_2184,0,12.016044,7.9001527
Ankh2-ext1,UMAP,seq_2185,0,11.15933,7.417771
Ankh2-ext1,UMAP,seq_2186,0,9.858862,7.3764954
Ankh2-ext1,UMAP,seq_2187,0,11.240208,7.3620434
Ankh2-ext1,UMAP,seq_2188,0,8.734955,8.294787
Ankh2-ext1,UMAP,seq_2189,0,9.568055,7.4813356
Ankh2-ext1,UMAP,seq_2190,0,13.197322,8.178849
Ankh2-ext1,UMAP,seq_2191,0,7.7395697,5.609538
Ankh2-ext1,UMAP,seq_2192,0,10.193573,7.291681
Ankh2-ext1,UMAP,seq_2193,0,12.902481,8.582032
Ankh2-ext1,UMAP,seq_2194,0,10.467915,6.811169
Ankh2-ext1,UMAP,seq_2195,0,9.713977,5.8234663
Ankh2-ext1,UMAP,seq_2196,0,11.813659,10.014033
Ankh2-ext1,UMAP,seq_2197,0,9.152417,9.597017
Ankh2-ext1,UMAP,seq_2198,0,13.144595,11.356652
Ankh2-ext1,UMAP,seq_2199,0,11.691314,8.274096
Ankh2-ext1,UMAP,seq_2200,0,10.168046,8.188334
Ankh2-ext1,UMAP,seq_2201,0,8.664186,9.260135
Ankh2-ext1,UMAP,seq_2202,0,9.978312,6.0271416
Ankh2-ext1,UMAP,seq_2203,0,9.05493,7.0561023
Ankh2-ext1,UMAP,seq_2204,0,12.552903,11.118835
Ankh2-ext1,UMAP,seq_2205,0,9.538925,5.01111
Ankh2-ext1,UMAP,seq_2206,0,13.288424,9.852391
Ankh2-ext1,UMAP,seq_2207,0,7.694999,8.356534
Ankh2-ext1,UMAP,seq_2208,0,12.221494,7.7615557
Ankh2-ext1,UMAP,seq_2209,0,9.703958,9.669928
Ankh2-ext1,UMAP,seq_2210,0,7.950263,9.199066
Ankh2-ext1,UMAP,seq_2211,0,7.7056675,9.069237
Ankh2-ext1,UMAP,seq_2212,0,11.526971,6.464137
Ankh2-ext1,UMAP,seq_2213,0,10.993211,7.9279
Ankh2-ext1,UMAP,seq_2214,0,9.082608,9.94398
Ankh2-ext1,UMAP,seq_2215,0,9.02183,7.5238724
Ankh2-ext1,UMAP,seq_2216,0,9.578096,5.0090547
Ankh2-ext1,UMAP,seq_2217,0,11.01943,10.019806
Ankh2-ext1,UMAP,seq_2218,0,9.1655445,7.5841665
Ankh2-ext1,UMAP,seq_2219,0,9.774288,7.97066
Ankh2-ext1,UMAP,seq_2220,0,8.733837,6.360389
Ankh2-ext1,UMAP,seq_2221,0,5.8567376,7.6914625
Ankh2-ext1,UMAP,seq_2222,0,10.839988,9.891872
Ankh2-ext1,UMAP,seq_2223,0,7.8989186,7.301434
Ankh2-ext1,UMAP,seq_2224,0,13.050947,4.88351
Ankh2-ext1,UMAP,seq_2225,0,7.9474,8.250232
Ankh2-ext1,UMAP,seq_2226,0,13.255945,9.776471
Ankh2-ext1,UMAP,seq_2227,0,9.581793,5.097268
Ankh2-ext1,UMAP,seq_2228,0,7.997432,7.375043
Ankh2-ext1,UMAP,seq_2229,0,10.104657,5.635251
Ankh2-ext1,UMAP,seq_2230,0,11.016541,6.9411793
Ankh2-ext1,UMAP,seq_2231,0,9.107827,7.7220182
Ankh2-ext1,UMAP,seq_2232,0,11.829857,7.051157
Ankh2-ext1,UMAP,seq_2233,0,12.803655,7.8838797
Ankh2-ext1,UMAP,seq_2234,0,8.742636,6.3860188
Ankh2-ext1,UMAP,seq_2235,0,10.641906,8.795061
Ankh2-ext1,UMAP,seq_2236,0,13.60905,8.462891
Ankh2-ext1,UMAP,seq_2237,0,12.844098,8.867018
Ankh2-ext1,UMAP,seq_2238,0,8.921676,7.572123
Ankh2-ext1,UMAP,seq_2239,0,9.784291,6.9801555
Ankh2-ext1,UMAP,seq_2240,0,7.449334,9.188754
Ankh2-ext1,UMAP,seq_2241,0,9.753984,5.123234
Ankh2-ext1,UMAP,seq_2242,0,12.324832,4.2471356
Ankh2-ext1,UMAP,seq_2243,0,10.836621,9.793464
Ankh2-ext1,UMAP,seq_2244,0,13.5814,9.390953
Ankh2-ext1,UMAP,seq_2245,0,11.769965,5.640099
Ankh2-ext1,UMAP,seq_2246,0,11.871322,8.077401
Ankh2-ext1,UMAP,seq_2247,0,12.499947,9.451446
Ankh2-ext1,UMAP,seq_2248,0,9.5584755,4.987023
Ankh2-ext1,UMAP,seq_2249,0,9.752437,5.5904946
Ankh2-ext1,UMAP,seq_2250,0,7.3172708,8.951929
Ankh2-ext1,UMAP,seq_2251,0,14.037844,8.661051
Ankh2-ext1,UMAP,seq_2252,0,11.32844,8.112443
Ankh2-ext1,UMAP,seq_2253,0,11.371286,6.990697
Ankh2-ext1,UMAP,seq_2254,0,12.074166,7.4650183
Ankh2-ext1,UMAP,seq_2255,0,11.995323,7.508838
Ankh2-ext1,UMAP,seq_2256,0,12.295074,7.493045
Ankh2-ext1,UMAP,seq_2257,0,12.380968,8.434596
Ankh2-ext1,UMAP,seq_2258,0,12.58152,7.782215
Ankh2-ext1,UMAP,seq_2259,0,11.171918,8.416584
Ankh2-ext1,UMAP,seq_2260,0,9.66833,7.0150843
Ankh2-ext1,UMAP,seq_2261,0,11.271636,4.7017393
Ankh2-ext1,UMAP,seq_2262,0,12.30182,8.218594
Ankh2-ext1,UMAP,seq_2263,0,11.506329,7.59451
Ankh2-ext1,UMAP,seq_2264,0,9.678233,6.1238537
Ankh2-ext1,UMAP,seq_2265,0,13.790524,5.282448
Ankh2-ext1,UMAP,seq_2266,0,11.487482,6.884321
Ankh2-ext1,UMAP,seq_2267,0,9.557588,4.9819374
Ankh2-ext1,UMAP,seq_2268,0,13.3003235,8.048818
Ankh2-ext1,UMAP,seq_2269,0,8.5786085,7.112314
Ankh2-ext1,UMAP,seq_2270,0,8.766083,8.72445
Ankh2-ext1,UMAP,seq_2271,0,13.261603,8.88101
Ankh2-ext1,UMAP,seq_2272,0,12.202843,9.111041
Ankh2-ext1,UMAP,seq_2273,0,13.706537,7.8332996
Ankh2-ext1,UMAP,seq_2274,0,14.118799,8.565992
Ankh2-ext1,UMAP,seq_2275,0,9.759479,7.721365
Ankh2-ext1,UMAP,seq_2276,0,8.649395,8.003574
Ankh2-ext1,UMAP,seq_2277,0,11.873091,7.6577725
Ankh2-ext1,UMAP,seq_2278,0,11.607408,7.991788
Ankh2-ext1,UMAP,seq_2279,0,12.267954,7.4837346
Ankh2-ext1,UMAP,seq_2280,0,7.795666,7.1201606
Ankh2-ext1,UMAP,seq_2281,0,8.804292,7.697756
Ankh2-ext1,UMAP,seq_2282,0,8.972602,8.336957
Ankh2-ext1,UMAP,seq_2283,0,11.377465,6.918327
Ankh2-ext1,UMAP,seq_2284,0,11.999668,9.048518
Ankh2-ext1,UMAP,seq_2285,0,12.530785,8.928662
Ankh2-ext1,UMAP,seq_2286,0,13.248953,9.256155
Ankh2-ext1,UMAP,seq_2287,0,11.717754,8.546141
Ankh2-ext1,UMAP,seq_2288,0,9.346024,9.507838
Ankh2-ext1,UMAP,seq_2289,0,7.872647,2.1637154
Ankh2-ext1,UMAP,seq_2290,0,11.885565,9.967784
Ankh2-ext1,UMAP,seq_2291,0,8.017221,7.8495116
Ankh2-ext1,UMAP,seq_2292,0,10.991903,7.699772
Ankh2-ext1,UMAP,seq_2293,0,8.735278,6.35114
Ankh2-ext1,UMAP,seq_2294,0,12.44568,7.1663337
Ankh2-ext1,UMAP,seq_2295,0,8.308535,8.416525
Ankh2-ext1,UMAP,seq_2296,0,7.849035,7.8725243
Ankh2-ext1,UMAP,seq_2297,0,10.971702,7.701993
Ankh2-ext1,UMAP,seq_2298,0,10.00966,5.377334
Ankh2-ext1,UMAP,seq_2299,0,13.459297,9.375611
Ankh2-ext1,UMAP,seq_2300,0,12.8707285,8.587328
Ankh2-ext1,UMAP,seq_2301,0,13.162977,9.681903
Ankh2-ext1,UMAP,seq_2302,0,9.28767,8.197078
Ankh2-ext1,UMAP,seq_2303,0,8.413115,8.194855
Ankh2-ext1,UMAP,seq_2304,0,14.649377,8.5488
Ankh2-ext1,UMAP,seq_2305,0,9.489934,7.2019496
Ankh2-ext1,UMAP,seq_2306,0,11.380541,8.171198
Ankh2-ext1,UMAP,seq_2307,0,9.786444,5.8164253
Ankh2-ext1,UMAP,seq_2308,0,7.4079514,8.043888
Ankh2-ext1,UMAP,seq_2309,0,12.544587,8.718165
Ankh2-ext1,UMAP,seq_2310,0,7.9083095,7.8997445
Ankh2-ext1,UMAP,seq_2311,0,7.4587126,7.2371593
Ankh2-ext1,UMAP,seq_2312,0,10.951339,7.7788258
Ankh2-ext1,UMAP,seq_2313,0,8.311136,6.9851766
Ankh2-ext1,UMAP,seq_2314,0,8.643009,10.511837
Ankh2-ext1,UMAP,seq_2315,0,7.5365715,8.118257
Ankh2-ext1,UMAP,seq_2316,0,10.725545,7.686929
Ankh2-ext1,UMAP,seq_2317,0,13.629866,8.115104
Ankh2-ext1,UMAP,seq_2318,0,7.3533893,9.006619
Ankh2-ext1,UMAP,seq_2319,0,7.729613,8.96687
Ankh2-ext1,UMAP,seq_2320,0,6.1525865,9.820597
Ankh2-ext1,UMAP,seq_2321,0,8.216181,9.040433
Ankh2-ext1,UMAP,seq_2322,0,12.858217,11.096204
Ankh2-ext1,UMAP,seq_2323,0,12.318437,7.8987207
Ankh2-ext1,UMAP,seq_2324,0,7.862359,8.826715
Ankh2-ext1,UMAP,seq_2325,0,8.314928,7.798033
Ankh2-ext1,UMAP,seq_2326,0,11.016437,7.966097
Ankh2-ext1,UMAP,seq_2327,0,8.495086,10.07172
Ankh2-ext1,UMAP,seq_2328,0,8.455328,10.013157
Ankh2-ext1,UMAP,seq_2329,0,8.777092,10.0227375
Ankh2-ext1,UMAP,seq_2330,0,10.142102,8.488973
Ankh2-ext1,UMAP,seq_2331,0,7.545045,7.9887686
Ankh2-ext1,UMAP,seq_2332,0,7.556316,9.048202
Ankh2-ext1,UMAP,seq_2333,0,11.0310135,9.227613
Ankh2-ext1,UMAP,seq_2334,0,11.485292,12.544225
Ankh2-ext1,UMAP,seq_2335,0,12.550466,9.455932
Ankh2-ext1,UMAP,seq_2336,0,13.475046,9.001348
Ankh2-ext1,UMAP,seq_2337,0,12.455612,7.3136168
Ankh2-ext1,UMAP,seq_2338,0,11.741802,7.8878145
Ankh2-ext1,UMAP,seq_2339,0,10.083975,5.629138
Ankh2-ext1,UMAP,seq_2340,0,8.600599,8.360161
Ankh2-ext1,UMAP,seq_2341,0,7.589242,8.360513
Ankh2-ext1,UMAP,seq_2342,0,12.981735,9.045745
Ankh2-ext1,UMAP,seq_2343,0,8.288472,7.0022645
Ankh2-ext1,UMAP,seq_2344,0,12.473541,8.304214
Ankh2-ext1,UMAP,seq_2345,0,12.86377,8.877181
Ankh2-ext1,UMAP,seq_2346,0,14.24052,6.694603
Ankh2-ext1,UMAP,seq_2347,0,12.696204,6.8408766
Ankh2-ext1,UMAP,seq_2348,0,12.649867,6.7928863
Ankh2-ext1,UMAP,seq_2349,0,10.179935,7.5649543
Ankh2-ext1,UMAP,seq_2350,0,12.823674,8.421343
Ankh2-ext1,UMAP,seq_2351,0,8.163145,9.657167
Ankh2-ext1,UMAP,seq_2352,0,12.855587,7.1697416
Ankh2-ext1,UMAP,seq_2353,0,13.193252,8.376956
Ankh2-ext1,UMAP,seq_2354,0,10.92281,7.0465655
Ankh2-ext1,UMAP,seq_2355,0,13.232388,10.884179
Ankh2-ext1,UMAP,seq_2356,0,13.0295925,9.399773
Ankh2-ext1,UMAP,seq_2357,0,13.012367,9.286754
Ankh2-ext1,UMAP,seq_2358,0,12.160227,6.2078676
Ankh2-ext1,UMAP,seq_2359,0,11.260221,5.380003
Ankh2-ext1,UMAP,seq_2360,0,9.397241,9.479488
Ankh2-ext1,UMAP,seq_2361,0,11.498639,7.08298
Ankh2-ext1,UMAP,seq_2362,0,9.361646,7.60902
Ankh2-ext1,UMAP,seq_2363,0,13.039841,8.183748
Ankh2-ext1,UMAP,seq_2364,0,9.687534,5.821314
Ankh2-ext1,UMAP,seq_2365,0,11.536225,12.564277
Ankh2-ext1,UMAP,seq_2366,0,12.867252,8.140569
Ankh2-ext1,UMAP,seq_2367,0,11.834736,6.974918
Ankh2-ext1,UMAP,seq_2368,0,10.016697,6.9452043
Ankh2-ext1,UMAP,seq_2369,0,5.170159,8.215722
Ankh2-ext1,UMAP,seq_2370,0,10.404332,8.769328
Ankh2-ext1,UMAP,seq_2371,0,13.507409,8.52947
Ankh2-ext1,UMAP,seq_2372,0,13.5376425,8.493596
Ankh2-ext1,UMAP,seq_2373,0,12.45398,7.2663383
Ankh2-ext1,UMAP,seq_2374,0,7.4592004,8.951989
Ankh2-ext1,UMAP,seq_2375,0,10.527319,5.927259
Ankh2-ext1,UMAP,seq_2376,0,11.820032,7.5875444
Ankh2-ext1,UMAP,seq_2377,0,10.312522,7.224769
Ankh2-ext1,UMAP,seq_2378,0,12.062852,9.118728
Ankh2-ext1,UMAP,seq_2379,0,12.001428,6.4276204
Ankh2-ext1,UMAP,seq_2380,0,12.238135,6.240317
Ankh2-ext1,UMAP,seq_2381,0,10.492012,9.640613
Ankh2-ext1,UMAP,seq_2382,0,13.359936,11.126364
Ankh2-ext1,UMAP,seq_2383,0,13.411398,9.436831
Ankh2-ext1,UMAP,seq_2384,0,13.016291,11.33567
Ankh2-ext1,UMAP,seq_2385,0,13.262199,9.244713
Ankh2-ext1,UMAP,seq_2386,0,10.687861,6.7882886
Ankh2-ext1,UMAP,seq_2387,0,9.225218,7.9132733
Ankh2-ext1,UMAP,seq_2388,0,12.462746,8.36482
Ankh2-ext1,UMAP,seq_2389,0,10.51574,6.5989757
Ankh2-ext1,UMAP,seq_2390,0,13.798449,9.435575
Ankh2-ext1,UMAP,seq_2391,0,10.110249,5.63498
Ankh2-ext1,UMAP,seq_2392,0,11.365376,7.356279
Ankh2-ext1,UMAP,seq_2393,0,7.4967256,8.257478
Ankh2-ext1,UMAP,seq_2394,0,9.426862,7.0328865
Ankh2-ext1,UMAP,seq_2395,0,13.22004,10.873964
Ankh2-ext1,UMAP,seq_2396,0,7.9162135,7.8710513
Ankh2-ext1,UMAP,seq_2397,0,8.197085,7.9337792
Ankh2-ext1,UMAP,seq_2398,0,7.54854,7.9896374
Ankh2-ext1,UMAP,seq_2399,0,9.363408,7.415681
Ankh2-ext1,UMAP,seq_2400,0,8.497486,7.7992134
Ankh2-ext1,UMAP,seq_2401,0,12.5609255,6.300151
Ankh2-ext1,UMAP,seq_2402,0,12.986298,4.714658
Ankh2-ext1,UMAP,seq_2403,0,12.481251,8.06716
Ankh2-ext1,UMAP,seq_2404,0,12.218999,6.129706
Ankh2-ext1,UMAP,seq_2405,0,8.457673,8.918547
Ankh2-ext1,UMAP,seq_2406,0,7.8719997,2.163584
Ankh2-ext1,UMAP,seq_2407,0,14.633608,8.574564
Ankh2-ext1,UMAP,seq_2408,0,6.121106,9.722569
Ankh2-ext1,UMAP,seq_2409,0,13.898967,8.261345
Ankh2-ext1,UMAP,seq_2410,0,7.8559456,8.821453
Ankh2-ext1,UMAP,seq_2411,0,12.869051,8.832359
Ankh2-ext1,UMAP,seq_2412,0,13.825758,8.251296
Ankh2-ext1,UMAP,seq_2413,0,8.804909,8.049524
Ankh2-ext1,UMAP,seq_2414,0,7.5594807,7.784561
Ankh2-ext1,UMAP,seq_2415,0,7.4136753,8.119882
Ankh2-ext1,UMAP,seq_2416,0,9.630677,6.7972984
Ankh2-ext1,UMAP,seq_2417,0,11.220544,6.86264
Ankh2-ext1,UMAP,seq_2418,0,12.814955,9.0892935
Ankh2-ext1,UMAP,seq_2419,0,12.657179,8.014551
Ankh2-ext1,UMAP,seq_2420,0,12.664361,7.507417
Ankh2-ext1,UMAP,seq_2421,0,8.749759,7.764738
Ankh2-ext1,UMAP,seq_2422,0,8.848856,6.8953447
Ankh2-ext1,UMAP,seq_2423,0,5.7058635,7.7858443
Ankh2-ext1,UMAP,seq_2424,0,7.5145736,8.800845
Ankh2-ext1,UMAP,seq_2425,0,14.258552,8.782393
Ankh2-ext1,UMAP,seq_2426,0,9.617032,5.8008657
Ankh2-ext1,UMAP,seq_2427,0,12.3936405,7.601793
Ankh2-ext1,UMAP,seq_2428,0,9.28037,-7.0466413
Ankh2-ext1,UMAP,seq_2429,0,12.285595,7.944132
Ankh2-ext1,UMAP,seq_2430,0,12.062464,6.42728
Ankh2-ext1,UMAP,seq_2431,0,8.505721,9.556375
Ankh2-ext1,UMAP,seq_2432,0,10.702363,9.940147
Ankh2-ext1,UMAP,seq_2433,0,10.386554,7.2026253
Ankh2-ext1,UMAP,seq_2434,0,12.18663,6.071593
Ankh2-ext1,UMAP,seq_2435,0,12.768057,7.8034444
Ankh2-ext1,UMAP,seq_2436,0,10.09401,7.6149354
Ankh2-ext1,UMAP,seq_2437,0,10.50329,5.9202714
Ankh2-ext1,UMAP,seq_2438,0,9.188936,10.442646
Ankh2-ext1,UMAP,seq_2439,0,12.575669,8.38547
Ankh2-ext1,UMAP,seq_2440,0,12.746027,7.0793386
Ankh2-ext1,UMAP,seq_2441,0,9.782564,8.494689
Ankh2-ext1,UMAP,seq_2442,0,10.341388,6.724138
Ankh2-ext1,UMAP,seq_2443,0,9.808772,7.270468
Ankh2-ext1,UMAP,seq_2444,0,10.141504,10.04513
Ankh2-ext1,UMAP,seq_2445,0,13.4884405,8.899373
Ankh2-ext1,UMAP,seq_2446,0,8.172359,8.084701
Ankh2-ext1,UMAP,seq_2447,0,13.191582,8.844871
Ankh2-ext1,UMAP,seq_2448,0,12.981787,7.6784334
Ankh2-ext1,UMAP,seq_2449,0,9.392912,8.987719
Ankh2-ext1,UMAP,seq_2450,0,9.852188,5.255449
Ankh2-ext1,UMAP,seq_2451,0,6.222644,9.62882
Ankh2-ext1,UMAP,seq_2452,0,10.723983,6.9136715
Ankh2-ext1,UMAP,seq_2453,0,13.276799,11.209272
Ankh2-ext1,UMAP,seq_2454,0,10.365283,6.567871
Ankh2-ext1,UMAP,seq_2455,0,11.764516,7.691914
Ankh2-ext1,UMAP,seq_2456,0,13.815268,5.2596917
Ankh2-ext1,UMAP,seq_2457,0,9.988379,6.9285355
Ankh2-ext1,UMAP,seq_2458,0,11.526505,7.112628
Ankh2-ext1,UMAP,seq_2459,0,12.607773,7.7237864
Ankh2-ext1,UMAP,seq_2460,0,11.865452,7.8590374
Ankh2-ext1,UMAP,seq_2461,0,11.707495,8.856431
Ankh2-ext1,UMAP,seq_2462,0,12.090406,8.621466
Ankh2-ext1,UMAP,seq_2463,0,9.876951,5.4695873
Ankh2-ext1,UMAP,seq_2464,0,10.959612,7.4586926
Ankh2-ext1,UMAP,seq_2465,0,13.090807,7.550479
Ankh2-ext1,UMAP,seq_2466,0,8.049743,9.888707
Ankh2-ext1,UMAP,seq_2467,0,11.820179,6.907155
Ankh2-ext1,UMAP,seq_2468,0,8.669321,9.193534
Ankh2-ext1,UMAP,seq_2469,0,7.5598664,7.5710692
Ankh2-ext1,UMAP,seq_2470,0,9.489719,7.441034
Ankh2-ext1,UMAP,seq_2471,0,8.247158,8.456166
Ankh2-ext1,UMAP,seq_2472,0,8.671226,9.803948
Ankh2-ext1,UMAP,seq_2473,0,7.8095746,7.6656656
Ankh2-ext1,UMAP,seq_2474,0,24.381945,11.673526
Ankh2-ext1,UMAP,seq_2475,0,8.935828,9.980153
Ankh2-ext1,UMAP,seq_2476,0,9.831435,10.165692
Ankh2-ext1,UMAP,seq_2477,0,8.5419655,9.299543
Ankh2-ext1,UMAP,seq_2478,0,8.139455,8.023376
Ankh2-ext1,UMAP,seq_2479,0,9.385418,7.5486135
Ankh2-ext1,UMAP,seq_2480,0,11.421995,9.380853
Ankh2-ext1,UMAP,seq_2481,0,7.6226873,9.174749
Ankh2-ext1,UMAP,seq_2482,0,8.150363,8.665571
Ankh2-ext1,UMAP,seq_2483,0,11.196004,6.82066
Ankh2-ext1,UMAP,seq_2484,0,8.496539,9.026152
Ankh2-ext1,UMAP,seq_2485,0,9.287808,9.469721
Ankh2-ext1,UMAP,seq_2486,0,13.307087,11.292255
Ankh2-ext1,UMAP,seq_2487,0,8.129109,8.561102
Ankh2-ext1,UMAP,seq_2488,0,7.7503767,8.18053
Ankh2-ext1,UMAP,seq_2489,0,11.192888,5.4288473
Ankh2-ext1,UMAP,seq_2490,0,9.50488,5.8165116
Ankh2-ext1,UMAP,seq_2491,0,7.813061,7.867821
Ankh2-ext1,UMAP,seq_2492,0,8.647283,10.102756
Ankh2-ext1,UMAP,seq_2493,0,10.023536,7.239709
Ankh2-ext1,UMAP,seq_2494,0,9.194486,9.134127
Ankh2-ext1,UMAP,seq_2495,0,13.250112,9.591003
Ankh2-ext1,UMAP,seq_2496,0,12.782185,7.0661893
Ankh2-ext1,UMAP,seq_2497,0,9.793483,8.536273
Ankh2-ext1,UMAP,seq_2498,0,13.76646,8.100503
Ankh2-ext1,UMAP,seq_2499,0,9.958749,9.988068
Ankh2-ext1,UMAP,seq_2500,0,9.973133,9.953769
Ankh2-ext1,UMAP,seq_2501,0,11.515093,12.527824
Ankh2-ext1,UMAP,seq_2502,0,8.07711,7.166951
Ankh2-ext1,UMAP,seq_2503,0,12.817448,7.6048584
Ankh2-ext1,UMAP,seq_2504,0,10.945813,9.546429
Ankh2-ext1,UMAP,seq_2505,0,8.324271,8.818181
Ankh2-ext1,UMAP,seq_2506,0,9.660824,8.198303
Ankh2-ext1,UMAP,seq_2507,0,8.764116,8.344931
Ankh2-ext1,UMAP,seq_2508,0,8.93549,10.205278
Ankh2-ext1,UMAP,seq_2509,0,11.564162,9.372843
Ankh2-ext1,UMAP,seq_2510,0,8.781534,7.8685102
Ankh2-ext1,UMAP,seq_2511,0,12.048747,9.708224
Ankh2-ext1,UMAP,seq_2512,0,11.159222,9.434677
Ankh2-ext1,UMAP,seq_2513,0,8.89153,8.325417
Ankh2-ext1,UMAP,seq_2514,0,8.043606,6.5919824
Ankh2-ext1,UMAP,seq_2515,0,10.313443,9.252314
Ankh2-ext1,UMAP,seq_2516,0,8.748566,9.727165
Ankh2-ext1,UMAP,seq_2517,0,7.757194,8.216279
Ankh2-ext1,UMAP,seq_2518,0,11.672063,9.218503
Ankh2-ext1,UMAP,seq_2519,0,10.480526,9.413246
Ankh2-ext1,UMAP,seq_2520,0,9.321305,8.03093
Ankh2-ext1,UMAP,seq_2521,0,8.385611,7.8037343
Ankh2-ext1,UMAP,seq_2522,0,11.65582,7.5660706
Ankh2-ext1,UMAP,seq_2523,0,8.432564,7.6203136
Ankh2-ext1,UMAP,seq_2524,0,7.6801643,8.06924
Ankh2-ext1,UMAP,seq_2525,0,10.770022,9.078589
Ankh2-ext1,UMAP,seq_2526,0,7.9174976,8.182693
Ankh2-ext1,UMAP,seq_2527,0,8.351337,8.985685
Ankh2-ext1,UMAP,seq_2528,0,9.850209,7.8992414
Ankh2-ext1,UMAP,seq_2529,0,9.860594,8.279273
Ankh2-ext1,UMAP,seq_2530,0,13.325718,11.459776
Ankh2-ext1,UMAP,seq_2531,0,9.7794285,8.473223
Ankh2-ext1,UMAP,seq_2532,0,10.848382,8.632642
Ankh2-ext1,UMAP,seq_2533,0,9.04372,7.824057
Ankh2-ext1,UMAP,seq_2534,0,11.838014,7.083609
Ankh2-ext1,UMAP,seq_2535,0,9.6779175,6.718994
Ankh2-ext1,UMAP,seq_2536,0,9.6188345,7.314996
Ankh2-ext1,UMAP,seq_2537,0,8.938784,9.005905
Ankh2-ext1,UMAP,seq_2538,0,12.967006,3.7023988
Ankh2-ext1,UMAP,seq_2539,0,8.693849,9.117154
Ankh2-ext1,UMAP,seq_2540,0,13.051948,4.8451686
Ankh2-ext1,UMAP,seq_2541,0,13.388197,8.696234
Ankh2-ext1,UMAP,seq_2542,0,9.719752,5.2286925
Ankh2-ext1,UMAP,seq_2543,0,9.748226,5.907828
Ankh2-ext1,UMAP,seq_2544,0,9.362606,8.286048
Ankh2-ext1,UMAP,seq_2545,0,9.992798,8.949843
Ankh2-ext1,UMAP,seq_2546,0,10.290591,5.831164
Ankh2-ext1,UMAP,seq_2547,0,10.777951,9.634784
Ankh2-ext1,UMAP,seq_2548,0,8.487686,8.885634
Ankh2-ext1,UMAP,seq_2549,0,11.197641,12.36958
Ankh2-ext1,UMAP,seq_2550,0,12.881298,8.44245
Ankh2-ext1,UMAP,seq_2551,0,10.002365,7.1127033
Ankh2-ext1,UMAP,seq_2552,0,10.20896,9.452024
Ankh2-ext1,UMAP,seq_2553,0,13.298335,10.019742
Ankh2-ext1,UMAP,seq_2554,0,6.3098145,10.143967
Ankh2-ext1,UMAP,seq_2555,0,8.911868,8.489345
Ankh2-ext1,UMAP,seq_2556,0,9.957613,5.5215464
Ankh2-ext1,UMAP,seq_2557,0,13.826911,5.2492537
Ankh2-ext1,UMAP,seq_2558,0,11.439846,7.072418
Ankh2-ext1,UMAP,seq_2559,0,10.011299,9.42955
Ankh2-ext1,UMAP,seq_2560,0,7.3713107,8.976937
Ankh2-ext1,UMAP,seq_2561,0,12.7498045,7.1582103
Ankh2-ext1,UMAP,seq_2562,0,14.65296,8.576593
Ankh2-ext1,UMAP,seq_2563,0,12.2974205,9.559635
Ankh2-ext1,UMAP,seq_2564,0,10.697289,8.9709215
Ankh2-ext1,UMAP,seq_2565,0,9.176438,10.342464
Ankh2-ext1,UMAP,seq_2566,0,9.290763,9.067669
Ankh2-ext1,UMAP,seq_2567,0,9.208486,9.943926
Ankh2-ext1,UMAP,seq_2568,0,9.649809,8.120881
Ankh2-ext1,UMAP,seq_2569,0,12.283792,9.502989
Ankh2-ext1,UMAP,seq_2570,0,8.211774,8.4605665
Ankh2-ext1,UMAP,seq_2571,0,8.049806,7.169617
Ankh2-ext1,UMAP,seq_2572,0,9.559197,4.976742
Ankh2-ext1,UMAP,seq_2573,0,11.4179125,6.7741513
Ankh2-ext1,UMAP,seq_2574,0,10.684751,8.123186
Ankh2-ext1,UMAP,seq_2575,0,12.575657,6.7464643
Ankh2-ext1,UMAP,seq_2576,0,14.652831,7.8277035
Ankh2-ext1,UMAP,seq_2577,0,11.977192,6.1123652
Ankh2-ext1,UMAP,seq_2578,0,12.04486,7.5079317
Ankh2-ext1,UMAP,seq_2579,0,12.249126,8.481609
Ankh2-ext1,UMAP,seq_2580,0,10.926706,6.5381866
Ankh2-ext1,UMAP,seq_2581,0,7.909357,8.846942
Ankh2-ext1,UMAP,seq_2582,0,10.170367,6.8786306
Ankh2-ext1,UMAP,seq_2583,0,7.788323,9.170658
Ankh2-ext1,UMAP,seq_2584,0,12.326283,5.968655
Ankh2-ext1,UMAP,seq_2585,0,8.623982,8.348174
Ankh2-ext1,UMAP,seq_2586,0,11.536457,9.763542
Ankh2-ext1,UMAP,seq_2587,0,8.8406315,9.987077
Ankh2-ext1,UMAP,seq_2588,0,5.1724706,8.182298
Ankh2-ext1,UMAP,seq_2589,0,9.674172,7.8884344
Ankh2-ext1,UMAP,seq_2590,0,13.189039,11.140087
Ankh2-ext1,UMAP,seq_2591,0,13.3891735,7.517128
Ankh2-ext1,UMAP,seq_2592,0,9.633633,8.056676
Ankh2-ext1,UMAP,seq_2593,0,8.028765,7.4479766
Ankh2-ext1,UMAP,seq_2594,0,6.837344,8.825569
Ankh2-ext1,UMAP,seq_2595,0,5.86264,8.006647
Ankh2-ext1,UMAP,seq_2596,0,5.8110833,7.6858273
Ankh2-ext1,UMAP,seq_2597,0,10.974092,7.0497694
Ankh2-ext1,UMAP,seq_2598,0,11.230384,7.007645
Ankh2-ext1,UMAP,seq_2599,0,11.800785,8.930175
Ankh2-ext1,UMAP,seq_2600,0,8.947095,8.86716
Ankh2-ext1,UMAP,seq_2601,0,6.055384,9.756774
Ankh2-ext1,UMAP,seq_2602,0,8.304746,9.932474
Ankh2-ext1,UMAP,seq_2603,0,9.280397,-7.046585
Ankh2-ext1,UMAP,seq_2604,0,8.00423,8.043835
Ankh2-ext1,UMAP,seq_2605,0,8.722469,7.7235723
Ankh2-ext1,UMAP,seq_2606,0,9.014322,9.002999
Ankh2-ext1,UMAP,seq_2607,0,5.7239523,7.7668934
Ankh2-ext1,UMAP,seq_2608,0,7.8104396,7.7178392
Ankh2-ext1,UMAP,seq_2609,0,8.233264,8.110554
Ankh2-ext1,UMAP,seq_2610,0,13.090279,11.3688545
Ankh2-ext1,UMAP,seq_2611,0,7.3798413,8.59688
Ankh2-ext1,UMAP,seq_2612,0,14.279794,6.666276
Ankh2-ext1,UMAP,seq_2613,0,7.888325,8.397706
Ankh2-ext1,UMAP,seq_2614,0,8.432205,9.770738
Ankh2-ext1,UMAP,seq_2615,0,13.497656,9.244827
Ankh2-ext1,UMAP,seq_2616,0,11.624025,4.306756
Ankh2-ext1,UMAP,seq_2617,0,7.7306027,7.2340302
Ankh2-ext1,UMAP,seq_2618,0,12.868837,11.382278
Ankh2-ext1,UMAP,seq_2619,0,8.535327,10.084824
Ankh2-ext1,UMAP,seq_2620,0,7.0755224,7.352706
Ankh2-ext1,UMAP,seq_2621,0,13.558622,9.574242
Ankh2-ext1,UMAP,seq_2622,0,5.7888246,7.750242
Ankh2-ext1,UMAP,seq_2623,0,12.853807,9.220884
Ankh2-ext1,UMAP,seq_2624,0,7.8393583,8.490387
Ankh2-ext1,UMAP,seq_2625,0,10.085393,5.631573
Ankh2-ext1,UMAP,seq_2626,0,11.810845,5.6534944
Ankh2-ext1,UMAP,seq_2627,0,10.661971,7.13297
Ankh2-ext1,UMAP,seq_2628,0,8.414868,8.381673
Ankh2-ext1,UMAP,seq_2629,0,5.9639893,9.742421
Ankh2-ext1,UMAP,seq_2630,0,11.958401,8.755176
Ankh2-ext1,UMAP,seq_2631,0,9.779059,10.129896
Ankh2-ext1,UMAP,seq_2632,0,9.992594,6.1417365
Ankh2-ext1,UMAP,seq_2633,0,13.156302,9.104777
Ankh2-ext1,UMAP,seq_2634,0,9.192282,8.344779
Ankh2-ext1,UMAP,seq_2635,0,9.390482,7.47898
Ankh2-ext1,UMAP,seq_2636,0,9.246553,7.9035707
Ankh2-ext1,UMAP,seq_2637,0,9.116051,7.4285817
Ankh2-ext1,UMAP,seq_2638,0,9.812674,7.167885
Ankh2-ext1,UMAP,seq_2639,0,11.079776,7.612493
Ankh2-ext1,UMAP,seq_2640,0,8.50372,8.924302
Ankh2-ext1,UMAP,seq_2641,0,8.729499,9.451314
Ankh2-ext1,UMAP,seq_2642,0,10.632788,9.669751
Ankh2-ext1,UMAP,seq_2643,0,9.103169,8.573803
Ankh2-ext1,UMAP,seq_2644,0,10.658999,6.5358624
Ankh2-ext1,UMAP,seq_2645,0,12.803105,4.6748543
Ankh2-ext1,UMAP,seq_2646,0,7.462524,7.6155186
Ankh2-ext1,UMAP,seq_2647,0,13.331099,9.558271
Ankh2-ext1,UMAP,seq_2648,0,8.422891,9.98802
Ankh2-ext1,UMAP,seq_2649,0,8.333404,7.4290447
Ankh2-ext1,UMAP,seq_2650,0,11.226092,5.3581443
Ankh2-ext1,UMAP,seq_2651,0,8.267316,7.478068
Ankh2-ext1,UMAP,seq_2652,0,6.751497,9.980603
Ankh2-ext1,UMAP,seq_2653,0,8.337232,8.3008
Ankh2-ext1,UMAP,seq_2654,0,13.471747,8.392403
Ankh2-ext1,UMAP,seq_2655,0,9.280367,-7.0466614
Ankh2-ext1,UMAP,seq_2656,0,9.408224,8.532282
Ankh2-ext1,UMAP,seq_2657,0,7.5476227,8.608251
Ankh2-ext1,UMAP,seq_2658,0,9.810897,2.1853967
Ankh2-ext1,UMAP,seq_2659,0,8.034188,8.249976
Ankh2-ext1,UMAP,seq_2660,0,6.1982045,9.801397
Ankh2-ext1,UMAP,seq_2661,0,8.163762,10.036477
Ankh2-ext1,UMAP,seq_2662,0,14.534553,8.597013
Ankh2-ext1,UMAP,seq_2663,0,13.440417,8.578339
Ankh2-ext1,UMAP,seq_2664,0,11.691248,8.356813
Ankh2-ext1,UMAP,seq_2665,0,13.493107,9.523468
Ankh2-ext1,UMAP,seq_2666,0,9.110941,12.04371
Ankh2-ext1,UMAP,seq_2667,0,12.919153,4.228812
Ankh2-ext1,UMAP,seq_2668,0,7.3587346,7.6627364
Ankh2-ext1,UMAP,seq_2669,0,8.242496,8.14438
Ankh2-ext1,UMAP,seq_2670,0,7.9237094,7.9722404
Ankh2-ext1,UMAP,seq_2671,0,8.266358,8.838389
Ankh2-ext1,UMAP,seq_2672,0,10.907077,8.595533
Ankh2-ext1,UMAP,seq_2673,0,12.864703,9.120616
Ankh2-ext1,UMAP,seq_2674,0,11.779681,8.673633
Ankh2-ext1,UMAP,seq_2675,0,9.470434,5.575502
Ankh2-ext1,UMAP,seq_2676,0,7.603092,8.530397
Ankh2-ext1,UMAP,seq_2677,0,12.867045,9.138278
Ankh2-ext1,UMAP,seq_2678,0,12.912332,4.2213798
Ankh2-ext1,UMAP,seq_2679,0,11.952884,8.041911
Ankh2-ext1,UMAP,seq_2680,0,7.3319583,7.2277474
Ankh2-ext1,UMAP,seq_2681,0,9.767272,7.71592
Ankh2-ext1,UMAP,seq_2682,0,7.9976177,8.398637
Ankh2-ext1,UMAP,seq_2683,0,8.372623,8.229428
Ankh2-ext1,UMAP,seq_2684,0,11.127704,9.615205
Ankh2-ext1,UMAP,seq_2685,0,8.190589,9.20428
Ankh2-ext1,UMAP,seq_2686,0,13.519712,8.423395
Ankh2-ext1,UMAP,seq_2687,0,13.575189,8.310062
Ankh2-ext1,UMAP,seq_2688,0,9.7802725,7.8058248
Ankh2-ext1,UMAP,seq_2689,0,7.9056034,8.155931
Ankh2-ext1,UMAP,seq_2690,0,7.7660174,8.76393
Ankh2-ext1,UMAP,seq_2691,0,8.052455,7.715138
Ankh2-ext1,UMAP,seq_2692,0,7.408209,9.167305
Ankh2-ext1,UMAP,seq_2693,0,7.884008,8.697496
Ankh2-ext1,UMAP,seq_2694,0,7.9881887,7.650501
Ankh2-ext1,UMAP,seq_2695,0,7.430895,9.1596775
Ankh2-ext1,UMAP,seq_2696,0,7.4648404,8.103742
Ankh2-ext1,UMAP,seq_2697,0,8.355804,7.933116
Ankh2-ext1,UMAP,seq_2698,0,11.014871,9.660383
Ankh2-ext1,UMAP,seq_2699,0,8.043015,9.011927
Ankh2-ext1,UMAP,seq_2700,0,8.661418,9.840002
Ankh2-ext1,UMAP,seq_2701,0,8.919102,6.6834784
Ankh2-ext1,UMAP,seq_2702,0,9.307342,8.337838
Ankh2-ext1,UMAP,seq_2703,0,11.488748,9.773146
Ankh2-ext1,UMAP,seq_2704,0,13.109238,11.389024
Ankh2-ext1,UMAP,seq_2705,0,7.843448,7.791853
Ankh2-ext1,UMAP,seq_2706,0,9.46022,7.5531144
Ankh2-ext1,UMAP,seq_2707,0,8.055958,8.644329
Ankh2-ext1,UMAP,seq_2708,0,10.523104,8.825989
Ankh2-ext1,UMAP,seq_2709,0,9.56367,7.115184
Ankh2-ext1,UMAP,seq_2710,0,10.131488,8.981259
Ankh2-ext1,UMAP,seq_2711,0,10.359246,7.3468666
Ankh2-ext1,UMAP,seq_2712,0,13.536224,9.381169
Ankh2-ext1,UMAP,seq_2713,0,10.607868,10.122825
Ankh2-ext1,UMAP,seq_2714,0,8.417423,8.756059
Ankh2-ext1,UMAP,seq_2715,0,9.9033575,8.106412
Ankh2-ext1,UMAP,seq_2716,0,12.77121,8.075077
Ankh2-ext1,UMAP,seq_2717,0,12.7611065,8.055502
Ankh2-ext1,UMAP,seq_2718,0,12.738321,8.10092
Ankh2-ext1,UMAP,seq_2719,0,12.231589,8.296849
Ankh2-ext1,UMAP,seq_2720,0,9.714642,8.36111
Ankh2-ext1,UMAP,seq_2721,0,7.941901,9.175808
Ankh2-ext1,UMAP,seq_2722,0,8.889859,8.400162
Ankh2-ext1,UMAP,seq_2723,0,12.655,7.781812
Ankh2-ext1,UMAP,seq_2724,0,9.605049,11.192002
Ankh2-ext1,UMAP,seq_2725,0,12.006863,8.146858
Ankh2-ext1,UMAP,seq_2726,0,9.589748,11.22198
Ankh2-ext1,UMAP,seq_2727,0,7.8736515,9.148733
Ankh2-ext1,UMAP,seq_2728,0,6.4990277,9.1471405
Ankh2-ext1,UMAP,seq_2729,0,6.391092,9.44552
Ankh2-ext1,UMAP,seq_2730,0,6.148815,9.733349
Ankh2-ext1,UMAP,seq_2731,0,8.4354515,8.537911
Ankh2-ext1,UMAP,seq_2732,0,11.757182,6.4260015
Ankh2-ext1,UMAP,seq_2733,0,12.9297695,4.2143626
Ankh2-ext1,UMAP,seq_2734,0,9.353753,7.4433756
Ankh2-ext1,UMAP,seq_2735,0,13.011995,7.3729696
Ankh2-ext1,UMAP,seq_2736,0,13.009194,7.396994
Ankh2-ext1,UMAP,seq_2737,0,9.136016,9.060317
Ankh2-ext1,UMAP,seq_2738,0,8.486645,6.9773755
Ankh2-ext1,UMAP,seq_2739,0,7.6938186,8.357803
Ankh2-ext1,UMAP,seq_2740,0,7.4515343,9.16642
Ankh2-ext1,UMAP,seq_2741,0,6.171795,9.802544
Ankh2-ext1,UMAP,seq_2742,0,8.104037,7.4687753
Ankh2-ext1,UMAP,seq_2743,0,13.734977,9.187137
Ankh2-ext1,UMAP,seq_2744,0,7.969008,8.986186
Ankh2-ext1,UMAP,seq_2745,0,9.892746,6.3833275
Ankh2-ext1,UMAP,seq_2746,0,13.253838,8.517468
Ankh2-ext1,UMAP,seq_2747,0,8.313336,8.92113
Ankh2-ext1,UMAP,seq_2748,0,10.669835,8.930425
Ankh2-ext1,UMAP,seq_2749,0,6.1193705,9.801745
Ankh2-ext1,UMAP,seq_2750,0,6.869156,7.928949
Ankh2-ext1,UMAP,seq_2751,0,9.299229,9.3943815
Ankh2-ext1,UMAP,seq_2752,0,13.546635,9.116788
Ankh2-ext1,UMAP,seq_2753,0,7.555025,8.530883
Ankh2-ext1,UMAP,seq_2754,0,12.833774,8.089467
Ankh2-ext1,UMAP,seq_2755,0,12.241842,6.1104918
Ankh2-ext1,UMAP,seq_2756,0,14.598154,7.8503246
Ankh2-ext1,UMAP,seq_2757,0,13.174616,11.218997
Ankh2-ext1,UMAP,seq_2758,0,9.150229,8.958719
Ankh2-ext1,UMAP,seq_2759,0,7.951335,8.201222
Ankh2-ext1,UMAP,seq_2760,0,10.927887,6.463394
Ankh2-ext1,UMAP,seq_2761,0,5.712073,7.7920103
Ankh2-ext1,UMAP,seq_2762,0,9.092849,8.169194
Ankh2-ext1,UMAP,seq_2763,0,10.90312,6.4140906
Ankh2-ext1,UMAP,seq_2764,0,12.24396,7.827399
Ankh2-ext1,UMAP,seq_2765,0,12.326268,7.8561826
Ankh2-ext1,UMAP,seq_2766,0,7.787902,7.682444
Ankh2-ext1,UMAP,seq_2767,0,7.6834426,8.317521
Ankh2-ext1,UMAP,seq_2768,0,11.910842,7.6978917
Ankh2-ext1,UMAP,seq_2769,0,13.244663,11.191877
Ankh2-ext1,UMAP,seq_2770,0,6.278488,10.076009
Ankh2-ext1,UMAP,seq_2771,0,5.8403215,7.6714063
Ankh2-ext1,UMAP,seq_2772,0,10.14875,7.534381
Ankh2-ext1,UMAP,seq_2773,0,9.214201,9.070735
Ankh2-ext1,UMAP,seq_2774,0,11.395433,9.684157
Ankh2-ext1,UMAP,seq_2775,0,12.316263,5.8615513
Ankh2-ext1,UMAP,seq_2776,0,8.539718,10.014979
Ankh2-ext1,UMAP,seq_2777,0,13.175822,11.196319
Ankh2-ext1,UMAP,seq_2778,0,11.749252,9.073478
Ankh2-ext1,UMAP,seq_2779,0,9.27401,8.108975
Ankh2-ext1,UMAP,seq_2780,0,13.467597,8.598647
Ankh2-ext1,UMAP,seq_2781,0,12.037429,4.5961266
Ankh2-ext1,UMAP,seq_2782,0,12.350971,5.869203
Ankh2-ext1,UMAP,seq_2783,0,13.147608,3.5205498
Ankh2-ext1,UMAP,seq_2784,0,13.824303,5.250478
Ankh2-ext1,UMAP,seq_2785,0,13.506316,9.51331
Ankh2-ext1,UMAP,seq_2786,0,6.1671495,9.732722
Ankh2-ext1,UMAP,seq_2787,0,13.404092,9.329621
Ankh2-ext1,UMAP,seq_2788,0,12.371231,9.76976
Ankh2-ext1,UMAP,seq_2789,0,7.9602523,8.4452505
Ankh2-ext1,UMAP,seq_2790,0,12.773581,8.488743
Ankh2-ext1,UMAP,seq_2791,0,8.085144,8.808867
Ankh2-ext1,UMAP,seq_2792,0,9.197613,6.662672
Ankh2-ext1,UMAP,seq_2793,0,9.599739,11.195531
Ankh2-ext1,UMAP,seq_2794,0,7.7337866,6.6507688
Ankh2-ext1,UMAP,seq_2795,0,12.029964,6.9396157
Ankh2-ext1,UMAP,seq_2796,0,8.574704,8.474638
Ankh2-ext1,UMAP,seq_2797,0,8.041789,8.866083
Ankh2-ext1,UMAP,seq_2798,0,9.551784,7.6358256
Ankh2-ext1,UMAP,seq_2799,0,7.806054,8.389293
Ankh2-ext1,UMAP,seq_2800,0,9.126935,6.914643
Ankh2-ext1,UMAP,seq_2801,0,6.7864857,7.9573736
Ankh2-ext1,UMAP,seq_2802,0,6.059728,9.859861
Ankh2-ext1,UMAP,seq_2803,0,8.04492,8.492587
Ankh2-ext1,UMAP,seq_2804,0,9.777142,8.581718
Ankh2-ext1,UMAP,seq_2805,0,9.780742,8.555129
Ankh2-ext1,UMAP,seq_2806,0,13.693375,9.3777275
Ankh2-ext1,UMAP,seq_2807,0,8.456138,7.6864305
Ankh2-ext1,UMAP,seq_2808,0,9.848458,8.44009
Ankh2-ext1,UMAP,seq_2809,0,7.960082,7.675332
Ankh2-ext1,UMAP,seq_2810,0,8.5822,7.427848
Ankh2-ext1,UMAP,seq_2811,0,13.105215,9.16229
Ankh2-ext1,UMAP,seq_2812,0,12.525064,8.956248
Ankh2-ext1,UMAP,seq_2813,0,10.48355,9.220991
Ankh2-ext1,UMAP,seq_2814,0,13.707416,9.2409
Ankh2-ext1,UMAP,seq_2815,0,7.3776617,8.088452
Ankh2-ext1,UMAP,seq_2816,0,7.7299013,8.984857
Ankh2-ext1,UMAP,seq_2817,0,9.950434,7.26239
Ankh2-ext1,UMAP,seq_2818,0,8.286443,7.4684486
Ankh2-ext1,UMAP,seq_2819,0,9.91672,10.564197
Ankh2-ext1,UMAP,seq_2820,0,5.717166,7.794458
Ankh2-ext1,UMAP,seq_2821,0,9.861051,5.7198386
Ankh2-ext1,UMAP,seq_2822,0,12.896384,11.326336
Ankh2-ext1,UMAP,seq_2823,0,11.550761,7.3255177
Ankh2-ext1,UMAP,seq_2824,0,8.234518,8.780829
Ankh2-ext1,UMAP,seq_2825,0,9.84396,5.7456603
Ankh2-ext1,UMAP,seq_2826,0,10.562219,6.09451
Ankh2-ext1,UMAP,seq_2827,0,12.09716,6.8860655
Ankh2-ext1,UMAP,seq_2828,0,12.468124,8.757211
Ankh2-ext1,UMAP,seq_2829,0,7.945019,8.65768
Ankh2-ext1,UMAP,seq_2830,0,11.841561,7.3637123
Ankh2-ext1,UMAP,seq_2831,0,8.0708275,8.558073
Ankh2-ext1,UMAP,seq_2832,0,7.106567,7.374907
Ankh2-ext1,UMAP,seq_2833,0,6.857148,8.736735
Ankh2-ext1,UMAP,seq_2834,0,7.937169,8.989782
Ankh2-ext1,UMAP,seq_2835,0,7.266858,7.2188716
Ankh2-ext1,UMAP,seq_2836,0,5.233066,8.140349
Ankh2-ext1,UMAP,seq_2837,0,7.4242916,7.6169744
Ankh2-ext1,UMAP,seq_2838,0,12.96733,4.648394
Ankh2-ext1,UMAP,seq_2839,0,7.3961864,8.154754
Ankh2-ext1,UMAP,seq_2840,0,9.732661,9.089824
Ankh2-ext1,UMAP,seq_2841,0,8.169814,5.961605
Ankh2-ext1,UMAP,seq_2842,0,8.739789,8.13261
Ankh2-ext1,UMAP,seq_2843,0,7.637004,9.17974
Ankh2-ext1,UMAP,seq_2844,0,11.032674,6.8990197
Ankh2-ext1,UMAP,seq_2845,0,12.101419,3.8711226
Ankh2-ext1,UMAP,seq_2846,0,11.879507,7.6125894
Ankh2-ext1,UMAP,seq_2847,0,11.812198,5.6090674
Ankh2-ext1,UMAP,seq_2848,0,10.884835,18.114609
Ankh2-ext1,UMAP,seq_2849,0,9.584058,7.37335
Ankh2-ext1,UMAP,seq_2850,0,8.883894,8.9742565
Ankh2-ext1,UMAP,seq_2851,0,10.178153,9.573241
Ankh2-ext1,UMAP,seq_2852,0,11.412836,9.592425
Ankh2-ext1,UMAP,seq_2853,0,12.750885,11.062991
Ankh2-ext1,UMAP,seq_2854,0,6.1878767,9.799772
Ankh2-ext1,UMAP,seq_2855,0,8.389739,7.346083
Ankh2-ext1,UMAP,seq_2856,0,8.445775,8.431696
Ankh2-ext1,UMAP,seq_2857,0,8.987249,9.765633
Ankh2-ext1,UMAP,seq_2858,0,12.74738,7.117792
Ankh2-ext1,UMAP,seq_2859,0,12.415549,5.9216166
Ankh2-ext1,UMAP,seq_2860,0,11.88189,8.37641
Ankh2-ext1,UMAP,seq_2861,0,9.475947,9.489657
Ankh2-ext1,UMAP,seq_2862,0,11.779001,5.663533
Ankh2-ext1,UMAP,seq_2863,0,12.373687,6.112732
Ankh2-ext1,UMAP,seq_2864,0,12.29735,6.4772844
Ankh2-ext1,UMAP,seq_2865,0,8.940464,7.4356546
Ankh2-ext1,UMAP,seq_2866,0,10.98446,3.9834893
Ankh2-ext1,UMAP,seq_2867,0,12.199391,6.118171
Ankh2-ext1,UMAP,seq_2868,0,6.197143,9.77826
Ankh2-ext1,UMAP,seq_2869,0,6.1647778,9.7530775
Ankh2-ext1,UMAP,seq_2870,0,10.230872,7.9023223
Ankh2-ext1,UMAP,seq_2871,0,13.538046,9.45937
Ankh2-ext1,UMAP,seq_2872,0,12.229448,6.156687
Ankh2-ext1,UMAP,seq_2873,0,8.417282,8.217664
Ankh2-ext1,UMAP,seq_2874,0,10.897643,6.3604503
Ankh2-ext1,UMAP,seq_2875,0,13.242882,11.218249
Ankh2-ext1,UMAP,seq_2876,0,13.3631935,7.941364
Ankh2-ext1,UMAP,seq_2877,0,10.630976,6.153742
Ankh2-ext1,UMAP,seq_2878,0,9.452127,7.729392
Ankh2-ext1,UMAP,seq_2879,0,10.828821,6.495854
Ankh2-ext1,UMAP,seq_2880,0,11.930971,8.209261
Ankh2-ext1,UMAP,seq_2881,0,11.965453,8.850386
Ankh2-ext1,UMAP,seq_2882,0,9.803938,5.4924283
Ankh2-ext1,UMAP,seq_2883,0,11.658477,7.744409
Ankh2-ext1,UMAP,seq_2884,0,8.535016,9.977127
Ankh2-ext1,UMAP,seq_2885,0,13.359373,8.702944
Ankh2-ext1,UMAP,seq_2886,0,5.5035086,6.74295
Ankh2-ext1,UMAP,seq_2887,0,5.736606,7.768105
Ankh2-ext1,UMAP,seq_2888,0,11.595249,12.672884
Ankh2-ext1,UMAP,seq_2889,0,8.756511,8.766168
Ankh2-ext1,UMAP,seq_2890,0,15.903977,5.547352
Ankh2-ext1,UMAP,seq_2891,0,9.599712,5.75196
Ankh2-ext1,UMAP,seq_2892,0,9.347015,8.88922
Ankh2-ext1,UMAP,seq_2893,0,13.825888,5.2486653
Ankh2-ext1,UMAP,seq_2894,0,12.609479,8.202373
Ankh2-ext1,UMAP,seq_2895,0,8.382359,9.684284
Ankh2-ext1,UMAP,seq_2896,0,12.338582,8.15021
Ankh2-ext1,UMAP,seq_2897,0,11.862312,5.6692367
Ankh2-ext1,UMAP,seq_2898,0,12.932003,11.400822
Ankh2-ext1,UMAP,seq_2899,0,7.8200245,8.6335535
Ankh2-ext1,UMAP,seq_2900,0,7.549565,7.656624
Ankh2-ext1,UMAP,seq_2901,0,10.297696,7.0739584
Ankh2-ext1,UMAP,seq_2902,0,9.732548,8.648806
Ankh2-ext1,UMAP,seq_2903,0,9.691799,7.3897367
Ankh2-ext1,UMAP,seq_2904,0,9.283718,7.604626
Ankh2-ext1,UMAP,seq_2905,0,12.884232,8.142343
Ankh2-ext1,UMAP,seq_2906,0,7.7598615,8.670875
Ankh2-ext1,UMAP,seq_2907,0,12.529683,10.018055
Ankh2-ext1,UMAP,seq_2908,0,9.53458,8.208563
Ankh2-ext1,UMAP,seq_2909,0,8.376833,8.188907
Ankh2-ext1,UMAP,seq_2910,0,9.543511,4.9959974
Ankh2-ext1,UMAP,seq_2911,0,12.9386215,7.478429
Ankh2-ext1,UMAP,seq_2912,0,10.655686,10.027939
Ankh2-ext1,UMAP,seq_2913,0,7.95441,8.184671
Ankh2-ext1,UMAP,seq_2914,0,8.270701,7.706329
Ankh2-ext1,UMAP,seq_2915,0,9.352482,7.869855
Ankh2-ext1,UMAP,seq_2916,0,13.865065,8.144872
Ankh2-ext1,UMAP,seq_2917,0,7.6161566,9.194789
Ankh2-ext1,UMAP,seq_2918,0,9.113405,7.852473
Ankh2-ext1,UMAP,seq_2919,0,8.199155,9.770279
Ankh2-ext1,UMAP,seq_2920,0,12.682994,8.2064495
Ankh2-ext1,UMAP,seq_2921,0,7.7448087,5.6127653
Ankh2-ext1,UMAP,seq_2922,0,13.107856,9.266775
Ankh2-ext1,UMAP,seq_2923,0,5.822126,7.6728325
Ankh2-ext1,UMAP,seq_2924,0,9.591072,6.989938
Ankh2-ext1,UMAP,seq_2925,0,11.51248,8.181921
Ankh2-ext1,UMAP,seq_2926,0,13.451086,9.730464
Ankh2-ext1,UMAP,seq_2927,0,13.216921,9.295316
Ankh2-ext1,UMAP,seq_2928,0,10.273428,7.4975605
Ankh2-ext1,UMAP,seq_2929,0,12.208593,6.065242
Ankh2-ext1,UMAP,seq_2930,0,7.514685,7.688915
Ankh2-ext1,UMAP,seq_2931,0,5.6533694,7.890254
Ankh2-ext1,UMAP,seq_2932,0,7.6650968,7.0263605
Ankh2-ext1,UMAP,seq_2933,0,13.107481,9.089672
Ankh2-ext1,UMAP,seq_2934,0,8.11863,8.199722
Ankh2-ext1,UMAP,seq_2935,0,8.672091,8.621736
Ankh2-ext1,UMAP,seq_2936,0,7.6588173,8.398693
Ankh2-ext1,UMAP,seq_2937,0,11.808001,9.825244
Ankh2-ext1,UMAP,seq_2938,0,8.391653,9.186494
Ankh2-ext1,UMAP,seq_2939,0,6.1596327,9.773133
Ankh2-ext1,UMAP,seq_2940,0,13.0741,9.362845
Ankh2-ext1,UMAP,seq_2941,0,12.67274,8.890434
Ankh2-ext1,UMAP,seq_2942,0,12.248913,6.9685407
Ankh2-ext1,UMAP,seq_2943,0,7.82102,9.229506
Ankh2-ext1,UMAP,seq_2944,0,9.949914,5.7778506
Ankh2-ext1,UMAP,seq_2945,0,13.589761,9.492963
Ankh2-ext1,UMAP,seq_2946,0,13.147545,9.503081
Ankh2-ext1,UMAP,seq_2947,0,5.6698575,7.838129
Ankh2-ext1,UMAP,seq_2948,0,7.4401565,7.2035813
Ankh2-ext1,UMAP,seq_2949,0,13.101775,7.4982877
Ankh2-ext1,UMAP,seq_2950,0,13.13727,7.5143905
Ankh2-ext1,UMAP,seq_2951,0,13.22331,8.246542
Ankh2-ext1,UMAP,seq_2952,0,13.098574,11.323258
Ankh2-ext1,UMAP,seq_2953,0,13.26706,7.7575
Ankh2-ext1,UMAP,seq_2954,0,13.232731,7.7463927
Ankh2-ext1,UMAP,seq_2955,0,13.727095,7.7801523
Ankh2-ext1,UMAP,seq_2956,0,8.996255,6.547884
Ankh2-ext1,UMAP,seq_2957,0,10.041434,7.745397
Ankh2-ext1,UMAP,seq_2958,0,12.56176,6.7037706
Ankh2-ext1,UMAP,seq_2959,0,12.980924,7.3219995
Ankh2-ext1,UMAP,seq_2960,0,11.916588,6.315373
Ankh2-ext1,UMAP,seq_2961,0,13.732619,8.457066
Ankh2-ext1,UMAP,seq_2962,0,8.746138,8.380521
Ankh2-ext1,UMAP,seq_2963,0,11.862175,7.1054087
Ankh2-ext1,UMAP,seq_2964,0,11.063238,6.5495443
Ankh2-ext1,UMAP,seq_2965,0,9.941267,5.573833
Ankh2-ext1,UMAP,seq_2966,0,5.2139616,8.138464
Ankh2-ext1,UMAP,seq_2967,0,7.589844,7.4009542
Ankh2-ext1,UMAP,seq_2968,0,11.559642,12.554701
Ankh2-ext1,UMAP,seq_2969,0,7.819984,8.967288
Ankh2-ext1,UMAP,seq_2970,0,11.857349,8.015228
Ankh2-ext1,UMAP,seq_2971,0,13.1275835,8.176563
Ankh2-ext1,UMAP,seq_2972,0,8.763274,7.4730453
Ankh2-ext1,UMAP,seq_2973,0,11.48172,7.9137816
Ankh2-ext1,UMAP,seq_2974,0,7.9021106,8.866684
Ankh2-ext1,UMAP,seq_2975,0,12.217231,9.361709
Ankh2-ext1,UMAP,seq_2976,0,8.843689,9.069833
Ankh2-ext1,UMAP,seq_2977,0,8.601471,10.32351
Ankh2-ext1,UMAP,seq_2978,0,9.875881,8.11611
Ankh2-ext1,UMAP,seq_2979,0,7.4225345,7.9757257
Ankh2-ext1,UMAP,seq_2980,0,10.684876,10.160375
Ankh2-ext1,UMAP,seq_2981,0,8.851505,8.411357
Ankh2-ext1,UMAP,seq_2982,0,14.2298355,8.599147
Ankh2-ext1,UMAP,seq_2983,0,14.620443,3.1116877
Ankh2-ext1,UMAP,seq_2984,0,8.264309,8.904187
Ankh2-ext1,UMAP,seq_2985,0,9.993961,10.092961
Ankh2-ext1,UMAP,seq_2986,0,10.817146,7.3732934
Ankh2-ext1,UMAP,seq_2987,0,8.825033,6.9405837
Ankh2-ext1,UMAP,seq_2988,0,7.090433,7.324526
Ankh2-ext1,UMAP,seq_2989,0,10.532301,5.96756
Ankh2-ext1,UMAP,seq_2990,0,8.820259,10.161714
Ankh2-ext1,UMAP,seq_2991,0,8.474139,9.645152
Ankh2-ext1,UMAP,seq_2992,0,13.248515,8.80166
Ankh2-ext1,UMAP,seq_2993,0,13.644211,9.518779
Ankh2-ext1,UMAP,seq_2994,0,7.1782694,8.156917
Ankh2-ext1,UMAP,seq_2995,0,10.737979,10.199407
Ankh2-ext1,UMAP,seq_2996,0,8.278648,6.871505
Ankh2-ext1,UMAP,seq_2997,0,11.202319,12.3907385
Ankh2-ext1,UMAP,seq_2998,0,11.188676,12.38639
Ankh2-ext1,UMAP,seq_2999,0,11.548284,12.546252
Ankh2-ext1,UMAP,seq_3000,0,13.470547,9.503056
Ankh2-ext1,UMAP,seq_3001,0,11.86849,5.639717
Ankh2-ext1,UMAP,seq_3002,0,11.850126,8.648492
Ankh2-ext1,UMAP,seq_3003,0,13.707727,7.79878
Ankh2-ext1,UMAP,seq_3004,0,11.337704,4.0625734
Ankh2-ext1,UMAP,seq_3005,0,8.317354,7.9148273
Ankh2-ext1,UMAP,seq_3006,0,14.2914095,8.536444
Ankh2-ext1,UMAP,seq_3007,0,13.0047655,8.214085
Ankh2-ext1,UMAP,seq_3008,0,11.070778,7.7112346
Ankh2-ext1,UMAP,seq_3009,0,11.907643,8.141278
Ankh2-ext1,UMAP,seq_3010,0,14.24353,6.74264
Ankh2-ext1,UMAP,seq_3011,0,7.6234775,8.031481
Ankh2-ext1,UMAP,seq_3012,0,9.564731,7.1300297
Ankh2-ext1,UMAP,seq_3013,0,8.468181,8.454578
Ankh2-ext1,UMAP,seq_3014,0,9.351994,7.455429
Ankh2-ext1,UMAP,seq_3015,0,11.546809,8.085737
Ankh2-ext1,UMAP,seq_3016,0,12.264531,8.55071
Ankh2-ext1,UMAP,seq_3017,0,10.17029,5.67235
Ankh2-ext1,UMAP,seq_3018,0,12.683272,7.570587
Ankh2-ext1,UMAP,seq_3019,0,8.969526,8.757299
Ankh2-ext1,UMAP,seq_3020,0,8.299447,7.986609
Ankh2-ext1,UMAP,seq_3021,0,10.484406,8.574328
Ankh2-ext1,UMAP,seq_3022,0,8.359168,8.824719
Ankh2-ext1,UMAP,seq_3023,0,10.508262,9.236437
Ankh2-ext1,UMAP,seq_3024,0,12.563586,6.7568755
Ankh2-ext1,UMAP,seq_3025,0,12.888912,8.614039
Ankh2-ext1,UMAP,seq_3026,0,13.665149,8.343106
Ankh2-ext1,UMAP,seq_3027,0,13.706327,8.897486
Ankh2-ext1,UMAP,seq_3028,0,12.936893,4.1613235
Ankh2-ext1,UMAP,seq_3029,0,9.362895,7.5136805
Ankh2-ext1,UMAP,seq_3030,0,10.737086,9.698791
Ankh2-ext1,UMAP,seq_3031,0,10.206087,8.411075
Ankh2-ext1,UMAP,seq_3032,0,12.599985,4.1290584
Ankh2-ext1,UMAP,seq_3033,0,8.174785,7.7459626
Ankh2-ext1,UMAP,seq_3034,0,11.826658,5.868918
Ankh2-ext1,UMAP,seq_3035,0,14.086255,8.511341
Ankh2-ext1,UMAP,seq_3036,0,9.237743,5.2617717
Ankh2-ext1,UMAP,seq_3037,0,12.948636,11.457476
Ankh2-ext1,UMAP,seq_3038,0,8.916928,9.193373
Ankh2-ext1,UMAP,seq_3039,0,9.077842,7.253922
Ankh2-ext1,UMAP,seq_3040,0,13.327082,8.145972
Ankh2-ext1,UMAP,seq_3041,0,9.12264,8.823681
Ankh2-ext1,UMAP,seq_3042,0,5.7155356,7.7795043
Ankh2-ext1,UMAP,seq_3043,0,12.67662,9.589761
Ankh2-ext1,UMAP,seq_3044,0,9.855237,5.3938527
Ankh2-ext1,UMAP,seq_3045,0,11.21226,12.393418
Ankh2-ext1,UMAP,seq_3046,0,12.769792,7.6798577
Ankh2-ext1,UMAP,seq_3047,0,13.608422,9.273494
Ankh2-ext1,UMAP,seq_3048,0,10.267257,9.51936
Ankh2-ext1,UMAP,seq_3049,0,7.7323,5.604258
Ankh2-ext1,UMAP,seq_3050,0,8.19877,7.3098288
Ankh2-ext1,UMAP,seq_3051,0,13.440021,8.598757
Ankh2-ext1,UMAP,seq_3052,0,9.064898,9.499255
Ankh2-ext1,UMAP,seq_3053,0,12.786574,9.253947
Ankh2-ext1,UMAP,seq_3054,0,9.420052,7.256901
Ankh2-ext1,UMAP,seq_3055,0,13.61787,8.075534
Ankh2-ext1,UMAP,seq_3056,0,8.706389,8.643366
Ankh2-ext1,UMAP,seq_3057,0,8.54649,9.692553
Ankh2-ext1,UMAP,seq_3058,0,13.2075815,11.152698
Ankh2-ext1,UMAP,seq_3059,0,7.6633306,7.440756
Ankh2-ext1,UMAP,seq_3060,0,6.059839,9.869382
Ankh2-ext1,UMAP,seq_3061,0,9.865922,5.580288
Ankh2-ext1,UMAP,seq_3062,0,9.048292,7.7798963
Ankh2-ext1,UMAP,seq_3063,0,9.7938595,5.175991
Ankh2-ext1,UMAP,seq_3064,0,12.605892,7.3111906
Ankh2-ext1,UMAP,seq_3065,0,10.030996,10.229279
Ankh2-ext1,UMAP,seq_3066,0,12.019464,7.0014586
Ankh2-ext1,UMAP,seq_3067,0,13.307702,9.56386
Ankh2-ext1,UMAP,seq_3068,0,12.911213,7.9563437
Ankh2-ext1,UMAP,seq_3069,0,12.3966,7.79248
Ankh2-ext1,UMAP,seq_3070,0,6.355739,10.137666
Ankh2-ext1,UMAP,seq_3071,0,6.3300123,10.158832
Ankh2-ext1,UMAP,seq_3072,0,9.846303,5.2982154
Ankh2-ext1,UMAP,seq_3073,0,9.870845,7.084441
Ankh2-ext1,UMAP,seq_3074,0,11.989788,8.978325
Ankh2-ext1,UMAP,seq_3075,0,10.350551,7.7316504
Ankh2-ext1,UMAP,seq_3076,0,13.531443,9.4811945
Ankh2-ext1,UMAP,seq_3077,0,10.733849,7.8063736
Ankh2-ext1,UMAP,seq_3078,0,11.532068,12.563096
Ankh2-ext1,UMAP,seq_3079,0,12.876665,9.203998
Ankh2-ext1,UMAP,seq_3080,0,8.322603,8.010229
Ankh2-ext1,UMAP,seq_3081,0,9.878298,9.945548
Ankh2-ext1,UMAP,seq_3082,0,11.75317,8.772891
Ankh2-ext1,UMAP,seq_3083,0,11.542247,2.2895274
Ankh2-ext1,UMAP,seq_3084,0,7.070631,7.375521
Ankh2-ext1,UMAP,seq_3085,0,8.163075,9.934474
Ankh2-ext1,UMAP,seq_3086,0,8.981977,7.1517243
Ankh2-ext1,UMAP,seq_3087,0,5.175874,8.210571
Ankh2-ext1,UMAP,seq_3088,0,9.38622,8.240569
Ankh2-ext1,UMAP,seq_3089,0,6.3341694,9.502261
Ankh2-ext1,UMAP,seq_3090,0,12.234577,8.314528
Ankh2-ext1,UMAP,seq_3091,0,11.579605,12.654931
Ankh2-ext1,UMAP,seq_3092,0,13.23839,9.242169
Ankh2-ext1,UMAP,seq_3093,0,13.085532,8.169317
Ankh2-ext1,UMAP,seq_3094,0,13.064559,8.172955
Ankh2-ext1,UMAP,seq_3095,0,12.3440695,6.012531
Ankh2-ext1,UMAP,seq_3096,0,14.218157,8.384859
Ankh2-ext1,UMAP,seq_3097,0,14.224295,8.333203
Ankh2-ext1,UMAP,seq_3098,0,13.38691,7.138457
Ankh2-ext1,UMAP,seq_3099,0,11.529769,12.556881
Ankh2-ext1,UMAP,seq_3100,0,8.463357,8.569716
Ankh2-ext1,UMAP,seq_3101,0,12.401246,7.2840652
Ankh2-ext1,UMAP,seq_3102,0,7.74395,7.0293474
Ankh2-ext1,UMAP,seq_3103,0,9.6126,11.201663
Ankh2-ext1,UMAP,seq_3104,0,13.169047,8.913197
Ankh2-ext1,UMAP,seq_3105,0,12.462815,7.202432
Ankh2-ext1,UMAP,seq_3106,0,12.884899,9.229804
Ankh2-ext1,UMAP,seq_3107,0,12.893869,9.25035
Ankh2-ext1,UMAP,seq_3108,0,6.0281873,9.877881
Ankh2-ext1,UMAP,seq_3109,0,14.00631,8.485196
Ankh2-ext1,UMAP,seq_3110,0,6.2789426,10.073178
Ankh2-ext1,UMAP,seq_3111,0,12.808363,8.568539
Ankh2-ext1,UMAP,seq_3112,0,12.395876,8.82628
Ankh2-ext1,UMAP,seq_3113,0,10.351484,7.2309756
Ankh2-ext1,UMAP,seq_3114,0,10.014335,5.4039187
Ankh2-ext1,UMAP,seq_3115,0,6.5780854,9.09054
Ankh2-ext1,UMAP,seq_3116,0,6.570464,9.082536
Ankh2-ext1,UMAP,seq_3117,0,13.752638,8.600104
Ankh2-ext1,UMAP,seq_3118,0,8.71235,8.0992775
Ankh2-ext1,UMAP,seq_3119,0,9.376942,7.4858966
Ankh2-ext1,UMAP,seq_3120,0,7.155493,8.128553
Ankh2-ext1,UMAP,seq_3121,0,5.177319,8.174375
Ankh2-ext1,UMAP,seq_3122,0,12.213472,7.877669
Ankh2-ext1,UMAP,seq_3123,0,9.567692,5.756725
Ankh2-ext1,UMAP,seq_3124,0,13.376807,9.752248
Ankh2-ext1,UMAP,seq_3125,0,12.112877,7.216737
Ankh2-ext1,UMAP,seq_3126,0,7.803981,9.22618
Ankh2-ext1,UMAP,seq_3127,0,6.0824633,9.865145
Ankh2-ext1,UMAP,seq_3128,0,8.182971,8.172021
Ankh2-ext1,UMAP,seq_3129,0,5.990256,9.778592
Ankh2-ext1,UMAP,seq_3130,0,11.760127,8.776736
Ankh2-ext1,UMAP,seq_3131,0,11.540753,2.294398
Ankh2-ext1,UMAP,seq_3132,0,11.388428,8.792492
Ankh2-ext1,UMAP,seq_3133,0,5.689397,7.7962203
Ankh2-ext1,UMAP,seq_3134,0,14.255261,6.699372
Ankh2-ext1,UMAP,seq_3135,0,7.9594684,8.939764
Ankh2-ext1,UMAP,seq_3136,0,12.766684,7.2104487
Ankh2-ext1,UMAP,seq_3137,0,13.399701,7.0592813
Ankh2-ext1,UMAP,seq_3138,0,11.145934,12.407591
Ankh2-ext1,UMAP,seq_3139,0,6.1717396,9.825253
Ankh2-ext1,UMAP,seq_3140,0,7.702177,8.284425
Ankh2-ext1,UMAP,seq_3141,0,7.9263797,7.36842
Ankh2-ext1,UMAP,seq_3142,0,10.071489,9.5751095
Ankh2-ext1,UMAP,seq_3143,0,5.252374,8.1053915
Ankh2-ext1,UMAP,seq_3144,0,9.431245,7.7103696
Ankh2-ext1,UMAP,seq_3145,0,11.333651,4.609563
Ankh2-ext1,UMAP,seq_3146,0,12.788004,8.860206
Ankh2-ext1,UMAP,seq_3147,0,7.8849707,8.201105
Ankh2-ext1,UMAP,seq_3148,0,11.4247055,9.662929
Ankh2-ext1,UMAP,seq_3149,0,11.80173,5.653008
Ankh2-ext1,UMAP,seq_3150,0,9.851377,5.2461815
Ankh2-ext1,UMAP,seq_3151,0,11.882618,7.6581354
Ankh2-ext1,UMAP,seq_3152,0,7.9269633,8.687786
Ankh2-ext1,UMAP,seq_3153,0,8.484856,7.6329165
Ankh2-ext1,UMAP,seq_3154,0,11.10389,12.309359
Ankh2-ext1,UMAP,seq_3155,0,11.081829,12.294749
Ankh2-ext1,UMAP,seq_3156,0,8.1148405,7.755328
Ankh2-ext1,UMAP,seq_3157,0,10.6639805,8.358952
Ankh2-ext1,UMAP,seq_3158,0,10.301389,8.400127
Ankh2-ext1,UMAP,seq_3159,0,10.647584,6.6618924
Ankh2-ext1,UMAP,seq_3160,0,13.072028,4.944039
Ankh2-ext1,UMAP,seq_3161,0,5.8041406,7.680975
Ankh2-ext1,UMAP,seq_3162,0,7.2040896,8.114107
Ankh2-ext1,UMAP,seq_3163,0,5.212916,8.143023
Ankh2-ext1,UMAP,seq_3164,0,12.3053255,6.1320796
Ankh2-ext1,UMAP,seq_3165,0,8.353102,9.053191
Ankh2-ext1,UMAP,seq_3166,0,7.6882477,8.171536
Ankh2-ext1,UMAP,seq_3167,0,11.582267,8.650181
Ankh2-ext1,UMAP,seq_3168,0,8.755818,7.3364506
Ankh2-ext1,UMAP,seq_3169,0,8.3343525,8.218534
Ankh2-ext1,UMAP,seq_3170,0,7.7646317,8.239275
Ankh2-ext1,UMAP,seq_3171,0,8.242327,7.8829756
Ankh2-ext1,UMAP,seq_3172,0,11.004389,8.481687
Ankh2-ext1,UMAP,seq_3173,0,11.013444,9.626668
Ankh2-ext1,UMAP,seq_3174,0,7.855359,8.5608425
Ankh2-ext1,UMAP,seq_3175,0,14.632158,3.110985
Ankh2-ext1,UMAP,seq_3176,0,8.696753,9.057653
Ankh2-ext1,UMAP,seq_3177,0,13.151893,11.30462
Ankh2-ext1,UMAP,seq_3178,0,7.2907977,8.256931
Ankh2-ext1,UMAP,seq_3179,0,7.902316,7.820708
Ankh2-ext1,UMAP,seq_3180,0,6.3441186,9.790011
Ankh2-ext1,UMAP,seq_3181,0,12.971129,9.229417
Ankh2-ext1,UMAP,seq_3182,0,9.926799,5.9290648
Ankh2-ext1,UMAP,seq_3183,0,12.769143,7.2389636
Ankh2-ext1,UMAP,seq_3184,0,11.841757,8.363471
Ankh2-ext1,UMAP,seq_3185,0,11.681309,8.0830345
Ankh2-ext1,UMAP,seq_3186,0,9.542868,4.9052286
Ankh2-ext1,UMAP,seq_3187,0,9.574505,5.4952965
Ankh2-ext1,UMAP,seq_3188,0,7.4189167,8.1785965
Ankh2-ext1,UMAP,seq_3189,0,11.552352,12.49538
Ankh2-ext1,UMAP,seq_3190,0,9.834029,2.202027
Ankh2-ext1,UMAP,seq_3191,0,13.095087,11.30898
Ankh2-ext1,UMAP,seq_3192,0,6.527336,9.976129
Ankh2-ext1,UMAP,seq_3193,0,9.963493,6.9229417
Ankh2-ext1,UMAP,seq_3194,0,13.5918,8.344262
Ankh2-ext1,UMAP,seq_3195,0,9.783917,9.352817
Ankh2-ext1,UMAP,seq_3196,0,12.181507,6.167253
Ankh2-ext1,UMAP,seq_3197,0,12.729087,7.317306
Ankh2-ext1,UMAP,seq_3198,0,12.116553,8.175196
Ankh2-ext1,UMAP,seq_3199,0,7.8857827,2.1489203
Ankh2-ext1,UMAP,seq_3200,0,12.720416,11.286175
Ankh2-ext1,UMAP,seq_3201,0,13.049575,4.9129825
Ankh2-ext1,UMAP,seq_3202,0,12.36775,6.458677
Ankh2-ext1,UMAP,seq_3203,0,12.228365,6.8444505
Ankh2-ext1,UMAP,seq_3204,0,14.619287,8.575246
Ankh2-ext1,UMAP,seq_3205,0,7.685291,7.058592
Ankh2-ext1,UMAP,seq_3206,0,8.778101,8.429069
Ankh2-ext1,UMAP,seq_3207,0,11.524362,12.558184
Ankh2-ext1,UMAP,seq_3208,0,13.295372,11.148514
Ankh2-ext1,UMAP,seq_3209,0,10.121692,8.734602
Ankh2-ext1,UMAP,seq_3210,0,12.901905,4.5829277
Ankh2-ext1,UMAP,seq_3211,0,9.570254,5.1133504
Ankh2-ext1,UMAP,seq_3212,0,11.75945,6.3038063
Ankh2-ext1,UMAP,seq_3213,0,11.837035,6.375642
Ankh2-ext1,UMAP,seq_3214,0,10.189799,6.8874264
Ankh2-ext1,UMAP,seq_3215,0,11.55344,12.398893
Ankh2-ext1,UMAP,seq_3216,0,14.662718,7.819562
Ankh2-ext1,UMAP,seq_3217,0,7.773092,8.242894
Ankh2-ext1,UMAP,seq_3218,0,9.796473,10.121827
Ankh2-ext1,UMAP,seq_3219,0,12.26221,6.75122
Ankh2-ext1,UMAP,seq_3220,0,9.448106,7.632126
Ankh2-ext1,UMAP,seq_3221,0,9.149829,7.5867214
Ankh2-ext1,UMAP,seq_3222,0,8.125964,10.063163
Ankh2-ext1,UMAP,seq_3223,0,8.761861,7.4167957
Ankh2-ext1,UMAP,seq_3224,0,11.933705,6.4159694
Ankh2-ext1,UMAP,seq_3225,0,8.729862,9.033752
Ankh2-ext1,UMAP,seq_3226,0,9.280387,-7.046617
Ankh2-ext1,UMAP,seq_3227,0,8.582232,8.814612
Ankh2-ext1,UMAP,seq_3228,0,9.270506,7.420636
Ankh2-ext1,UMAP,seq_3229,0,11.497034,7.189684
Ankh2-ext1,UMAP,seq_3230,0,12.198823,7.9439464
Ankh2-ext1,UMAP,seq_3231,0,6.2407537,9.841387
Ankh2-ext1,UMAP,seq_3232,0,8.1028,9.516075
Ankh2-ext1,UMAP,seq_3233,0,7.7407856,8.960216
Ankh2-ext1,UMAP,seq_3234,0,7.3813634,9.133233
Ankh2-ext1,UMAP,seq_3235,0,8.005783,9.0336895
Ankh2-ext1,UMAP,seq_3236,0,6.1609564,9.809848
Ankh2-ext1,UMAP,seq_3237,0,14.547072,8.52569
Ankh2-ext1,UMAP,seq_3238,0,7.689219,8.6905575
Ankh2-ext1,UMAP,seq_3239,0,8.478629,10.051471
Ankh2-ext1,UMAP,seq_3240,0,6.284779,10.158272
Ankh2-ext1,UMAP,seq_3241,0,12.44431,7.9440484
Ankh2-ext1,UMAP,seq_3242,0,9.073018,9.046648
Ankh2-ext1,UMAP,seq_3243,0,6.306177,10.156216
Ankh2-ext1,UMAP,seq_3244,0,8.060459,8.774849
Ankh2-ext1,UMAP,seq_3245,0,5.263558,8.09998
Ankh2-ext1,UMAP,seq_3246,0,5.1964736,8.155438
Ankh2-ext1,UMAP,seq_3247,0,10.26313,5.697146
Ankh2-ext1,UMAP,seq_3248,0,8.710475,10.309349
Ankh2-ext1,UMAP,seq_3249,0,12.8170395,7.691963
Ankh2-ext1,UMAP,seq_3250,0,8.586277,10.368502
Ankh2-ext1,UMAP,seq_3251,0,7.4786983,8.357354
Ankh2-ext1,UMAP,seq_3252,0,13.811012,5.2667117
Ankh2-ext1,UMAP,seq_3253,0,9.280158,-7.047109
Ankh2-ext1,UMAP,seq_3254,0,13.851132,5.228792
Ankh2-ext1,UMAP,seq_3255,0,12.041822,8.560703
Ankh2-ext1,UMAP,seq_3256,0,7.90855,8.002105
Ankh2-ext1,UMAP,seq_3257,0,8.35728,6.839017
Ankh2-ext1,UMAP,seq_3258,0,12.324937,9.9945545
Ankh2-ext1,UMAP,seq_3259,0,13.011377,9.262551
Ankh2-ext1,UMAP,seq_3260,0,13.721947,9.272015
Ankh2-ext1,UMAP,seq_3261,0,12.694091,4.126331
Ankh2-ext1,UMAP,seq_3262,0,9.019362,8.494764
Ankh2-ext1,UMAP,seq_3263,0,8.62159,7.6261578
Ankh2-ext1,UMAP,seq_3264,0,7.3560677,7.901829
Ankh2-ext1,UMAP,seq_3265,0,13.423882,9.202287
Ankh2-ext1,UMAP,seq_3266,0,13.038954,7.760309
Ankh2-ext1,UMAP,seq_3267,0,10.8503275,7.416407
Ankh2-ext1,UMAP,seq_3268,0,7.7201505,8.756897
Ankh2-ext1,UMAP,seq_3269,0,9.693018,5.7211823
Ankh2-ext1,UMAP,seq_3270,0,11.844285,5.6267786
Ankh2-ext1,UMAP,seq_3271,0,7.6691833,8.509954
Ankh2-ext1,UMAP,seq_3272,0,11.918712,8.707401
Ankh2-ext1,UMAP,seq_3273,0,11.927067,8.712196
Ankh2-ext1,UMAP,seq_3274,0,12.87388,8.753187
Ankh2-ext1,UMAP,seq_3275,0,7.89276,9.34185
Ankh2-ext1,UMAP,seq_3276,0,13.081046,7.604335
Ankh2-ext1,UMAP,seq_3277,0,14.605596,7.840541
Ankh2-ext1,UMAP,seq_3278,0,7.8430696,9.182145
Ankh2-ext1,UMAP,seq_3279,0,13.425706,8.407855
Ankh2-ext1,UMAP,seq_3280,0,13.6339245,9.543924
Ankh2-ext1,UMAP,seq_3281,0,5.800209,7.6922917
Ankh2-ext1,UMAP,seq_3282,0,9.280326,-7.0467687
Ankh2-ext1,UMAP,seq_3283,0,11.608419,7.31876
Ankh2-ext1,UMAP,seq_3284,0,13.749101,9.205627
Ankh2-ext1,UMAP,seq_3285,0,7.907158,8.188015
Ankh2-ext1,UMAP,seq_3286,0,13.647693,8.656043
Ankh2-ext1,UMAP,seq_3287,0,9.280475,-7.046445
Ankh2-ext1,UMAP,seq_3288,0,7.350056,9.011637
Ankh2-ext1,UMAP,seq_3289,0,9.686345,9.412572
Ankh2-ext1,UMAP,seq_3290,0,8.915572,9.803022
Ankh2-ext1,UMAP,seq_3291,0,5.696253,7.8008895
Ankh2-ext1,UMAP,seq_3292,0,12.867807,7.110854
Ankh2-ext1,UMAP,seq_3293,0,13.408473,8.155286
Ankh2-ext1,UMAP,seq_3294,0,7.757253,8.4407425
Ankh2-ext1,UMAP,seq_3295,0,6.26916,10.013299
Ankh2-ext1,UMAP,seq_3296,0,8.0278635,7.8973236
Ankh2-ext1,UMAP,seq_3297,0,8.953436,7.1488767
Ankh2-ext1,UMAP,seq_3298,0,11.074287,7.5815544
Ankh2-ext1,UMAP,seq_3299,0,6.8491983,7.954576
Ankh2-ext1,UMAP,seq_3300,0,9.896913,7.462895
Ankh2-ext1,UMAP,seq_3301,0,12.792516,8.140243
Ankh2-ext1,UMAP,seq_3302,0,13.853596,8.05907
Ankh2-ext1,UMAP,seq_3303,0,13.759332,7.8803663
Ankh2-ext1,UMAP,seq_3304,0,11.644248,7.4690075
Ankh2-ext1,UMAP,seq_3305,0,11.676399,7.993242
Ankh2-ext1,UMAP,seq_3306,0,9.029731,9.880029
Ankh2-ext1,UMAP,seq_3307,0,11.626473,12.70263
Ankh2-ext1,UMAP,seq_3308,0,9.931815,9.961645
Ankh2-ext1,UMAP,seq_3309,0,11.360179,12.401415
Ankh2-ext1,UMAP,seq_3310,0,9.409055,5.478776
Ankh2-ext1,UMAP,seq_3311,0,7.4676285,7.8008356
Ankh2-ext1,UMAP,seq_3312,0,8.25911,7.854964
Ankh2-ext1,UMAP,seq_3313,0,12.29527,7.316246
Ankh2-ext1,UMAP,seq_3314,0,12.088791,8.579808
Ankh2-ext1,UMAP,seq_3315,0,7.196618,9.3957
Ankh2-ext1,UMAP,seq_3316,0,7.504693,8.279527
Ankh2-ext1,UMAP,seq_3317,0,12.948634,4.549542
Ankh2-ext1,UMAP,seq_3318,0,13.353942,9.764475
Ankh2-ext1,UMAP,seq_3319,0,12.836016,8.605416
Ankh2-ext1,UMAP,seq_3320,0,13.42915,8.643085
Ankh2-ext1,UMAP,seq_3321,0,13.327806,9.124448
Ankh2-ext1,UMAP,seq_3322,0,7.7309685,6.6674266
Ankh2-ext1,UMAP,seq_3323,0,7.9421678,9.390665
Ankh2-ext1,UMAP,seq_3324,0,11.643752,8.852177
Ankh2-ext1,UMAP,seq_3325,0,8.97507,7.4365005
Ankh2-ext1,UMAP,seq_3326,0,11.453997,8.631867
Ankh2-ext1,UMAP,seq_3327,0,13.782639,7.840391
Ankh2-ext1,UMAP,seq_3328,0,7.4375205,8.187885
Ankh2-ext1,UMAP,seq_3329,0,15.880865,5.5509186
Ankh2-ext1,UMAP,seq_3330,0,8.96867,7.3070936
Ankh2-ext1,UMAP,seq_3331,0,14.241999,8.717596
Ankh2-ext1,UMAP,seq_3332,0,12.131113,7.653515
Ankh2-ext1,UMAP,seq_3333,0,10.3855715,6.1685624
Ankh2-ext1,UMAP,seq_3334,0,11.495602,12.482618
Ankh2-ext1,UMAP,seq_3335,0,12.462834,8.069396
Ankh2-ext1,UMAP,seq_3336,0,11.89196,7.7941484
Ankh2-ext1,UMAP,seq_3337,0,12.197918,8.349523
Ankh2-ext1,UMAP,seq_3338,0,11.986732,8.356177
Ankh2-ext1,UMAP,seq_3339,0,14.152627,8.55417
Ankh2-ext1,UMAP,seq_3340,0,10.994134,11.870747
Ankh2-ext1,UMAP,seq_3341,0,14.1871805,8.546285
Ankh2-ext1,UMAP,seq_3342,0,10.931823,11.809318
Ankh2-ext1,UMAP,seq_3343,0,12.098467,7.091007
Ankh2-ext1,UMAP,seq_3344,0,5.7505856,7.752117
Ankh2-ext1,UMAP,seq_3345,0,7.8056803,9.031441
Ankh2-ext1,UMAP,seq_3346,0,13.226594,11.324108
Ankh2-ext1,UMAP,seq_3347,0,10.631061,6.608384
Ankh2-ext1,UMAP,seq_3348,0,5.2439437,8.11031
Ankh2-ext1,UMAP,seq_3349,0,11.063099,9.91503
Ankh2-ext1,UMAP,seq_3350,0,13.049487,7.7095194
Ankh2-ext1,UMAP,seq_3351,0,9.837389,2.2044938
Ankh2-ext1,UMAP,seq_3352,0,12.589983,7.8391647
Ankh2-ext1,UMAP,seq_3353,0,11.606656,12.681672
Ankh2-ext1,UMAP,seq_3354,0,12.306287,9.329602
Ankh2-ext1,UMAP,seq_3355,0,11.003799,11.95781
Ankh2-ext1,UMAP,seq_3356,0,9.148046,7.558287
Ankh2-ext1,UMAP,seq_3357,0,8.696347,7.1260624
Ankh2-ext1,UMAP,seq_3358,0,12.927616,7.789513
Ankh2-ext1,UMAP,seq_3359,0,7.492469,8.442549
Ankh2-ext1,UMAP,seq_3360,0,13.323593,7.145751
Ankh2-ext1,UMAP,seq_3361,0,8.99343,7.374228
Ankh2-ext1,UMAP,seq_3362,0,8.211487,7.4461365
Ankh2-ext1,UMAP,seq_3363,0,15.907461,5.544311
Ankh2-ext1,UMAP,seq_3364,0,9.366105,9.360652
Ankh2-ext1,UMAP,seq_3365,0,12.069209,8.296084
Ankh2-ext1,UMAP,seq_3366,0,9.692675,7.3507013
Ankh2-ext1,UMAP,seq_3367,0,8.149687,9.336883
Ankh2-ext1,UMAP,seq_3368,0,11.658341,7.7804914
Ankh2-ext1,UMAP,seq_3369,0,12.394973,8.460064
Ankh2-ext1,UMAP,seq_3370,0,8.735387,8.593493
Ankh2-ext1,UMAP,seq_3371,0,9.235043,8.049161
Ankh2-ext1,UMAP,seq_3372,0,14.633739,8.566297
Ankh2-ext1,UMAP,seq_3373,0,12.744932,7.8630943
Ankh2-ext1,UMAP,seq_3374,0,7.6219544,7.3763433
Ankh2-ext1,UMAP,seq_3375,0,9.0177765,10.00626
Ankh2-ext1,UMAP,seq_3376,0,10.349703,7.6229525
Ankh2-ext1,UMAP,seq_3377,0,8.734573,7.640195
Ankh2-ext1,UMAP,seq_3378,0,8.096017,9.574492
Ankh2-ext1,UMAP,seq_3379,0,13.871236,7.9868126
Ankh2-ext1,UMAP,seq_3380,0,15.877135,5.561515
Ankh2-ext1,UMAP,seq_3381,0,14.232849,8.456482
Ankh2-ext1,UMAP,seq_3382,0,11.019942,9.245408
Ankh2-ext1,UMAP,seq_3383,0,10.955098,7.7533865
Ankh2-ext1,UMAP,seq_3384,0,11.5768585,12.496702
Ankh2-ext1,UMAP,seq_3385,0,12.888245,8.246814
Ankh2-ext1,UMAP,seq_3386,0,13.229636,8.972531
Ankh2-ext1,UMAP,seq_3387,0,12.81817,8.354738
Ankh2-ext1,UMAP,seq_3388,0,11.651707,7.685189
Ankh2-ext1,UMAP,seq_3389,0,9.834659,2.2015553
Ankh2-ext1,UMAP,seq_3390,0,13.405271,7.06448
Ankh2-ext1,UMAP,seq_3391,0,11.685319,8.568806
Ankh2-ext1,UMAP,seq_3392,0,13.576002,9.458459
Ankh2-ext1,UMAP,seq_3393,0,13.234575,9.76911
Ankh2-ext1,UMAP,seq_3394,0,7.5655966,7.3742537
Ankh2-ext1,UMAP,seq_3395,0,11.518857,8.618525
Ankh2-ext1,UMAP,seq_3396,0,9.7657585,7.435992
Ankh2-ext1,UMAP,seq_3397,0,13.42674,7.082739
Ankh2-ext1,UMAP,seq_3398,0,13.682277,9.5015135
Ankh2-ext1,UMAP,seq_3399,0,12.334157,9.154144
Ankh2-ext1,UMAP,seq_3400,0,7.8716693,2.1670952
Ankh2-ext1,UMAP,seq_3401,0,14.614815,7.8352137
Ankh2-ext1,UMAP,seq_3402,0,11.302315,7.7911997
Ankh2-ext1,UMAP,seq_3403,0,6.8840175,8.613402
Ankh2-ext1,UMAP,seq_3404,0,13.169908,9.015577
Ankh2-ext1,UMAP,seq_3405,0,13.270066,9.368408
Ankh2-ext1,UMAP,seq_3406,0,7.7915516,8.769744
Ankh2-ext1,UMAP,seq_3407,0,8.786767,9.855787
Ankh2-ext1,UMAP,seq_3408,0,12.321031,9.98928
Ankh2-ext1,UMAP,seq_3409,0,13.037389,8.186177
Ankh2-ext1,UMAP,seq_3410,0,9.701325,7.2557087
Ankh2-ext1,UMAP,seq_3411,0,13.031507,8.002715
Ankh2-ext1,UMAP,seq_3412,0,9.638047,7.3373036
Ankh2-ext1,UMAP,seq_3413,0,11.9712,7.9342093
Ankh2-ext1,UMAP,seq_3414,0,12.888244,8.879429
Ankh2-ext1,UMAP,seq_3415,0,8.017885,9.13606
Ankh2-ext1,UMAP,seq_3416,0,9.097686,5.1703515
Ankh2-ext1,UMAP,seq_3417,0,5.715855,7.861194
Ankh2-ext1,UMAP,seq_3418,0,12.943171,8.87695
Ankh2-ext1,UMAP,seq_3419,0,14.249273,8.653044
Ankh2-ext1,UMAP,seq_3420,0,10.337779,7.185928
Ankh2-ext1,UMAP,seq_3421,0,9.9158945,7.384638
Ankh2-ext1,UMAP,seq_3422,0,11.026244,9.647776
Ankh2-ext1,UMAP,seq_3423,0,13.232098,9.418014
Ankh2-ext1,UMAP,seq_3424,0,6.0500426,9.800481
Ankh2-ext1,UMAP,seq_3425,0,12.304366,9.13201
Ankh2-ext1,UMAP,seq_3426,0,10.805466,9.957506
Ankh2-ext1,UMAP,seq_3427,0,8.344167,9.293359
Ankh2-ext1,UMAP,seq_3428,0,11.138653,6.97405
Ankh2-ext1,UMAP,seq_3429,0,6.242314,8.7284975
Ankh2-ext1,UMAP,seq_3430,0,11.585945,7.7336454
Ankh2-ext1,UMAP,seq_3431,0,7.7278504,7.190441
Ankh2-ext1,UMAP,seq_3432,0,9.002415,6.535821
Ankh2-ext1,UMAP,seq_3433,0,12.278155,8.723647
Ankh2-ext1,UMAP,seq_3434,0,6.709789,9.977852
Ankh2-ext1,UMAP,seq_3435,0,8.203184,9.727225
Ankh2-ext1,UMAP,seq_3436,0,7.625756,7.9359674
Ankh2-ext1,UMAP,seq_3437,0,11.970018,6.4752707
Ankh2-ext1,UMAP,seq_3438,0,10.53097,6.4961534
Ankh2-ext1,UMAP,seq_3439,0,6.163237,9.810471
Ankh2-ext1,UMAP,seq_3440,0,13.63109,9.419888
Ankh2-ext1,UMAP,seq_3441,0,8.926706,10.068517
Ankh2-ext1,UMAP,seq_3442,0,6.891993,8.653977
Ankh2-ext1,UMAP,seq_3443,0,6.4790807,9.628562
Ankh2-ext1,UMAP,seq_3444,0,13.635468,9.511299
Ankh2-ext1,UMAP,seq_3445,0,7.66604,8.884786
Ankh2-ext1,UMAP,seq_3446,0,11.118252,6.776253
Ankh2-ext1,UMAP,seq_3447,0,13.993497,8.794056
Ankh2-ext1,UMAP,seq_3448,0,8.540809,9.518615
Ankh2-ext1,UMAP,seq_3449,0,12.646633,9.027886
Ankh2-ext1,UMAP,seq_3450,0,11.723408,9.005853
Ankh2-ext1,UMAP,seq_3451,0,6.503311,9.136068
Ankh2-ext1,UMAP,seq_3452,0,7.021529,7.3117847
Ankh2-ext1,UMAP,seq_3453,0,9.144873,8.784973
Ankh2-ext1,UMAP,seq_3454,0,9.472515,8.494814
Ankh2-ext1,UMAP,seq_3455,0,11.691625,7.3450894
Ankh2-ext1,UMAP,seq_3456,0,11.13341,12.36253
Ankh2-ext1,UMAP,seq_3457,0,11.900675,8.744632
Ankh2-ext1,UMAP,seq_3458,0,5.707869,7.8345337
Ankh2-ext1,UMAP,seq_3459,0,12.088087,9.244797
Ankh2-ext1,UMAP,seq_3460,0,11.758425,8.622258
Ankh2-ext1,UMAP,seq_3461,0,8.19472,8.639536
Ankh2-ext1,UMAP,seq_3462,0,8.505313,8.006839
Ankh2-ext1,UMAP,seq_3463,0,10.939425,7.70704
Ankh2-ext1,UMAP,seq_3464,0,10.676666,8.4461565
Ankh2-ext1,UMAP,seq_3465,0,8.64553,9.75162
Ankh2-ext1,UMAP,seq_3466,0,8.4838085,9.398103
Ankh2-ext1,UMAP,seq_3467,0,9.157569,9.932076
Ankh2-ext1,UMAP,seq_3468,0,10.053202,9.914104
Ankh2-ext1,UMAP,seq_3469,0,9.217383,9.052539
Ankh2-ext1,UMAP,seq_3470,0,11.803745,8.722781
Ankh2-ext1,UMAP,seq_3471,0,8.742038,8.496654
Ankh2-ext1,UMAP,seq_3472,0,8.118503,10.12396
Ankh2-ext1,UMAP,seq_3473,0,9.719627,5.69355
Ankh2-ext1,UMAP,seq_3474,0,13.4980955,8.988787
Ankh2-ext1,UMAP,seq_3475,0,9.888472,5.8948884
Ankh2-ext1,UMAP,seq_3476,0,9.195564,9.332315
Ankh2-ext1,UMAP,seq_3477,0,9.088395,7.864069
Ankh2-ext1,UMAP,seq_3478,0,7.717637,8.302403
Ankh2-ext1,UMAP,seq_3479,0,9.764938,5.4855633
Ankh2-ext1,UMAP,seq_3480,0,9.743646,6.969886
Ankh2-ext1,UMAP,seq_3481,0,13.822784,8.065428
Ankh2-ext1,UMAP,seq_3482,0,8.105679,8.057112
Ankh2-ext1,UMAP,seq_3483,0,13.127541,9.184872
Ankh2-ext1,UMAP,seq_3484,0,13.055321,11.231594
Ankh2-ext1,UMAP,seq_3485,0,8.070259,9.558596
Ankh2-ext1,UMAP,seq_3486,0,11.126355,12.231543
Ankh2-ext1,UMAP,seq_3487,0,13.834042,5.245778
Ankh2-ext1,UMAP,seq_3488,0,12.78747,9.5445
Ankh2-ext1,UMAP,seq_3489,0,12.255078,8.676756
Ankh2-ext1,UMAP,seq_3490,0,7.3826118,7.6992083
Ankh2-ext1,UMAP,seq_3491,0,11.847454,8.982657
Ankh2-ext1,UMAP,seq_3492,0,9.293215,8.249882
Ankh2-ext1,UMAP,seq_3493,0,13.344051,9.077635
Ankh2-ext1,UMAP,seq_3494,0,7.5164127,8.859186
Ankh2-ext1,UMAP,seq_3495,0,13.342529,9.030611
Ankh2-ext1,UMAP,seq_3496,0,10.788334,18.051075
Ankh2-ext1,UMAP,seq_3497,0,7.8864017,8.329205
Ankh2-ext1,UMAP,seq_3498,0,6.689859,9.974613
Ankh2-ext1,UMAP,seq_3499,0,8.685243,7.7993917
Ankh2-ext1,UMAP,seq_3500,0,8.1625595,10.011388
Ankh2-ext1,UMAP,seq_3501,0,8.068027,9.18953
Ankh2-ext1,UMAP,seq_3502,0,7.623392,8.267735
Ankh2-ext1,UMAP,seq_3503,0,8.649024,8.342718
Ankh2-ext1,UMAP,seq_3504,0,9.431848,9.241022
Ankh2-ext1,UMAP,seq_3505,0,11.172492,8.484587
Ankh2-ext1,UMAP,seq_3506,0,8.033389,10.113238
Ankh2-ext1,UMAP,seq_3507,0,10.35505,9.665393
Ankh2-ext1,UMAP,seq_3508,0,8.221485,8.395283
Ankh2-ext1,UMAP,seq_3509,0,11.011117,4.604276
Ankh2-ext1,UMAP,seq_3510,0,7.6525702,8.816791
Ankh2-ext1,UMAP,seq_3511,0,8.292517,8.531938
Ankh2-ext1,UMAP,seq_3512,0,8.197207,7.901779
Ankh2-ext1,UMAP,seq_3513,0,11.140491,8.040331
Ankh2-ext1,UMAP,seq_3514,0,10.782272,9.052426
Ankh2-ext1,UMAP,seq_3515,0,12.4299555,7.1304126
Ankh2-ext1,UMAP,seq_3516,0,10.943253,7.7695866
Ankh2-ext1,UMAP,seq_3517,0,8.139839,7.0015445
Ankh2-ext1,UMAP,seq_3518,0,12.725744,7.171859
Ankh2-ext1,UMAP,seq_3519,0,13.25631,7.7187457
Ankh2-ext1,UMAP,seq_3520,0,12.556183,6.950351
Ankh2-ext1,UMAP,seq_3521,0,11.533564,7.499161
Ankh2-ext1,UMAP,seq_3522,0,13.081596,8.688891
Ankh2-ext1,UMAP,seq_3523,0,8.702633,9.793647
Ankh2-ext1,UMAP,seq_3524,0,7.9374833,8.143435
Ankh2-ext1,UMAP,seq_3525,0,14.018529,8.070834
Ankh2-ext1,UMAP,seq_3526,0,13.722714,9.4909525
Ankh2-ext1,UMAP,seq_3527,0,9.902798,7.634181
Ankh2-ext1,UMAP,seq_3528,0,12.320955,7.446105
Ankh2-ext1,UMAP,seq_3529,0,9.437016,7.4292665
Ankh2-ext1,UMAP,seq_3530,0,12.215053,7.4099784
Ankh2-ext1,UMAP,seq_3531,0,15.898604,5.5534396
Ankh2-ext1,UMAP,seq_3532,0,14.44709,7.972938
Ankh2-ext1,UMAP,seq_3533,0,8.337886,8.440493
Ankh2-ext1,UMAP,seq_3534,0,7.482902,7.5388007
Ankh2-ext1,UMAP,seq_3535,0,13.485524,8.906082
Ankh2-ext1,UMAP,seq_3536,0,9.334667,8.141353
Ankh2-ext1,UMAP,seq_3537,0,9.707633,6.9289207
Ankh2-ext1,UMAP,seq_3538,0,13.336629,9.428654
Ankh2-ext1,UMAP,seq_3539,0,7.652901,7.027938
Ankh2-ext1,UMAP,seq_3540,0,10.95042,8.126684
Ankh2-ext1,UMAP,seq_3541,0,15.760409,5.629342
Ankh2-ext1,UMAP,seq_3542,0,6.5496974,7.712618
Ankh2-ext1,UMAP,seq_3543,0,8.441951,8.178659
Ankh2-ext1,UMAP,seq_3544,0,12.280536,8.51513
Ankh2-ext1,UMAP,seq_3545,0,12.849415,8.27433
Ankh2-ext1,UMAP,seq_3546,0,8.103795,8.818065
Ankh2-ext1,UMAP,seq_3547,0,9.540019,4.9940066
Ankh2-ext1,UMAP,seq_3548,0,7.5559773,7.678845
Ankh2-ext1,UMAP,seq_3549,0,12.870264,8.041903
Ankh2-ext1,UMAP,seq_3550,0,8.514358,7.040978
Ankh2-ext1,UMAP,seq_3551,0,6.070494,9.866132
Ankh2-ext1,UMAP,seq_3552,0,13.587951,9.297568
Ankh2-ext1,UMAP,seq_3553,0,13.206579,9.544058
Ankh2-ext1,UMAP,seq_3554,0,6.5747304,7.710233
Ankh2-ext1,UMAP,seq_3555,0,8.763359,8.471442
Ankh2-ext1,UMAP,seq_3556,0,13.143121,7.5176897
Ankh2-ext1,UMAP,seq_3557,0,10.066684,7.2424827
Ankh2-ext1,UMAP,seq_3558,0,13.040155,8.495716
Ankh2-ext1,UMAP,seq_3559,0,12.35025,7.0865374
Ankh2-ext1,UMAP,seq_3560,0,12.349358,7.080875
Ankh2-ext1,UMAP,seq_3561,0,11.810834,5.942
Ankh2-ext1,UMAP,seq_3562,0,13.907302,8.236513
Ankh2-ext1,UMAP,seq_3563,0,12.453523,10.003106
Ankh2-ext1,UMAP,seq_3564,0,8.974311,9.813073
Ankh2-ext1,UMAP,seq_3565,0,12.138033,8.667104
Ankh2-ext1,UMAP,seq_3566,0,8.135123,8.707286
Ankh2-ext1,UMAP,seq_3567,0,11.5808735,12.624503
Ankh2-ext1,UMAP,seq_3568,0,6.2700167,10.117615
Ankh2-ext1,UMAP,seq_3569,0,9.726571,7.531694
Ankh2-ext1,UMAP,seq_3570,0,11.589738,6.8435383
Ankh2-ext1,UMAP,seq_3571,0,10.030334,10.148914
Ankh2-ext1,UMAP,seq_3572,0,13.987153,8.691367
Ankh2-ext1,UMAP,seq_3573,0,6.3018384,10.167819
Ankh2-ext1,UMAP,seq_3574,0,11.770698,7.7127476
Ankh2-ext1,UMAP,seq_3575,0,12.482625,7.175861
Ankh2-ext1,UMAP,seq_3576,0,8.970165,7.272904
Ankh2-ext1,UMAP,seq_3577,0,6.509486,9.160158
Ankh2-ext1,UMAP,seq_3578,0,6.2729716,9.991746
Ankh2-ext1,UMAP,seq_3579,0,6.516004,9.166263
Ankh2-ext1,UMAP,seq_3580,0,14.588593,7.814932
Ankh2-ext1,UMAP,seq_3581,0,14.685235,7.811023
Ankh2-ext1,UMAP,seq_3582,0,13.69737,9.509108
Ankh2-ext1,UMAP,seq_3583,0,9.861393,2.2231865
Ankh2-ext1,UMAP,seq_3584,0,12.7049465,8.886128
Ankh2-ext1,UMAP,seq_3585,0,9.176899,6.639954
Ankh2-ext1,UMAP,seq_3586,0,14.309487,7.8561873
Ankh2-ext1,UMAP,seq_3587,0,12.472814,6.7522354
Ankh2-ext1,UMAP,seq_3588,0,12.956058,11.204861
Ankh2-ext1,UMAP,seq_3589,0,12.595527,4.836386
Ankh2-ext1,UMAP,seq_3590,0,7.36489,7.7900004
Ankh2-ext1,UMAP,seq_3591,0,12.273443,8.67359
Ankh2-ext1,UMAP,seq_3592,0,8.538273,7.845564
Ankh2-ext1,UMAP,seq_3593,0,12.560404,6.748427
Ankh2-ext1,UMAP,seq_3594,0,11.084929,7.9933505
Ankh2-ext1,UMAP,seq_3595,0,14.082763,8.455059
Ankh2-ext1,UMAP,seq_3596,0,9.592013,5.1486588
Ankh2-ext1,UMAP,seq_3597,0,11.194007,12.403548
Ankh2-ext1,UMAP,seq_3598,0,9.97364,9.989089
Ankh2-ext1,UMAP,seq_3599,0,12.261657,8.325663
Ankh2-ext1,UMAP,seq_3600,0,13.698308,9.454224
Ankh2-ext1,UMAP,seq_3601,0,9.024821,7.4385824
Ankh2-ext1,UMAP,seq_3602,0,12.336355,6.1056266
Ankh2-ext1,UMAP,seq_3603,0,12.903084,9.244596
Ankh2-ext1,UMAP,seq_3604,0,15.750423,5.63916
Ankh2-ext1,UMAP,seq_3605,0,10.770925,18.057278
Ankh2-ext1,UMAP,seq_3606,0,13.993334,8.699043
Ankh2-ext1,UMAP,seq_3607,0,12.366855,8.984915
Ankh2-ext1,UMAP,seq_3608,0,8.739346,6.3922963
Ankh2-ext1,UMAP,seq_3609,0,10.528881,8.256842
Ankh2-ext1,UMAP,seq_3610,0,14.24825,6.702531
Ankh2-ext1,UMAP,seq_3611,0,7.709888,6.663338
Ankh2-ext1,UMAP,seq_3612,0,7.735133,6.646013
Ankh2-ext1,UMAP,seq_3613,0,13.721933,8.821013
Ankh2-ext1,UMAP,seq_3614,0,9.886811,7.897158
Ankh2-ext1,UMAP,seq_3615,0,12.3367405,9.017627
Ankh2-ext1,UMAP,seq_3616,0,10.201754,8.617194
Ankh2-ext1,UMAP,seq_3617,0,12.784919,8.473824
Ankh2-ext1,UMAP,seq_3618,0,10.3857355,9.704166
Ankh2-ext1,UMAP,seq_3619,0,8.541356,7.393455
Ankh2-ext1,UMAP,seq_3620,0,11.582319,7.2531805
Ankh2-ext1,UMAP,seq_3621,0,14.160581,8.421301
Ankh2-ext1,UMAP,seq_3622,0,12.974025,11.35547
Ankh2-ext1,UMAP,seq_3623,0,8.015201,7.122395
Ankh2-ext1,UMAP,seq_3624,0,11.921201,9.0506115
Ankh2-ext1,UMAP,seq_3625,0,13.352075,9.747621
Ankh2-ext1,UMAP,seq_3626,0,5.19522,8.190454
Ankh2-ext1,UMAP,seq_3627,0,11.41672,7.2976594
Ankh2-ext1,UMAP,seq_3628,0,12.900244,8.373379
Ankh2-ext1,UMAP,seq_3629,0,9.816578,7.6992188
Ankh2-ext1,UMAP,seq_3630,0,10.420196,7.12623
Ankh2-ext1,UMAP,seq_3631,0,7.899088,9.6580715
Ankh2-ext1,UMAP,seq_3632,0,11.150702,8.005241
Ankh2-ext1,UMAP,seq_3633,0,9.857965,5.6628346
Ankh2-ext1,UMAP,seq_3634,0,12.259809,7.354107
Ankh2-ext1,UMAP,seq_3635,0,7.7985697,8.806072
Ankh2-ext1,UMAP,seq_3636,0,9.888076,5.665262
Ankh2-ext1,UMAP,seq_3637,0,9.187857,11.921091
Ankh2-ext1,UMAP,seq_3638,0,8.147481,7.7948227
Ankh2-ext1,UMAP,seq_3639,0,5.202801,8.149406
Ankh2-ext1,UMAP,seq_3640,0,6.8901215,8.630967
Ankh2-ext1,UMAP,seq_3641,0,13.71009,9.501537
Ankh2-ext1,UMAP,seq_3642,0,7.9702888,7.5766654
Ankh2-ext1,UMAP,seq_3643,0,9.831555,2.2012095
Ankh2-ext1,UMAP,seq_3644,0,14.699466,7.7978973
Ankh2-ext1,UMAP,seq_3645,0,11.315461,12.192182
Ankh2-ext1,UMAP,seq_3646,0,9.828026,2.1934187
Ankh2-ext1,UMAP,seq_3647,0,8.280808,9.313851
Ankh2-ext1,UMAP,seq_3648,0,5.50833,6.7524467
Ankh2-ext1,UMAP,seq_3649,0,9.238797,9.398221
Ankh2-ext1,UMAP,seq_3650,0,13.369011,9.599958
Ankh2-ext1,UMAP,seq_3651,0,7.912839,8.377895
Ankh2-ext1,UMAP,seq_3652,0,10.141292,9.502309
Ankh2-ext1,UMAP,seq_3653,0,7.5006866,8.230407
Ankh2-ext1,UMAP,seq_3654,0,12.424122,7.208726
Ankh2-ext1,UMAP,seq_3655,0,14.20462,8.577373
Ankh2-ext1,UMAP,seq_3656,0,13.017951,7.4571443
Ankh2-ext1,UMAP,seq_3657,0,8.179109,9.405967
Ankh2-ext1,UMAP,seq_3658,0,7.648542,7.7135005
Ankh2-ext1,UMAP,seq_3659,0,9.967166,10.071587
Ankh2-ext1,UMAP,seq_3660,0,10.272492,5.6706023
Ankh2-ext1,UMAP,seq_3661,0,8.905205,8.044498
Ankh2-ext1,UMAP,seq_3662,0,11.0899725,8.411227
Ankh2-ext1,UMAP,seq_3663,0,7.334382,7.6911807
Ankh2-ext1,UMAP,seq_3664,0,7.8929744,9.351508
Ankh2-ext1,UMAP,seq_3665,0,12.245905,7.5565314
Ankh2-ext1,UMAP,seq_3666,0,7.3982563,7.594273
Ankh2-ext1,UMAP,seq_3667,0,13.009769,11.3944
Ankh2-ext1,UMAP,seq_3668,0,8.15486,6.9785304
Ankh2-ext1,UMAP,seq_3669,0,9.426777,8.948702
Ankh2-ext1,UMAP,seq_3670,0,8.791066,10.129528
Ankh2-ext1,UMAP,seq_3671,0,5.17868,8.170821
Ankh2-ext1,UMAP,seq_3672,0,8.143113,9.233073
Ankh2-ext1,UMAP,seq_3673,0,12.492498,8.265039
Ankh2-ext1,UMAP,seq_3674,0,11.034101,6.047906
Ankh2-ext1,UMAP,seq_3675,0,12.691207,8.061638
Ankh2-ext1,UMAP,seq_3676,0,9.561089,5.7763786
Ankh2-ext1,UMAP,seq_3677,0,10.995353,7.079303
Ankh2-ext1,UMAP,seq_3678,0,15.889589,5.5407395
Ankh2-ext1,UMAP,seq_3679,0,9.660332,7.982421
Ankh2-ext1,UMAP,seq_3680,0,9.710401,9.301448
Ankh2-ext1,UMAP,seq_3681,0,12.409864,10.027061
Ankh2-ext1,UMAP,seq_3682,0,11.019609,7.0204716
Ankh2-ext1,UMAP,seq_3683,0,12.638068,9.224047
Ankh2-ext1,UMAP,seq_3684,0,8.329447,7.5943184
Ankh2-ext1,UMAP,seq_3685,0,14.261471,8.471431
Ankh2-ext1,UMAP,seq_3686,0,11.226006,12.377986
Ankh2-ext1,UMAP,seq_3687,0,13.258737,11.21578
Ankh2-ext1,UMAP,seq_3688,0,13.27432,11.389062
Ankh2-ext1,UMAP,seq_3689,0,7.912802,7.3009915
Ankh2-ext1,UMAP,seq_3690,0,8.7753525,7.9407687
Ankh2-ext1,UMAP,seq_3691,0,7.6326222,8.893164
Ankh2-ext1,UMAP,seq_3692,0,9.551023,4.9121
Ankh2-ext1,UMAP,seq_3693,0,8.658303,7.7608633
Ankh2-ext1,UMAP,seq_3694,0,7.7414894,8.097786
Ankh2-ext1,UMAP,seq_3695,0,12.584893,8.465332
Ankh2-ext1,UMAP,seq_3696,0,9.0737505,8.343115
Ankh2-ext1,UMAP,seq_3697,0,8.931718,8.132626
Ankh2-ext1,UMAP,seq_3698,0,11.195265,8.074406
Ankh2-ext1,UMAP,seq_3699,0,7.4820747,9.071857
Ankh2-ext1,UMAP,seq_3700,0,12.404102,10.006128
Ankh2-ext1,UMAP,seq_3701,0,12.706451,7.5304976
Ankh2-ext1,UMAP,seq_3702,0,9.946188,8.136239
Ankh2-ext1,UMAP,seq_3703,0,9.187537,9.016249
Ankh2-ext1,UMAP,seq_3704,0,8.552001,8.928975
Ankh2-ext1,UMAP,seq_3705,0,13.189032,11.201355
Ankh2-ext1,UMAP,seq_3706,0,9.803451,2.2249074
Ankh2-ext1,UMAP,seq_3707,0,9.701523,8.9522705
Ankh2-ext1,UMAP,seq_3708,0,9.536392,5.7992487
Ankh2-ext1,UMAP,seq_3709,0,6.008098,9.79925
Ankh2-ext1,UMAP,seq_3710,0,8.306971,8.693368
Ankh2-ext1,UMAP,seq_3711,0,9.610289,11.198791
Ankh2-ext1,UMAP,seq_3712,0,6.497375,9.6102295
Ankh2-ext1,UMAP,seq_3713,0,5.1603127,8.224629
Ankh2-ext1,UMAP,seq_3714,0,8.993647,10.168478
Ankh2-ext1,UMAP,seq_3715,0,15.870996,5.563533
Ankh2-ext1,UMAP,seq_3716,0,7.8737974,2.162312
Ankh2-ext1,UMAP,seq_3717,0,6.1342287,9.749485
Ankh2-ext1,UMAP,seq_3718,0,9.514739,7.1155114
Ankh2-ext1,UMAP,seq_3719,0,14.25487,8.704333
Ankh2-ext1,UMAP,seq_3720,0,7.805707,9.111941
Ankh2-ext1,UMAP,seq_3721,0,7.5604143,7.754289
Ankh2-ext1,UMAP,seq_3722,0,5.2060823,8.150208
Ankh2-ext1,UMAP,seq_3723,0,10.810741,9.848017
Ankh2-ext1,UMAP,seq_3724,0,7.7470894,7.8251348
Ankh2-ext1,UMAP,seq_3725,0,8.135757,8.262721
Ankh2-ext1,UMAP,seq_3726,0,13.618059,8.150991
Ankh2-ext1,UMAP,seq_3727,0,9.425045,7.2193785
Ankh2-ext1,UMAP,seq_3728,0,7.113266,8.1211195
Ankh2-ext1,UMAP,seq_3729,0,12.946196,11.344305
Ankh2-ext1,UMAP,seq_3730,0,12.872867,11.289516
Ankh2-ext1,UMAP,seq_3731,0,13.112319,3.501153
Ankh2-ext1,UMAP,seq_3732,0,6.642777,7.755425
Ankh2-ext1,UMAP,seq_3733,0,12.137054,7.579463
Ankh2-ext1,UMAP,seq_3734,0,9.022732,9.583379
Ankh2-ext1,UMAP,seq_3735,0,8.939933,7.981779
Ankh2-ext1,UMAP,seq_3736,0,12.934573,9.836794
Ankh2-ext1,UMAP,seq_3737,0,12.584107,7.7909894
Ankh2-ext1,UMAP,seq_3738,0,13.825917,5.2478895
Ankh2-ext1,UMAP,seq_3739,0,7.8076973,9.075938
Ankh2-ext1,UMAP,seq_3740,0,13.000051,11.327951
Ankh2-ext1,UMAP,seq_3741,0,8.665516,7.9033365
Ankh2-ext1,UMAP,seq_3742,0,8.188082,7.7541957
Ankh2-ext1,UMAP,seq_3743,0,8.031528,8.092244
Ankh2-ext1,UMAP,seq_3744,0,7.602396,7.749107
Ankh2-ext1,UMAP,seq_3745,0,8.194564,9.221003
Ankh2-ext1,UMAP,seq_3746,0,8.138454,8.28061
Ankh2-ext1,UMAP,seq_3747,0,13.098492,7.3260126
Ankh2-ext1,UMAP,seq_3748,0,7.7514777,8.061621
Ankh2-ext1,UMAP,seq_3749,0,11.965379,8.041373
Ankh2-ext1,UMAP,seq_3750,0,9.737341,8.216436
Ankh2-ext1,UMAP,seq_3751,0,8.926422,9.535766
Ankh2-ext1,UMAP,seq_3752,0,13.283432,8.515732
Ankh2-ext1,UMAP,seq_3753,0,13.16465,11.219141
Ankh2-ext1,UMAP,seq_3754,0,9.085446,8.27815
Ankh2-ext1,UMAP,seq_3755,0,7.3511653,7.9441185
Ankh2-ext1,UMAP,seq_3756,0,11.812824,8.404171
Ankh2-ext1,UMAP,seq_3757,0,12.403292,8.030717
Ankh2-ext1,UMAP,seq_3758,0,12.461355,7.611433
Ankh2-ext1,UMAP,seq_3759,0,10.416294,6.243348
Ankh2-ext1,UMAP,seq_3760,0,10.64148,6.513414
Ankh2-ext1,UMAP,seq_3761,0,8.599285,7.114465
Ankh2-ext1,UMAP,seq_3762,0,12.723083,9.670134
Ankh2-ext1,UMAP,seq_3763,0,10.036155,10.086521
Ankh2-ext1,UMAP,seq_3764,0,7.7573514,9.08757
Ankh2-ext1,UMAP,seq_3765,0,9.583684,9.166153
Ankh2-ext1,UMAP,seq_3766,0,13.182908,10.927669
Ankh2-ext1,UMAP,seq_3767,0,9.847361,5.4599247
Ankh2-ext1,UMAP,seq_3768,0,9.351587,8.361561
Ankh2-ext1,UMAP,seq_3769,0,8.921843,7.281095
Ankh2-ext1,UMAP,seq_3770,0,9.063122,9.9952135
Ankh2-ext1,UMAP,seq_3771,0,10.157069,5.6783004
Ankh2-ext1,UMAP,seq_3772,0,8.227603,9.724548
Ankh2-ext1,UMAP,seq_3773,0,14.261035,6.7692127
Ankh2-ext1,UMAP,seq_3774,0,7.51992,8.237587
Ankh2-ext1,UMAP,seq_3775,0,12.439707,10.020756
Ankh2-ext1,UMAP,seq_3776,0,12.622827,8.390705
Ankh2-ext1,UMAP,seq_3777,0,6.2389026,9.787221
Ankh2-ext1,UMAP,seq_3778,0,7.454233,8.17096
Ankh2-ext1,UMAP,seq_3779,0,7.9739766,7.0509033
Ankh2-ext1,UMAP,seq_3780,0,7.8637233,7.5233994
Ankh2-ext1,UMAP,seq_3781,0,7.7295103,6.627296
Ankh2-ext1,UMAP,seq_3782,0,9.074459,7.9355707
Ankh2-ext1,UMAP,seq_3783,0,7.5972257,8.38255
Ankh2-ext1,UMAP,seq_3784,0,10.906711,7.1258764
Ankh2-ext1,UMAP,seq_3785,0,12.84079,11.151074
Ankh2-ext1,UMAP,seq_3786,0,13.508205,8.159346
Ankh2-ext1,UMAP,seq_3787,0,13.303813,8.556201
Ankh2-ext1,UMAP,seq_3788,0,8.97266,9.593427
Ankh2-ext1,UMAP,seq_3789,0,12.617158,7.705296
Ankh2-ext1,UMAP,seq_3790,0,9.234848,7.5381165
Ankh2-ext1,UMAP,seq_3791,0,9.077336,7.5731373
Ankh2-ext1,UMAP,seq_3792,0,12.589764,10.836477
Ankh2-ext1,UMAP,seq_3793,0,9.290984,7.2188435
Ankh2-ext1,UMAP,seq_3794,0,8.190478,8.658482
Ankh2-ext1,UMAP,seq_3795,0,7.7754827,8.41725
Ankh2-ext1,UMAP,seq_3796,0,7.996539,8.903183
Ankh2-ext1,UMAP,seq_3797,0,10.997154,9.713686
Ankh2-ext1,UMAP,seq_3798,0,8.528134,7.6654305
Ankh2-ext1,UMAP,seq_3799,0,13.54716,7.950951
Ankh2-ext1,UMAP,seq_3800,0,8.367512,8.903476
Ankh2-ext1,UMAP,seq_3801,0,8.700795,7.9820495
Ankh2-ext1,UMAP,seq_3802,0,7.2426353,7.21056
Ankh2-ext1,UMAP,seq_3803,0,10.894342,9.7206745
Ankh2-ext1,UMAP,seq_3804,0,9.517534,7.401788
Ankh2-ext1,UMAP,seq_3805,0,12.842394,7.078246
Ankh2-ext1,UMAP,seq_3806,0,11.96741,7.3904953
Ankh2-ext1,UMAP,seq_3807,0,12.17786,6.170062
Ankh2-ext1,UMAP,seq_3808,0,11.234745,8.287501
Ankh2-ext1,UMAP,seq_3809,0,10.663139,6.748862
Ankh2-ext1,UMAP,seq_3810,0,13.079035,8.968548
Ankh2-ext1,UMAP,seq_3811,0,9.491947,7.0080824
Ankh2-ext1,UMAP,seq_3812,0,6.23971,9.742529
Ankh2-ext1,UMAP,seq_3813,0,14.23189,6.6882143
Ankh2-ext1,UMAP,seq_3814,0,8.455928,6.9300065
Ankh2-ext1,UMAP,seq_3815,0,14.366484,7.8586054
Ankh2-ext1,UMAP,seq_3816,0,13.157644,8.176471
Ankh2-ext1,UMAP,seq_3817,0,7.444838,7.2000384
Ankh2-ext1,UMAP,seq_3818,0,7.6941495,7.3480945
Ankh2-ext1,UMAP,seq_3819,0,9.809328,5.496138
Ankh2-ext1,UMAP,seq_3820,0,8.938171,9.626223
Ankh2-ext1,UMAP,seq_3821,0,7.5028806,8.952707
Ankh2-ext1,UMAP,seq_3822,0,11.886605,8.033735
Ankh2-ext1,UMAP,seq_3823,0,10.472599,7.512687
Ankh2-ext1,UMAP,seq_3824,0,13.182475,7.6084337
Ankh2-ext1,UMAP,seq_3825,0,14.1772375,8.538783
Ankh2-ext1,UMAP,seq_3826,0,6.080702,9.827983
Ankh2-ext1,UMAP,seq_3827,0,12.80187,9.085348
Ankh2-ext1,UMAP,seq_3828,0,13.891258,8.030096
Ankh2-ext1,UMAP,seq_3829,0,14.255064,6.697259
Ankh2-ext1,UMAP,seq_3830,0,9.597115,7.723573
Ankh2-ext1,UMAP,seq_3831,0,7.729736,5.605871
Ankh2-ext1,UMAP,seq_3832,0,13.057601,9.674171
Ankh2-ext1,UMAP,seq_3833,0,9.194966,7.567418
Ankh2-ext1,UMAP,seq_3834,0,9.951118,8.481093
Ankh2-ext1,UMAP,seq_3835,0,8.425788,7.268321
Ankh2-ext1,UMAP,seq_3836,0,13.082552,8.375166
Ankh2-ext1,UMAP,seq_3837,0,5.790882,7.7345595
Ankh2-ext1,UMAP,seq_3838,0,11.590943,12.676589
Ankh2-ext1,UMAP,seq_3839,0,10.37922,7.3171387
Ankh2-ext1,UMAP,seq_3840,0,12.580649,8.594721
Ankh2-ext1,UMAP,seq_3841,0,9.641169,6.956161
Ankh2-ext1,UMAP,seq_3842,0,13.384339,7.191403
Ankh2-ext1,UMAP,seq_3843,0,13.997372,8.614834
Ankh2-ext1,UMAP,seq_3844,0,5.713813,7.830789
Ankh2-ext1,UMAP,seq_3845,0,12.069332,9.127258
Ankh2-ext1,UMAP,seq_3846,0,9.873913,2.278698
Ankh2-ext1,UMAP,seq_3847,0,8.285987,8.845871
Ankh2-ext1,UMAP,seq_3848,0,11.390231,7.679945
Ankh2-ext1,UMAP,seq_3849,0,7.714227,8.4394
Ankh2-ext1,UMAP,seq_3850,0,13.083345,8.443447
Ankh2-ext1,UMAP,seq_3851,0,10.823059,7.373046
Ankh2-ext1,UMAP,seq_3852,0,8.892699,7.6736126
Ankh2-ext1,UMAP,seq_3853,0,7.792428,8.461228
Ankh2-ext1,UMAP,seq_3854,0,11.778966,5.666401
Ankh2-ext1,UMAP,seq_3855,0,9.776597,5.657087
Ankh2-ext1,UMAP,seq_3856,0,8.740777,8.762243
Ankh2-ext1,UMAP,seq_3857,0,11.935157,6.2270336
Ankh2-ext1,UMAP,seq_3858,0,9.758672,5.593548
Ankh2-ext1,UMAP,seq_3859,0,14.210878,8.710294
Ankh2-ext1,UMAP,seq_3860,0,14.258194,8.76976
Ankh2-ext1,UMAP,seq_3861,0,14.248349,8.682916
Ankh2-ext1,UMAP,seq_3862,0,9.367689,7.8383636
Ankh2-ext1,UMAP,seq_3863,0,11.598268,6.4964542
Ankh2-ext1,UMAP,seq_3864,0,7.9407573,8.336586
Ankh2-ext1,UMAP,seq_3865,0,12.63381,7.6776648
Ankh2-ext1,UMAP,seq_3866,0,9.884835,7.761925
Ankh2-ext1,UMAP,seq_3867,0,9.790115,5.161948
Ankh2-ext1,UMAP,seq_3868,0,13.32343,9.04886
Ankh2-ext1,UMAP,seq_3869,0,11.687922,8.220697
Ankh2-ext1,UMAP,seq_3870,0,12.939575,11.402695
Ankh2-ext1,UMAP,seq_3871,0,10.890779,8.487433
Ankh2-ext1,UMAP,seq_3872,0,13.377992,7.033834
Ankh2-ext1,UMAP,seq_3873,0,9.684081,11.06559
Ankh2-ext1,UMAP,seq_3874,0,13.175084,9.360411
Ankh2-ext1,UMAP,seq_3875,0,13.07305,11.312828
Ankh2-ext1,UMAP,seq_3876,0,10.928281,7.0820956
Ankh2-ext1,UMAP,seq_3877,0,7.3866053,7.934193
Ankh2-ext1,UMAP,seq_3878,0,9.131003,8.837673
Ankh2-ext1,UMAP,seq_3879,0,10.142235,5.6915812
Ankh2-ext1,UMAP,seq_3880,0,8.08445,7.0782137
Ankh2-ext1,UMAP,seq_3881,0,10.93498,7.0731463
Ankh2-ext1,UMAP,seq_3882,0,10.4253845,6.1759973
Ankh2-ext1,UMAP,seq_3883,0,13.041506,9.446747
Ankh2-ext1,UMAP,seq_3884,0,12.955808,9.014613
Ankh2-ext1,UMAP,seq_3885,0,11.190209,8.013143
Ankh2-ext1,UMAP,seq_3886,0,12.770562,8.820145
Ankh2-ext1,UMAP,seq_3887,0,8.399165,7.217548
Ankh2-ext1,UMAP,seq_3888,0,11.935083,6.758699
Ankh2-ext1,UMAP,seq_3889,0,7.8803077,8.789588
Ankh2-ext1,UMAP,seq_3890,0,11.493689,8.510405
Ankh2-ext1,UMAP,seq_3891,0,9.350838,9.870725
Ankh2-ext1,UMAP,seq_3892,0,13.149483,7.917778
Ankh2-ext1,UMAP,seq_3893,0,9.448203,8.456402
Ankh2-ext1,UMAP,seq_3894,0,9.549391,4.959842
Ankh2-ext1,UMAP,seq_3895,0,9.280139,-7.047483
Ankh2-ext1,UMAP,seq_3896,0,10.708625,8.002846
Ankh2-ext1,UMAP,seq_3897,0,12.7341795,7.7588544
Ankh2-ext1,UMAP,seq_3898,0,8.213877,9.3784
Ankh2-ext1,UMAP,seq_3899,0,11.962146,3.7684112
Ankh2-ext1,UMAP,seq_3900,0,10.395811,6.11602
Ankh2-ext1,UMAP,seq_3901,0,9.368433,7.118295
Ankh2-ext1,UMAP,seq_3902,0,10.031658,9.631931
Ankh2-ext1,UMAP,seq_3903,0,14.245389,6.6916094
Ankh2-ext1,UMAP,seq_3904,0,10.203052,5.6779475
Ankh2-ext1,UMAP,seq_3905,0,9.836474,8.588745
Ankh2-ext1,UMAP,seq_3906,0,11.71937,8.519342
Ankh2-ext1,UMAP,seq_3907,0,12.340998,9.59213
Ankh2-ext1,UMAP,seq_3908,0,11.694147,8.0407
Ankh2-ext1,UMAP,seq_3909,0,11.639198,8.045853
Ankh2-ext1,UMAP,seq_3910,0,9.841603,8.438923
Ankh2-ext1,UMAP,seq_3911,0,5.8007083,7.690417
Ankh2-ext1,UMAP,seq_3912,0,5.7196217,7.7789407
Ankh2-ext1,UMAP,seq_3913,0,13.930383,8.0418415
Ankh2-ext1,UMAP,seq_3914,0,12.158226,8.37531
Ankh2-ext1,UMAP,seq_3915,0,13.238127,9.787402
Ankh2-ext1,UMAP,seq_3916,0,12.234773,8.1754675
Ankh2-ext1,UMAP,seq_3917,0,7.9037266,8.973996
Ankh2-ext1,UMAP,seq_3918,0,8.912509,7.985443
Ankh2-ext1,UMAP,seq_3919,0,8.458132,8.766646
Ankh2-ext1,UMAP,seq_3920,0,7.954464,7.731912
Ankh2-ext1,UMAP,seq_3921,0,13.378639,7.010875
Ankh2-ext1,UMAP,seq_3922,0,13.175204,8.910865
Ankh2-ext1,UMAP,seq_3923,0,13.251228,9.58472
Ankh2-ext1,UMAP,seq_3924,0,8.8717,9.082497
Ankh2-ext1,UMAP,seq_3925,0,10.516935,8.180176
Ankh2-ext1,UMAP,seq_3926,0,7.9760313,6.9927554
Ankh2-ext1,UMAP,seq_3927,0,9.919263,8.156396
Ankh2-ext1,UMAP,seq_3928,0,9.870458,8.418794
Ankh2-ext1,UMAP,seq_3929,0,13.67947,8.68286
Ankh2-ext1,UMAP,seq_3930,0,9.823823,9.736442
Ankh2-ext1,UMAP,seq_3931,0,8.728981,10.157253
Ankh2-ext1,UMAP,seq_3932,0,7.785325,9.067403
Ankh2-ext1,UMAP,seq_3933,0,9.935716,7.3122044
Ankh2-ext1,UMAP,seq_3934,0,10.325718,4.014635
Ankh2-ext1,UMAP,seq_3935,0,12.366103,3.5752442
Ankh2-ext1,UMAP,seq_3936,0,13.104359,11.367119
Ankh2-ext1,UMAP,seq_3937,0,12.794141,11.3500395
Ankh2-ext1,UMAP,seq_3938,0,7.5098925,8.827129
Ankh2-ext1,UMAP,seq_3939,0,11.974695,6.8603873
Ankh2-ext1,UMAP,seq_3940,0,10.441999,9.128037
Ankh2-ext1,UMAP,seq_3941,0,8.16138,8.786842
Ankh2-ext1,UMAP,seq_3942,0,9.421939,9.903541
Ankh2-ext1,UMAP,seq_3943,0,9.789783,9.822719
Ankh2-ext1,UMAP,seq_3944,0,9.228958,7.6035
Ankh2-ext1,UMAP,seq_3945,0,9.152457,8.976254
Ankh2-ext1,UMAP,seq_3946,0,9.930709,9.102744
Ankh2-ext1,UMAP,seq_3947,0,10.643583,6.5412054
Ankh2-ext1,UMAP,seq_3948,0,9.266773,7.453941
Ankh2-ext1,UMAP,seq_3949,0,12.682621,7.0064373
Ankh2-ext1,UMAP,seq_3950,0,8.025525,7.7249765
Ankh2-ext1,UMAP,seq_3951,0,9.442522,7.3140664
Ankh2-ext1,UMAP,seq_3952,0,11.541964,2.2913947
Ankh2-ext1,UMAP,seq_3953,0,8.697055,7.969515
Ankh2-ext1,UMAP,seq_3954,0,9.959479,10.209248
Ankh2-ext1,UMAP,seq_3955,0,11.124484,12.348773
Ankh2-ext1,UMAP,seq_3956,0,10.620757,7.7703276
Ankh2-ext1,UMAP,seq_3957,0,9.108074,12.096193
Ankh2-ext1,UMAP,seq_3958,0,11.683138,6.796542
Ankh2-ext1,UMAP,seq_3959,0,11.697539,7.079439
Ankh2-ext1,UMAP,seq_3960,0,9.7753935,9.890827
Ankh2-ext1,UMAP,seq_3961,0,7.733217,6.965415
Ankh2-ext1,UMAP,seq_3962,0,7.03173,7.493964
Ankh2-ext1,UMAP,seq_3963,0,10.987153,3.9752758
Ankh2-ext1,UMAP,seq_3964,0,10.573333,8.465768
Ankh2-ext1,UMAP,seq_3965,0,10.542461,9.514375
Ankh2-ext1,UMAP,seq_3966,0,11.065908,4.2145143
Ankh2-ext1,UMAP,seq_3967,0,14.637627,3.101077
Ankh2-ext1,UMAP,seq_3968,0,9.199902,7.799795
Ankh2-ext1,UMAP,seq_3969,0,9.65141,10.251321
Ankh2-ext1,UMAP,seq_3970,0,13.174552,11.357513
Ankh2-ext1,UMAP,seq_3971,0,7.3524156,8.092256
Ankh2-ext1,UMAP,seq_3972,0,9.212356,7.0057263
Ankh2-ext1,UMAP,seq_3973,0,11.180281,8.03928
Ankh2-ext1,UMAP,seq_3974,0,10.886094,4.676189
Ankh2-ext1,UMAP,seq_3975,0,10.739611,4.040928
Ankh2-ext1,UMAP,seq_3976,0,11.41253,8.147698
Ankh2-ext1,UMAP,seq_3977,0,10.041017,8.158542
Ankh2-ext1,UMAP,seq_3978,0,10.100017,7.7587814
Ankh2-ext1,UMAP,seq_3979,0,11.713414,5.415094
Ankh2-ext1,UMAP,seq_3980,0,12.879796,10.291591
Ankh2-ext1,UMAP,seq_3981,0,5.6889496,7.800331
Ankh2-ext1,UMAP,seq_3982,0,10.19716,8.183524
Ankh2-ext1,UMAP,seq_3983,0,13.307609,11.460002
Ankh2-ext1,UMAP,seq_3984,0,11.946742,8.899879
Ankh2-ext1,UMAP,seq_3985,0,11.615507,8.078096
Ankh2-ext1,UMAP,seq_3986,0,13.388877,9.662998
Ankh2-ext1,UMAP,seq_3987,0,9.559988,7.8077846
Ankh2-ext1,UMAP,seq_3988,0,10.930951,9.671477
Ankh2-ext1,UMAP,seq_3989,0,11.123568,5.0172563
Ankh2-ext1,UMAP,seq_3990,0,9.36683,7.670677
Ankh2-ext1,UMAP,seq_3991,0,9.169397,7.8492126
Ankh2-ext1,UMAP,seq_3992,0,13.028056,11.374226
Ankh2-ext1,UMAP,seq_3993,0,9.486738,8.13485
Ankh2-ext1,UMAP,seq_3994,0,9.429861,8.498167
Ankh2-ext1,UMAP,seq_3995,0,10.748237,4.016782
Ankh2-ext1,UMAP,seq_3996,0,10.145916,9.07927
Ankh2-ext1,UMAP,seq_3997,0,10.801214,8.820545
Ankh2-ext1,UMAP,seq_3998,0,8.942232,9.715201
Ankh2-ext1,UMAP,seq_3999,0,8.692463,7.4689803
Ankh2-ext1,UMAP,seq_4000,0,9.274446,7.494595
Ankh2-ext1,UMAP,seq_4001,0,11.107203,5.0597305
Ankh2-ext1,UMAP,seq_4002,0,8.569486,9.029605
Ankh2-ext1,UMAP,seq_4003,0,9.577559,5.121877
Ankh2-ext1,UMAP,seq_4004,0,10.192249,9.206817
Ankh2-ext1,UMAP,seq_4005,0,10.784099,4.775603
Ankh2-ext1,UMAP,seq_4006,0,9.317723,8.607349
Ankh2-ext1,UMAP,seq_4007,0,8.867133,9.377916
Ankh2-ext1,UMAP,seq_4008,0,10.397485,9.149062
Ankh2-ext1,UMAP,seq_4009,0,10.2683115,8.858646
Ankh2-ext1,UMAP,seq_4010,0,9.667822,8.6978855
Ankh2-ext1,UMAP,seq_4011,0,11.769551,9.651621
Ankh2-ext1,UMAP,seq_4012,0,8.254112,7.6217833
Ankh2-ext1,UMAP,seq_4013,0,9.992361,7.3109856
Ankh2-ext1,UMAP,seq_4014,0,7.636383,8.422573
Ankh2-ext1,UMAP,seq_4015,0,9.077756,6.893494
Ankh2-ext1,UMAP,seq_4016,0,13.170615,11.257782
Ankh2-ext1,UMAP,seq_4017,0,8.509252,7.3641305
Ankh2-ext1,UMAP,seq_4018,0,9.709467,9.446738
Ankh2-ext1,UMAP,seq_4019,0,10.757382,8.424583
Ankh2-ext1,UMAP,seq_4020,0,9.520557,8.04671
Ankh2-ext1,UMAP,seq_4021,0,10.682369,6.6780834
Ankh2-ext1,UMAP,seq_4022,0,11.659421,6.985162
Ankh2-ext1,UMAP,seq_4023,0,12.759319,11.075874
Ankh2-ext1,UMAP,seq_4024,0,13.328844,6.9887743
Ankh2-ext1,UMAP,seq_4025,0,10.421214,6.4655147
Ankh2-ext1,UMAP,seq_4026,0,11.447481,7.420364
Ankh2-ext1,UMAP,seq_4027,0,9.440791,7.2396274
Ankh2-ext1,UMAP,seq_4028,0,8.722116,10.604489
Ankh2-ext1,UMAP,seq_4029,0,10.117419,10.109252
Ankh2-ext1,UMAP,seq_4030,0,8.914009,9.348279
Ankh2-ext1,UMAP,seq_4031,0,9.587524,7.6308584
Ankh2-ext1,UMAP,seq_4032,0,8.052685,8.168943
Ankh2-ext1,UMAP,seq_4033,0,9.2222595,7.7404428
Ankh2-ext1,UMAP,seq_4034,0,7.72595,7.1202235
Ankh2-ext1,UMAP,seq_4035,0,12.361175,6.916183
Ankh2-ext1,UMAP,seq_4036,0,12.970347,11.356381
Ankh2-ext1,UMAP,seq_4037,0,8.744398,8.694504
Ankh2-ext1,UMAP,seq_4038,0,10.972848,4.4438396
Ankh2-ext1,UMAP,seq_4039,0,15.900984,5.552102
Ankh2-ext1,UMAP,seq_4040,0,7.792281,8.414897
Ankh2-ext1,UMAP,seq_4041,0,8.444676,9.170818
Ankh2-ext1,UMAP,seq_4042,0,10.359726,7.200015
Ankh2-ext1,UMAP,seq_4043,0,10.580891,9.805284
Ankh2-ext1,UMAP,seq_4044,0,10.375313,3.9598582
Ankh2-ext1,UMAP,seq_4045,0,9.135631,9.4193325
Ankh2-ext1,UMAP,seq_4046,0,7.4798384,7.599712
Ankh2-ext1,UMAP,seq_4047,0,8.611495,8.243468
Ankh2-ext1,UMAP,seq_4048,0,11.701675,9.802219
Ankh2-ext1,UMAP,seq_4049,0,8.994058,10.185263
Ankh2-ext1,UMAP,seq_4050,0,11.035345,9.670781
Ankh2-ext1,UMAP,seq_4051,0,8.283493,10.018408
Ankh2-ext1,UMAP,seq_4052,0,10.668242,9.645826
Ankh2-ext1,UMAP,seq_4053,0,11.137837,9.051006
Ankh2-ext1,UMAP,seq_4054,0,10.534786,9.496683
Ankh2-ext1,UMAP,seq_4055,0,8.613639,8.152923
Ankh2-ext1,UMAP,seq_4056,0,8.954815,7.4346156
Ankh2-ext1,UMAP,seq_4057,0,12.346297,7.7704926
Ankh2-ext1,UMAP,seq_4058,0,7.7412157,7.0655355
Ankh2-ext1,UMAP,seq_4059,0,8.381138,8.454276
Ankh2-ext1,UMAP,seq_4060,0,8.379983,7.2040567
Ankh2-ext1,UMAP,seq_4061,0,7.8345757,6.9046316
Ankh2-ext1,UMAP,seq_4062,0,9.900735,9.541922
Ankh2-ext1,UMAP,seq_4063,0,9.963551,9.750167
Ankh2-ext1,UMAP,seq_4064,0,9.9248085,9.70514
Ankh2-ext1,UMAP,seq_4065,0,8.664433,9.262135
Ankh2-ext1,UMAP,seq_4066,0,8.763781,8.708968
Ankh2-ext1,UMAP,seq_4067,0,8.575498,10.142978
Ankh2-ext1,UMAP,seq_4068,0,9.995115,9.744447
Ankh2-ext1,UMAP,seq_4069,0,8.466129,8.223036
Ankh2-ext1,UMAP,seq_4070,0,9.879395,9.675379
Ankh2-ext1,UMAP,seq_4071,0,9.512445,10.22569
Ankh2-ext1,UMAP,seq_4072,0,9.057559,9.338476
Ankh2-ext1,UMAP,seq_4073,0,12.918308,11.286303
Ankh2-ext1,UMAP,seq_4074,0,8.584155,8.072006
Ankh2-ext1,UMAP,seq_4075,0,9.411193,8.446181
Ankh2-ext1,UMAP,seq_4076,0,7.4180794,9.054289
Ankh2-ext1,UMAP,seq_4077,0,10.61106,10.01912
Ankh2-ext1,UMAP,seq_4078,0,9.092209,10.022287
Ankh2-ext1,UMAP,seq_4079,0,8.028605,8.276488
Ankh2-ext1,UMAP,seq_4080,0,10.854883,9.92274
Ankh2-ext1,UMAP,seq_4081,0,9.27381,7.524168
Ankh2-ext1,UMAP,seq_4082,0,8.969106,9.456422
Ankh2-ext1,UMAP,seq_4083,0,9.10838,10.0302515
Ankh2-ext1,UMAP,seq_4084,0,13.219703,11.413628
Ankh2-ext1,UMAP,seq_4085,0,11.619815,8.469828
Ankh2-ext1,UMAP,seq_4086,0,10.157816,8.895525
Ankh2-ext1,UMAP,seq_4087,0,7.720837,8.731215
Ankh2-ext1,UMAP,seq_4088,0,8.425638,9.974238
Ankh2-ext1,UMAP,seq_4089,0,9.7012615,9.4378195
Ankh2-ext1,UMAP,seq_4090,0,8.813291,8.4792385
Ankh2-ext1,UMAP,seq_4091,0,7.978224,8.852796
Ankh2-ext1,UMAP,seq_4092,0,9.021075,9.782145
Ankh2-ext1,UMAP,seq_4093,0,7.723234,6.6437826
Ankh2-ext1,UMAP,seq_4094,0,8.316648,8.945884
Ankh2-ext1,UMAP,seq_4095,0,8.878491,8.565642
Ankh2-ext1,UMAP,seq_4096,0,8.524457,9.004143
Ankh2-ext1,UMAP,seq_4097,0,7.3759336,7.66174
Ankh2-ext1,UMAP,seq_4098,0,8.333554,9.255921
Ankh2-ext1,UMAP,seq_4099,0,10.880843,9.948892
Ankh2-ext1,UMAP,seq_4100,0,8.414477,9.29452
Ankh2-ext1,UMAP,seq_4101,0,10.499117,10.090282
Ankh2-ext1,UMAP,seq_4102,0,8.546533,9.925716
Ankh2-ext1,UMAP,seq_4103,0,9.4477625,9.463473
Ankh2-ext1,UMAP,seq_4104,0,6.65284,7.6433644
Ankh2-ext1,UMAP,seq_4105,0,9.94031,8.535086
Ankh2-ext1,UMAP,seq_4106,0,10.073906,7.2687564
Ankh2-ext1,UMAP,seq_4107,0,12.353407,7.106845
Ankh2-ext1,UMAP,seq_4108,0,11.026871,6.9376388
Ankh2-ext1,UMAP,seq_4109,0,15.914191,5.537052
Ankh2-ext1,UMAP,seq_4110,0,11.508028,8.000111
Ankh2-ext1,UMAP,seq_4111,0,9.063562,8.992724
Ankh2-ext1,UMAP,seq_4112,0,11.874412,5.621083
Ankh2-ext1,UMAP,seq_4113,0,8.466823,8.761165
Ankh2-ext1,UMAP,seq_4114,0,7.8752604,2.1655114
Ankh2-ext1,UMAP,seq_4115,0,8.863204,7.259116
Ankh2-ext1,UMAP,seq_4116,0,11.670263,6.8602433
Ankh2-ext1,UMAP,seq_4117,0,9.383474,8.141259
Ankh2-ext1,UMAP,seq_4118,0,13.596226,7.6908693
Ankh2-ext1,UMAP,seq_4119,0,8.69346,7.1789145
Ankh2-ext1,UMAP,seq_4120,0,9.384382,7.721645
Ankh2-ext1,UMAP,seq_4121,0,10.236396,7.0317683
Ankh2-ext1,UMAP,seq_4122,0,10.708433,9.559664
Ankh2-ext1,UMAP,seq_4123,0,12.3373785,6.7300515
Ankh2-ext1,UMAP,seq_4124,0,9.11124,8.769236
Ankh2-ext1,UMAP,seq_4125,0,10.364056,8.589046
Ankh2-ext1,UMAP,seq_4126,0,9.299672,7.445521
Ankh2-ext1,UMAP,seq_4127,0,8.307532,7.386532
Ankh2-ext1,UMAP,seq_4128,0,9.539868,7.279087
Ankh2-ext1,UMAP,seq_4129,0,8.30112,8.311343
Ankh2-ext1,UMAP,seq_4130,0,11.793715,4.7109275
Ankh2-ext1,UMAP,seq_4131,0,9.457827,7.407342
Ankh2-ext1,UMAP,seq_4132,0,11.351021,6.463626
Ankh2-ext1,UMAP,seq_4133,0,10.877387,6.533839
Ankh2-ext1,UMAP,seq_4134,0,12.425989,7.33888
Ankh2-ext1,UMAP,seq_4135,0,7.937613,7.5349193
Ankh2-ext1,UMAP,seq_4136,0,9.908069,10.244345
Ankh2-ext1,UMAP,seq_4137,0,11.969735,6.8154335
Ankh2-ext1,UMAP,seq_4138,0,7.976025,7.615528
Ankh2-ext1,UMAP,seq_4139,0,9.34925,7.5730567
Ankh2-ext1,UMAP,seq_4140,0,10.622892,8.908327
Ankh2-ext1,UMAP,seq_4141,0,9.770508,9.377035
Ankh2-ext1,UMAP,seq_4142,0,8.608953,7.0036335
Ankh2-ext1,UMAP,seq_4143,0,8.805656,10.133167
Ankh2-ext1,UMAP,seq_4144,0,7.379112,8.098595
Ankh2-ext1,UMAP,seq_4145,0,7.7992673,7.4082065
Ankh2-ext1,UMAP,seq_4146,0,9.33767,8.757735
Ankh2-ext1,UMAP,seq_4147,0,8.779305,7.259394
Ankh2-ext1,UMAP,seq_4148,0,9.60192,7.707965
Ankh2-ext1,UMAP,seq_4149,0,9.069932,7.5897565
Ankh2-ext1,UMAP,seq_4150,0,7.509805,9.039475
Ankh2-ext1,UMAP,seq_4151,0,7.5686436,7.505244
Ankh2-ext1,UMAP,seq_4152,0,9.073605,7.2496386
Ankh2-ext1,UMAP,seq_4153,0,12.974206,11.417851
Ankh2-ext1,UMAP,seq_4154,0,8.446432,8.1965
Ankh2-ext1,UMAP,seq_4155,0,9.106713,12.09857
Ankh2-ext1,UMAP,seq_4156,0,8.9080515,7.7244096
Ankh2-ext1,UMAP,seq_4157,0,10.40412,8.777603
Ankh2-ext1,UMAP,seq_4158,0,9.703316,7.992556
Ankh2-ext1,UMAP,seq_4159,0,6.885724,9.609539
Ankh2-ext1,UMAP,seq_4160,0,12.5127535,6.830803
Ankh2-ext1,UMAP,seq_4161,0,5.2137375,8.1319065
Ankh2-ext1,UMAP,seq_4162,0,8.753805,7.971924
Ankh2-ext1,UMAP,seq_4163,0,7.769103,9.428479
Ankh2-ext1,UMAP,seq_4164,0,9.63136,8.438894
Ankh2-ext1,UMAP,seq_4165,0,7.607622,8.901749
Ankh2-ext1,UMAP,seq_4166,0,10.2461605,9.227466
Ankh2-ext1,UMAP,seq_4167,0,9.308684,8.735133
Ankh2-ext1,UMAP,seq_4168,0,8.592381,9.055217
Ankh2-ext1,UMAP,seq_4169,0,8.672277,9.842083
Ankh2-ext1,UMAP,seq_4170,0,9.4552765,10.787756
Ankh2-ext1,UMAP,seq_4171,0,11.91388,10.720741
Ankh2-ext1,UMAP,seq_4172,0,11.738318,7.5566196
Ankh2-ext1,UMAP,seq_4173,0,10.03467,8.336022
Ankh2-ext1,UMAP,seq_4174,0,9.616016,11.019545
Ankh2-ext1,UMAP,seq_4175,0,9.196021,7.7373304
Ankh2-ext1,UMAP,seq_4176,0,10.054758,8.289371
Ankh2-ext1,UMAP,seq_4177,0,8.159987,7.0129395
Ankh2-ext1,UMAP,seq_4178,0,9.157172,9.172858
Ankh2-ext1,UMAP,seq_4179,0,9.111411,12.0922
Ankh2-ext1,UMAP,seq_4180,0,9.64515,7.550637
Ankh2-ext1,UMAP,seq_4181,0,7.640544,8.319151
Ankh2-ext1,UMAP,seq_4182,0,13.128905,11.380034
Ankh2-ext1,UMAP,seq_4183,0,10.0561075,5.678993
Ankh2-ext1,UMAP,seq_4184,0,10.382042,9.098215
Ankh2-ext1,UMAP,seq_4185,0,9.409373,8.97503
Ankh2-ext1,UMAP,seq_4186,0,13.053536,11.293632
Ankh2-ext1,UMAP,seq_4187,0,13.082266,11.233025
Ankh2-ext1,UMAP,seq_4188,0,11.3279295,4.704993
Ankh2-ext1,UMAP,seq_4189,0,11.537949,9.865828
Ankh2-ext1,UMAP,seq_4190,0,7.952828,9.058057
Ankh2-ext1,UMAP,seq_4191,0,9.479826,7.556779
Ankh2-ext1,UMAP,seq_4192,0,9.424008,7.523386
Ankh2-ext1,UMAP,seq_4193,0,10.416006,9.452515
Mistral-Prot,UMAP,seq_1,1,8.14299,2.8450744
Mistral-Prot,UMAP,seq_2,1,0.2676649,-0.7064114
Mistral-Prot,UMAP,seq_3,1,2.492999,0.6601497
Mistral-Prot,UMAP,seq_4,1,7.7096524,2.3514028
Mistral-Prot,UMAP,seq_5,1,6.974931,0.6470719
Mistral-Prot,UMAP,seq_6,1,7.1403036,0.72215384
Mistral-Prot,UMAP,seq_7,1,7.079946,1.2641146
Mistral-Prot,UMAP,seq_8,1,7.0597878,1.0320537
Mistral-Prot,UMAP,seq_9,1,8.118677,2.4523518
Mistral-Prot,UMAP,seq_10,1,7.456236,2.3014474
Mistral-Prot,UMAP,seq_11,1,7.358128,1.7742064
Mistral-Prot,UMAP,seq_12,1,8.090755,1.9158754
Mistral-Prot,UMAP,seq_13,1,8.072852,1.8736483
Mistral-Prot,UMAP,seq_14,1,8.431288,2.31452
Mistral-Prot,UMAP,seq_15,1,8.335916,2.2838008
Mistral-Prot,UMAP,seq_16,1,0.7894222,0.2697275
Mistral-Prot,UMAP,seq_17,1,0.73330253,0.44834268
Mistral-Prot,UMAP,seq_18,1,0.59369135,-1.2304095
Mistral-Prot,UMAP,seq_19,1,0.54274523,-1.1639644
Mistral-Prot,UMAP,seq_20,1,0.49348402,-1.1473134
Mistral-Prot,UMAP,seq_21,1,7.6244783,2.4698076
Mistral-Prot,UMAP,seq_22,1,7.6473722,2.3273644
Mistral-Prot,UMAP,seq_23,1,7.7093334,2.3180103
Mistral-Prot,UMAP,seq_24,1,7.3924675,1.7675164
Mistral-Prot,UMAP,seq_25,1,8.836147,3.8911746
Mistral-Prot,UMAP,seq_26,1,0.20703782,0.792346
Mistral-Prot,UMAP,seq_27,1,0.20262462,0.7557138
Mistral-Prot,UMAP,seq_28,1,0.32230404,-0.6321193
Mistral-Prot,UMAP,seq_29,1,7.8645487,1.715401
Mistral-Prot,UMAP,seq_30,1,6.0333247,1.73495
Mistral-Prot,UMAP,seq_31,1,4.9224186,0.21617559
Mistral-Prot,UMAP,seq_32,1,2.3682816,0.72460765
Mistral-Prot,UMAP,seq_33,1,7.340325,0.9445999
Mistral-Prot,UMAP,seq_34,1,2.218492,0.43476307
Mistral-Prot,UMAP,seq_35,1,2.7610083,0.894175
Mistral-Prot,UMAP,seq_36,1,5.49318,0.25226435
Mistral-Prot,UMAP,seq_37,1,8.679929,3.7389777
Mistral-Prot,UMAP,seq_38,1,4.4279647,-0.3174895
Mistral-Prot,UMAP,seq_39,1,-0.32486582,0.11770192
Mistral-Prot,UMAP,seq_40,1,3.662249,1.0522542
Mistral-Prot,UMAP,seq_41,1,7.14353,0.93315697
Mistral-Prot,UMAP,seq_42,1,7.4812036,1.7689787
Mistral-Prot,UMAP,seq_43,1,7.5868816,2.3452444
Mistral-Prot,UMAP,seq_44,1,7.305959,2.3946042
Mistral-Prot,UMAP,seq_45,1,6.107267,1.7330232
Mistral-Prot,UMAP,seq_46,1,3.1664386,3.6274683
Mistral-Prot,UMAP,seq_47,1,5.197185,2.6540554
Mistral-Prot,UMAP,seq_48,1,5.0885468,2.7638946
Mistral-Prot,UMAP,seq_49,1,5.1876583,2.7232535
Mistral-Prot,UMAP,seq_50,1,7.7781,2.4026463
Mistral-Prot,UMAP,seq_51,1,8.802028,3.8862822
Mistral-Prot,UMAP,seq_52,1,1.7709457,-0.119951285
Mistral-Prot,UMAP,seq_53,1,1.8499178,-0.35097557
Mistral-Prot,UMAP,seq_54,1,1.3571879,0.39846578
Mistral-Prot,UMAP,seq_55,1,0.9896966,0.25426242
Mistral-Prot,UMAP,seq_56,1,0.97624695,-0.014688745
Mistral-Prot,UMAP,seq_57,1,-0.36530408,0.09465767
Mistral-Prot,UMAP,seq_58,1,0.799881,0.29510966
Mistral-Prot,UMAP,seq_59,1,1.5085336,0.066140346
Mistral-Prot,UMAP,seq_60,1,1.7188401,-0.02562502
Mistral-Prot,UMAP,seq_61,1,1.776907,-0.23439366
Mistral-Prot,UMAP,seq_62,1,1.866543,-0.42302245
Mistral-Prot,UMAP,seq_63,1,1.4876978,-0.08761807
Mistral-Prot,UMAP,seq_64,1,1.2749547,0.112993665
Mistral-Prot,UMAP,seq_65,1,1.4126655,0.07981747
Mistral-Prot,UMAP,seq_66,1,1.3674409,0.0017324833
Mistral-Prot,UMAP,seq_67,1,1.4672555,-0.10805911
Mistral-Prot,UMAP,seq_68,1,1.8233726,-0.3300132
Mistral-Prot,UMAP,seq_69,1,1.448585,-0.0299199
Mistral-Prot,UMAP,seq_70,1,1.553571,-0.0036318852
Mistral-Prot,UMAP,seq_71,1,1.6103197,0.08686515
Mistral-Prot,UMAP,seq_72,1,1.4580948,0.022866743
Mistral-Prot,UMAP,seq_73,1,1.9323491,-0.1940061
Mistral-Prot,UMAP,seq_74,1,1.9866446,-0.19180179
Mistral-Prot,UMAP,seq_75,1,1.9972491,-0.22050871
Mistral-Prot,UMAP,seq_76,1,1.5114113,0.031294808
Mistral-Prot,UMAP,seq_77,1,1.9141685,0.11702058
Mistral-Prot,UMAP,seq_78,1,1.8752334,-0.30313572
Mistral-Prot,UMAP,seq_79,1,1.6438837,0.01534635
Mistral-Prot,UMAP,seq_80,1,0.31873336,-0.295422
Mistral-Prot,UMAP,seq_81,1,1.0554869,0.18305968
Mistral-Prot,UMAP,seq_82,1,1.4001626,0.03699248
Mistral-Prot,UMAP,seq_83,1,1.3658524,0.13437763
Mistral-Prot,UMAP,seq_84,1,6.0383615,1.0621108
Mistral-Prot,UMAP,seq_85,1,0.23678662,-0.878306
Mistral-Prot,UMAP,seq_86,1,0.93466914,0.14153548
Mistral-Prot,UMAP,seq_87,1,1.7614888,-0.92722964
Mistral-Prot,UMAP,seq_88,1,1.4616082,0.06410182
Mistral-Prot,UMAP,seq_89,1,1.7845057,-1.1292713
Mistral-Prot,UMAP,seq_90,1,1.3605448,0.11809292
Mistral-Prot,UMAP,seq_91,1,1.3274889,0.051913764
Mistral-Prot,UMAP,seq_92,1,3.5279307,1.0794665
Mistral-Prot,UMAP,seq_93,1,0.62194824,0.30359012
Mistral-Prot,UMAP,seq_94,1,4.40362,-0.84350455
Mistral-Prot,UMAP,seq_95,1,0.9263664,0.3429919
Mistral-Prot,UMAP,seq_96,1,0.76389503,0.4381608
Mistral-Prot,UMAP,seq_97,1,-0.43165278,0.52291846
Mistral-Prot,UMAP,seq_98,1,-0.27317902,0.636994
Mistral-Prot,UMAP,seq_99,1,0.43415445,0.17626289
Mistral-Prot,UMAP,seq_100,1,0.29521155,-0.6397612
Mistral-Prot,UMAP,seq_101,1,1.9990191,0.9196495
Mistral-Prot,UMAP,seq_102,1,4.0171075,0.28180918
Mistral-Prot,UMAP,seq_103,1,1.1750848,0.58022416
Mistral-Prot,UMAP,seq_104,1,4.322351,3.0998263
Mistral-Prot,UMAP,seq_105,1,4.5823493,3.0707264
Mistral-Prot,UMAP,seq_106,1,4.4865556,2.9241676
Mistral-Prot,UMAP,seq_107,1,5.0199857,-2.5202467
Mistral-Prot,UMAP,seq_108,1,5.9218955,-0.8721628
Mistral-Prot,UMAP,seq_109,1,5.4597435,-0.6701555
Mistral-Prot,UMAP,seq_110,1,-1.1338062,0.25786173
Mistral-Prot,UMAP,seq_111,1,-1.1446447,0.33097076
Mistral-Prot,UMAP,seq_112,1,-0.5875523,0.7873372
Mistral-Prot,UMAP,seq_113,1,0.35294873,0.7088797
Mistral-Prot,UMAP,seq_114,1,8.680778,3.7378187
Mistral-Prot,UMAP,seq_115,1,0.039490163,-0.0445503
Mistral-Prot,UMAP,seq_116,1,0.7677128,0.29548532
Mistral-Prot,UMAP,seq_117,1,-0.4149671,0.19491614
Mistral-Prot,UMAP,seq_118,1,-0.1659541,0.018203104
Mistral-Prot,UMAP,seq_119,1,0.35834512,-0.3050318
Mistral-Prot,UMAP,seq_120,1,0.19667111,1.0489686
Mistral-Prot,UMAP,seq_121,1,0.011623608,-0.1530275
Mistral-Prot,UMAP,seq_122,1,5.8619275,-0.79144967
Mistral-Prot,UMAP,seq_123,1,0.16984339,1.0221227
Mistral-Prot,UMAP,seq_124,1,0.049105313,0.902237
Mistral-Prot,UMAP,seq_125,1,6.4600086,0.2736911
Mistral-Prot,UMAP,seq_126,1,0.52595705,0.4049263
Mistral-Prot,UMAP,seq_127,1,2.7549121,-1.5008118
Mistral-Prot,UMAP,seq_128,1,4.121394,2.8351448
Mistral-Prot,UMAP,seq_129,1,2.393112,0.11373645
Mistral-Prot,UMAP,seq_130,1,0.15477371,1.0268124
Mistral-Prot,UMAP,seq_131,1,0.16832589,0.85111195
Mistral-Prot,UMAP,seq_132,1,2.058352,0.26116797
Mistral-Prot,UMAP,seq_133,1,2.7179549,1.9902089
Mistral-Prot,UMAP,seq_134,1,0.019481828,-0.6417593
Mistral-Prot,UMAP,seq_135,1,2.0804417,0.977213
Mistral-Prot,UMAP,seq_136,1,2.3049161,2.225376
Mistral-Prot,UMAP,seq_137,1,4.561793,-1.798808
Mistral-Prot,UMAP,seq_138,1,6.1838074,0.6801678
Mistral-Prot,UMAP,seq_139,1,1.9243526,1.5564264
Mistral-Prot,UMAP,seq_140,1,1.8675077,1.3373518
Mistral-Prot,UMAP,seq_141,1,3.2248566,0.6901851
Mistral-Prot,UMAP,seq_142,1,-0.16482042,0.37603402
Mistral-Prot,UMAP,seq_143,1,2.1351166,0.1404709
Mistral-Prot,UMAP,seq_144,1,3.8065038,-2.259557
Mistral-Prot,UMAP,seq_145,1,0.66502464,-1.4262457
Mistral-Prot,UMAP,seq_146,1,1.120726,-1.602287
Mistral-Prot,UMAP,seq_147,1,3.8829844,-2.8756988
Mistral-Prot,UMAP,seq_148,1,1.1939678,0.4568515
Mistral-Prot,UMAP,seq_149,1,-0.6763374,0.09347866
Mistral-Prot,UMAP,seq_150,1,3.0923064,1.8989033
Mistral-Prot,UMAP,seq_151,1,5.466288,-1.0109601
Mistral-Prot,UMAP,seq_152,1,4.196078,2.8661017
Mistral-Prot,UMAP,seq_153,1,2.6303515,3.628649
Mistral-Prot,UMAP,seq_154,1,2.4723542,3.6629715
Mistral-Prot,UMAP,seq_155,1,5.2259264,0.68557674
Mistral-Prot,UMAP,seq_156,1,4.1953573,0.33023262
Mistral-Prot,UMAP,seq_157,1,2.714412,-1.553526
Mistral-Prot,UMAP,seq_158,1,0.40214905,0.5004657
Mistral-Prot,UMAP,seq_159,1,2.3106182,1.4271581
Mistral-Prot,UMAP,seq_160,1,3.0664623,1.8285174
Mistral-Prot,UMAP,seq_161,1,2.8578143,2.0325036
Mistral-Prot,UMAP,seq_162,1,4.0919905,0.12511283
Mistral-Prot,UMAP,seq_163,1,7.4891157,1.8921129
Mistral-Prot,UMAP,seq_164,1,7.437163,2.6232426
Mistral-Prot,UMAP,seq_165,1,6.9430413,1.0283843
Mistral-Prot,UMAP,seq_166,1,2.9415293,4.124782
Mistral-Prot,UMAP,seq_167,1,1.6581928,0.8269754
Mistral-Prot,UMAP,seq_168,1,3.8373158,1.8107
Mistral-Prot,UMAP,seq_169,1,3.6643374,-1.1614872
Mistral-Prot,UMAP,seq_170,1,2.9062874,4.066716
Mistral-Prot,UMAP,seq_171,1,2.9837375,4.10706
Mistral-Prot,UMAP,seq_172,1,2.9776144,4.1134744
Mistral-Prot,UMAP,seq_173,1,2.9144917,4.0558796
Mistral-Prot,UMAP,seq_174,1,2.9922273,4.0769787
Mistral-Prot,UMAP,seq_175,1,3.0368657,4.1654
Mistral-Prot,UMAP,seq_176,1,3.3506567,0.5266265
Mistral-Prot,UMAP,seq_177,1,6.6033773,0.06879371
Mistral-Prot,UMAP,seq_178,1,3.475009,-2.0971472
Mistral-Prot,UMAP,seq_179,1,4.3562913,-0.19383094
Mistral-Prot,UMAP,seq_180,1,0.9213432,-1.2962421
Mistral-Prot,UMAP,seq_181,1,2.8832927,0.39561874
Mistral-Prot,UMAP,seq_182,1,5.1323566,-1.3154292
Mistral-Prot,UMAP,seq_183,1,4.551314,1.7757903
Mistral-Prot,UMAP,seq_184,1,5.2789083,1.7002274
Mistral-Prot,UMAP,seq_185,1,3.8202195,-0.69797254
Mistral-Prot,UMAP,seq_186,1,3.771922,1.0940835
Mistral-Prot,UMAP,seq_187,1,5.2351475,1.5709862
Mistral-Prot,UMAP,seq_188,1,5.344879,1.4768555
Mistral-Prot,UMAP,seq_189,1,3.7139764,0.14452781
Mistral-Prot,UMAP,seq_190,1,3.018213,1.4615982
Mistral-Prot,UMAP,seq_191,1,3.4449837,1.249897
Mistral-Prot,UMAP,seq_192,1,4.9356976,0.6487596
Mistral-Prot,UMAP,seq_193,1,2.7672253,2.5677469
Mistral-Prot,UMAP,seq_194,1,2.7606573,2.5951738
Mistral-Prot,UMAP,seq_195,1,7.3514338,1.8643543
Mistral-Prot,UMAP,seq_196,1,6.1342044,0.49151263
Mistral-Prot,UMAP,seq_197,1,6.342469,0.67684567
Mistral-Prot,UMAP,seq_198,1,3.7117844,1.7964216
Mistral-Prot,UMAP,seq_199,1,2.5038636,0.52537304
Mistral-Prot,UMAP,seq_200,1,3.2497678,0.85812616
Mistral-Prot,UMAP,seq_201,1,4.418851,-3.2872417
Mistral-Prot,UMAP,seq_202,1,4.334291,-3.306497
Mistral-Prot,UMAP,seq_203,1,4.438693,-3.295136
Mistral-Prot,UMAP,seq_204,1,4.453633,-3.3124008
Mistral-Prot,UMAP,seq_205,1,2.4726233,2.460365
Mistral-Prot,UMAP,seq_206,1,2.576215,2.6377718
Mistral-Prot,UMAP,seq_207,1,2.5260699,2.5473733
Mistral-Prot,UMAP,seq_208,1,2.4297435,2.4859936
Mistral-Prot,UMAP,seq_209,1,2.4268694,2.417817
Mistral-Prot,UMAP,seq_210,1,3.9574585,2.8990042
Mistral-Prot,UMAP,seq_211,1,-0.2800485,-0.18536073
Mistral-Prot,UMAP,seq_212,1,6.203508,-1.1064743
Mistral-Prot,UMAP,seq_213,1,4.470656,1.405865
Mistral-Prot,UMAP,seq_214,1,2.6206257,-0.94867533
Mistral-Prot,UMAP,seq_215,1,2.4275029,-1.0120261
Mistral-Prot,UMAP,seq_216,1,-0.7652179,-0.04122233
Mistral-Prot,UMAP,seq_217,1,4.1957293,2.8141623
Mistral-Prot,UMAP,seq_218,1,5.3437486,-0.9890177
Mistral-Prot,UMAP,seq_219,1,4.1797585,0.382296
Mistral-Prot,UMAP,seq_220,1,2.0355487,0.86228687
Mistral-Prot,UMAP,seq_221,1,2.796338,0.51390964
Mistral-Prot,UMAP,seq_222,1,-0.21473423,0.8849954
Mistral-Prot,UMAP,seq_223,1,6.0745683,0.09548121
Mistral-Prot,UMAP,seq_224,1,2.514105,0.9542123
Mistral-Prot,UMAP,seq_225,1,2.870793,4.1201506
Mistral-Prot,UMAP,seq_226,1,2.9066427,4.1414695
Mistral-Prot,UMAP,seq_227,1,2.9332042,4.1057696
Mistral-Prot,UMAP,seq_228,1,2.8480875,4.0672617
Mistral-Prot,UMAP,seq_229,1,2.8882527,4.1137314
Mistral-Prot,UMAP,seq_230,1,2.8640063,4.052012
Mistral-Prot,UMAP,seq_231,1,2.9096115,4.149487
Mistral-Prot,UMAP,seq_232,1,2.88081,4.154926
Mistral-Prot,UMAP,seq_233,1,2.8609917,4.1290326
Mistral-Prot,UMAP,seq_234,1,3.0064137,4.0365157
Mistral-Prot,UMAP,seq_235,1,-1.1520878,0.32000744
Mistral-Prot,UMAP,seq_236,1,3.0131984,4.102144
Mistral-Prot,UMAP,seq_237,1,5.5120873,-1.0883808
Mistral-Prot,UMAP,seq_238,1,3.1757717,2.2818687
Mistral-Prot,UMAP,seq_239,1,2.801086,3.2423525
Mistral-Prot,UMAP,seq_240,1,2.9941883,4.116521
Mistral-Prot,UMAP,seq_241,1,5.6082006,0.30526376
Mistral-Prot,UMAP,seq_242,1,2.1514328,3.263427
Mistral-Prot,UMAP,seq_243,1,1.723446,1.5946982
Mistral-Prot,UMAP,seq_244,1,1.1604698,0.8656068
Mistral-Prot,UMAP,seq_245,1,1.0992409,0.9639629
Mistral-Prot,UMAP,seq_246,1,4.367804,0.60961574
Mistral-Prot,UMAP,seq_247,1,0.79227805,0.058267675
Mistral-Prot,UMAP,seq_248,1,7.4163036,1.9007587
Mistral-Prot,UMAP,seq_249,1,8.315443,2.2833333
Mistral-Prot,UMAP,seq_250,1,7.9945226,2.6717958
Mistral-Prot,UMAP,seq_251,1,7.4335546,1.7799121
Mistral-Prot,UMAP,seq_252,1,7.5850515,1.8204374
Mistral-Prot,UMAP,seq_253,1,2.624165,-0.090959676
Mistral-Prot,UMAP,seq_254,1,7.0963893,-0.06864085
Mistral-Prot,UMAP,seq_255,1,3.6668158,-0.36004427
Mistral-Prot,UMAP,seq_256,1,3.7064476,-0.17249042
Mistral-Prot,UMAP,seq_257,1,0.14109764,0.11726052
Mistral-Prot,UMAP,seq_258,1,-0.063842654,0.13259971
Mistral-Prot,UMAP,seq_259,1,2.3151774,3.5934803
Mistral-Prot,UMAP,seq_260,1,1.808667,-0.5504666
Mistral-Prot,UMAP,seq_261,1,6.662252,-0.59396714
Mistral-Prot,UMAP,seq_262,1,4.802608,-2.6848412
Mistral-Prot,UMAP,seq_263,1,5.0217204,-2.4600458
Mistral-Prot,UMAP,seq_264,1,4.9274955,-2.5336304
Mistral-Prot,UMAP,seq_265,1,5.07728,-1.8766991
Mistral-Prot,UMAP,seq_266,1,5.178646,-0.84970474
Mistral-Prot,UMAP,seq_267,1,5.271522,0.08035496
Mistral-Prot,UMAP,seq_268,1,4.545768,-0.19102459
Mistral-Prot,UMAP,seq_269,1,8.833445,3.923594
Mistral-Prot,UMAP,seq_270,1,5.188849,0.60564834
Mistral-Prot,UMAP,seq_271,1,0.33961532,0.5927797
Mistral-Prot,UMAP,seq_272,1,3.4608567,-0.22597846
Mistral-Prot,UMAP,seq_273,1,6.276188,-0.42587534
Mistral-Prot,UMAP,seq_274,1,2.0195155,-0.0766205
Mistral-Prot,UMAP,seq_275,1,1.4969623,1.3535174
Mistral-Prot,UMAP,seq_276,1,1.0952079,0.82635903
Mistral-Prot,UMAP,seq_277,1,6.208672,0.076993085
Mistral-Prot,UMAP,seq_278,1,4.5220037,0.588542
Mistral-Prot,UMAP,seq_279,1,4.2562637,0.6877234
Mistral-Prot,UMAP,seq_280,1,4.0076184,0.75672114
Mistral-Prot,UMAP,seq_281,1,3.1487257,-0.38503262
Mistral-Prot,UMAP,seq_282,1,3.4745371,-1.0994742
Mistral-Prot,UMAP,seq_283,1,4.897565,-0.2671093
Mistral-Prot,UMAP,seq_284,1,1.7564533,0.9292147
Mistral-Prot,UMAP,seq_285,1,3.1096263,0.2014153
Mistral-Prot,UMAP,seq_286,1,3.3133175,0.8427175
Mistral-Prot,UMAP,seq_287,1,4.7104435,1.9497683
Mistral-Prot,UMAP,seq_288,1,4.06721,-0.39734948
Mistral-Prot,UMAP,seq_289,1,3.952976,-0.29074797
Mistral-Prot,UMAP,seq_290,1,4.199358,-0.23961999
Mistral-Prot,UMAP,seq_291,1,4.082185,-0.45042184
Mistral-Prot,UMAP,seq_292,1,4.1537676,-0.35869285
Mistral-Prot,UMAP,seq_293,1,5.649833,-0.38876647
Mistral-Prot,UMAP,seq_294,1,0.9083118,0.8353898
Mistral-Prot,UMAP,seq_295,1,3.623493,2.2879713
Mistral-Prot,UMAP,seq_296,1,3.4960313,2.1298256
Mistral-Prot,UMAP,seq_297,1,7.52514,2.2139716
Mistral-Prot,UMAP,seq_298,1,7.473435,2.1966066
Mistral-Prot,UMAP,seq_299,1,6.566247,1.4590107
Mistral-Prot,UMAP,seq_300,1,5.34898,-1.9918972
Mistral-Prot,UMAP,seq_301,1,5.354027,-1.6702471
Mistral-Prot,UMAP,seq_302,1,5.3826075,-1.6919788
Mistral-Prot,UMAP,seq_303,1,3.0344465,-0.85929316
Mistral-Prot,UMAP,seq_304,1,2.631094,3.286292
Mistral-Prot,UMAP,seq_305,1,1.1492187,0.7013368
Mistral-Prot,UMAP,seq_306,1,7.037401,1.4009224
Mistral-Prot,UMAP,seq_307,1,3.9012167,3.070686
Mistral-Prot,UMAP,seq_308,1,6.1918707,-0.24186507
Mistral-Prot,UMAP,seq_309,1,6.175215,-0.19629559
Mistral-Prot,UMAP,seq_310,1,5.194786,0.23137915
Mistral-Prot,UMAP,seq_311,1,6.4561453,-1.0120078
Mistral-Prot,UMAP,seq_312,1,7.743957,2.3715672
Mistral-Prot,UMAP,seq_313,1,7.6358566,2.4032989
Mistral-Prot,UMAP,seq_314,1,4.7155237,0.9139688
Mistral-Prot,UMAP,seq_315,1,4.7583275,-1.117804
Mistral-Prot,UMAP,seq_316,1,0.8272021,0.1625855
Mistral-Prot,UMAP,seq_317,1,2.8768678,-1.3904074
Mistral-Prot,UMAP,seq_318,1,3.4330802,-1.0402869
Mistral-Prot,UMAP,seq_319,1,7.5547233,2.2796988
Mistral-Prot,UMAP,seq_320,1,2.2329254,-0.5319659
Mistral-Prot,UMAP,seq_321,1,6.7851906,1.4648117
Mistral-Prot,UMAP,seq_322,1,7.437748,2.6315806
Mistral-Prot,UMAP,seq_323,1,6.4485054,0.35595468
Mistral-Prot,UMAP,seq_324,1,4.9334345,0.9919395
Mistral-Prot,UMAP,seq_325,1,2.4376917,3.6444108
Mistral-Prot,UMAP,seq_326,1,2.459143,3.6632347
Mistral-Prot,UMAP,seq_327,1,2.4282637,3.7642365
Mistral-Prot,UMAP,seq_328,1,-0.32970327,0.83841664
Mistral-Prot,UMAP,seq_329,1,-0.42303512,0.8753189
Mistral-Prot,UMAP,seq_330,1,-0.49718973,0.7978497
Mistral-Prot,UMAP,seq_331,1,2.3615062,3.6613092
Mistral-Prot,UMAP,seq_332,1,4.505378,-1.0705487
Mistral-Prot,UMAP,seq_333,1,-0.68014926,0.36931267
Mistral-Prot,UMAP,seq_334,1,-0.69330484,0.569876
Mistral-Prot,UMAP,seq_335,1,0.5395068,-1.1241596
Mistral-Prot,UMAP,seq_336,1,0.24474026,0.6069188
Mistral-Prot,UMAP,seq_337,1,1.5904325,0.64849776
Mistral-Prot,UMAP,seq_338,1,1.5333992,0.5402062
Mistral-Prot,UMAP,seq_339,1,7.1741347,-0.06115853
Mistral-Prot,UMAP,seq_340,1,5.1570306,-1.1987382
Mistral-Prot,UMAP,seq_341,1,5.152625,-1.3150767
Mistral-Prot,UMAP,seq_342,1,5.1781387,-1.2665018
Mistral-Prot,UMAP,seq_343,1,0.6824558,0.27841738
Mistral-Prot,UMAP,seq_344,1,-0.39618933,0.7298557
Mistral-Prot,UMAP,seq_345,1,0.019090649,-1.2103091
Mistral-Prot,UMAP,seq_346,1,1.4346744,-0.066983856
Mistral-Prot,UMAP,seq_347,1,0.8680932,0.50216216
Mistral-Prot,UMAP,seq_348,1,0.7817902,0.5678894
Mistral-Prot,UMAP,seq_349,1,4.6549244,-0.04874891
Mistral-Prot,UMAP,seq_350,1,1.6505508,1.0525954
Mistral-Prot,UMAP,seq_351,1,8.720502,3.7865572
Mistral-Prot,UMAP,seq_352,1,4.2824507,0.46984932
Mistral-Prot,UMAP,seq_353,1,-0.31445843,0.6507436
Mistral-Prot,UMAP,seq_354,1,0.47045496,0.09722015
Mistral-Prot,UMAP,seq_355,1,4.9770126,1.9358944
Mistral-Prot,UMAP,seq_356,1,0.5398371,-0.4370742
Mistral-Prot,UMAP,seq_357,1,6.920751,0.02436092
Mistral-Prot,UMAP,seq_358,1,7.2816334,1.3640712
Mistral-Prot,UMAP,seq_359,1,7.9345617,2.6700783
Mistral-Prot,UMAP,seq_360,1,0.28165713,-0.388336
Mistral-Prot,UMAP,seq_361,1,-0.32490894,0.22299758
Mistral-Prot,UMAP,seq_362,1,7.337745,1.3910463
Mistral-Prot,UMAP,seq_363,1,7.66085,1.94681
Mistral-Prot,UMAP,seq_364,1,7.134952,0.60965335
Mistral-Prot,UMAP,seq_365,1,7.1514816,0.8756058
Mistral-Prot,UMAP,seq_366,1,7.525301,1.4524517
Mistral-Prot,UMAP,seq_367,1,7.488882,1.5999553
Mistral-Prot,UMAP,seq_368,1,7.5077214,1.5134091
Mistral-Prot,UMAP,seq_369,1,7.091973,1.9983557
Mistral-Prot,UMAP,seq_370,1,7.1040707,1.908799
Mistral-Prot,UMAP,seq_371,1,7.173933,1.0503799
Mistral-Prot,UMAP,seq_372,1,4.0704303,0.6080445
Mistral-Prot,UMAP,seq_373,1,6.773786,0.9754291
Mistral-Prot,UMAP,seq_374,1,6.738041,0.97210264
Mistral-Prot,UMAP,seq_375,1,8.147729,2.8484461
Mistral-Prot,UMAP,seq_376,1,4.777827,-0.045226503
Mistral-Prot,UMAP,seq_377,1,1.7961376,0.42984888
Mistral-Prot,UMAP,seq_378,1,4.7528872,2.356175
Mistral-Prot,UMAP,seq_379,1,4.9958186,-0.23656584
Mistral-Prot,UMAP,seq_380,1,4.705212,0.7822702
Mistral-Prot,UMAP,seq_381,1,-1.1943907,0.47940078
Mistral-Prot,UMAP,seq_382,1,5.0898705,1.8765348
Mistral-Prot,UMAP,seq_383,1,5.8664703,0.8563234
Mistral-Prot,UMAP,seq_384,1,5.688652,0.8543159
Mistral-Prot,UMAP,seq_385,1,4.614793,-0.33089498
Mistral-Prot,UMAP,seq_386,1,1.0193287,-1.5152301
Mistral-Prot,UMAP,seq_387,1,3.9831202,1.7291819
Mistral-Prot,UMAP,seq_388,1,2.7242475,2.9938614
Mistral-Prot,UMAP,seq_389,1,3.3443577,-0.27562222
Mistral-Prot,UMAP,seq_390,1,2.5974777,-1.3684692
Mistral-Prot,UMAP,seq_391,1,0.79966,-0.2676624
Mistral-Prot,UMAP,seq_392,1,2.8311245,4.2045155
Mistral-Prot,UMAP,seq_393,1,2.147781,3.1482935
Mistral-Prot,UMAP,seq_394,1,5.662611,-0.13447623
Mistral-Prot,UMAP,seq_395,1,6.2886467,1.3688898
Mistral-Prot,UMAP,seq_396,1,1.2979832,1.1615067
Mistral-Prot,UMAP,seq_397,1,5.8907437,0.22268748
Mistral-Prot,UMAP,seq_398,1,5.8160634,0.69957405
Mistral-Prot,UMAP,seq_399,1,5.3278384,1.8708808
Mistral-Prot,UMAP,seq_400,1,6.516624,0.35308725
Mistral-Prot,UMAP,seq_401,1,6.5885677,0.2627794
Mistral-Prot,UMAP,seq_402,1,6.594021,0.30281684
Mistral-Prot,UMAP,seq_403,1,6.526669,0.3640255
Mistral-Prot,UMAP,seq_404,1,6.5983667,0.32690543
Mistral-Prot,UMAP,seq_405,1,4.8056145,0.807765
Mistral-Prot,UMAP,seq_406,1,4.581339,0.88763314
Mistral-Prot,UMAP,seq_407,1,1.3664131,0.8641856
Mistral-Prot,UMAP,seq_408,1,2.3670235,0.85054696
Mistral-Prot,UMAP,seq_409,1,3.6132934,-0.44972914
Mistral-Prot,UMAP,seq_410,1,5.295243,-0.23589717
Mistral-Prot,UMAP,seq_411,1,2.0445156,-1.0935088
Mistral-Prot,UMAP,seq_412,1,1.8115492,-0.017337337
Mistral-Prot,UMAP,seq_413,1,2.7422185,0.62977296
Mistral-Prot,UMAP,seq_414,1,2.5625641,0.76620305
Mistral-Prot,UMAP,seq_415,1,5.2719545,0.2498083
Mistral-Prot,UMAP,seq_416,1,5.9422717,0.37192404
Mistral-Prot,UMAP,seq_417,1,7.7047353,2.3611848
Mistral-Prot,UMAP,seq_418,1,5.1265283,0.4469466
Mistral-Prot,UMAP,seq_419,1,1.4270786,1.5575186
Mistral-Prot,UMAP,seq_420,1,1.641463,1.7321798
Mistral-Prot,UMAP,seq_421,1,2.4041505,-0.3777613
Mistral-Prot,UMAP,seq_422,1,1.6101866,-0.91422814
Mistral-Prot,UMAP,seq_423,1,1.5477496,0.31809622
Mistral-Prot,UMAP,seq_424,1,4.052006,2.6857722
Mistral-Prot,UMAP,seq_425,1,2.0570111,0.9201776
Mistral-Prot,UMAP,seq_426,1,3.4930665,1.485973
Mistral-Prot,UMAP,seq_427,1,4.497558,1.2807738
Mistral-Prot,UMAP,seq_428,1,5.9330535,-0.38270032
Mistral-Prot,UMAP,seq_429,1,-0.20209618,-0.018041478
Mistral-Prot,UMAP,seq_430,1,-0.25374007,0.005154579
Mistral-Prot,UMAP,seq_431,1,-0.26342598,0.053823832
Mistral-Prot,UMAP,seq_432,1,8.02981,1.8327631
Mistral-Prot,UMAP,seq_433,1,6.7864456,0.85214996
Mistral-Prot,UMAP,seq_434,1,4.1272635,2.8442137
Mistral-Prot,UMAP,seq_435,1,2.8911932,2.9783556
Mistral-Prot,UMAP,seq_436,1,1.4800469,-0.29260486
Mistral-Prot,UMAP,seq_437,1,0.1634326,-0.54209566
Mistral-Prot,UMAP,seq_438,1,-0.5703528,0.16212584
Mistral-Prot,UMAP,seq_439,1,-0.90931183,0.41939965
Mistral-Prot,UMAP,seq_440,1,3.4832072,-1.1780057
Mistral-Prot,UMAP,seq_441,1,2.9075837,1.2602199
Mistral-Prot,UMAP,seq_442,1,1.665718,0.3919978
Mistral-Prot,UMAP,seq_443,1,1.948933,1.2557871
Mistral-Prot,UMAP,seq_444,1,7.7009087,2.417292
Mistral-Prot,UMAP,seq_445,1,3.3449857,1.9692127
Mistral-Prot,UMAP,seq_446,1,5.333609,0.54008603
Mistral-Prot,UMAP,seq_447,1,7.0387535,1.92018
Mistral-Prot,UMAP,seq_448,1,0.8601311,-1.3478035
Mistral-Prot,UMAP,seq_449,1,1.1863755,0.21879847
Mistral-Prot,UMAP,seq_450,1,2.7689033,-1.3950491
Mistral-Prot,UMAP,seq_451,1,7.318556,2.51677
Mistral-Prot,UMAP,seq_452,1,2.4962742,2.2323415
Mistral-Prot,UMAP,seq_453,1,5.5297346,1.0516196
Mistral-Prot,UMAP,seq_454,1,1.9016914,0.8860333
Mistral-Prot,UMAP,seq_455,1,1.8422571,-0.11373717
Mistral-Prot,UMAP,seq_456,1,6.278456,0.14976048
Mistral-Prot,UMAP,seq_457,1,4.3467684,-2.5698764
Mistral-Prot,UMAP,seq_458,1,2.2574825,-0.7909879
Mistral-Prot,UMAP,seq_459,1,2.064068,-0.4307515
Mistral-Prot,UMAP,seq_460,1,5.0354834,0.72970027
Mistral-Prot,UMAP,seq_461,1,4.6636834,0.74279493
Mistral-Prot,UMAP,seq_462,1,6.0647926,0.3930623
Mistral-Prot,UMAP,seq_463,1,6.166343,1.1197597
Mistral-Prot,UMAP,seq_464,1,6.0485406,1.010806
Mistral-Prot,UMAP,seq_465,1,8.117762,2.8287237
Mistral-Prot,UMAP,seq_466,1,8.13846,2.8365123
Mistral-Prot,UMAP,seq_467,1,8.139523,2.8379793
Mistral-Prot,UMAP,seq_468,1,5.6174417,-2.1669276
Mistral-Prot,UMAP,seq_469,1,5.6899667,-2.2248244
Mistral-Prot,UMAP,seq_470,1,5.5479403,-2.124807
Mistral-Prot,UMAP,seq_471,1,5.5029874,-2.1625059
Mistral-Prot,UMAP,seq_472,1,6.370985,1.0234149
Mistral-Prot,UMAP,seq_473,1,6.367841,0.790234
Mistral-Prot,UMAP,seq_474,1,2.920417,3.884297
Mistral-Prot,UMAP,seq_475,1,4.067456,2.6930315
Mistral-Prot,UMAP,seq_476,1,2.4098985,-1.0517609
Mistral-Prot,UMAP,seq_477,1,7.278214,2.7111595
Mistral-Prot,UMAP,seq_478,1,0.8009115,-0.5012705
Mistral-Prot,UMAP,seq_479,1,2.6960876,2.9296272
Mistral-Prot,UMAP,seq_480,1,6.838553,1.8257277
Mistral-Prot,UMAP,seq_481,1,7.1801066,1.9281235
Mistral-Prot,UMAP,seq_482,1,7.3287344,1.9714472
Mistral-Prot,UMAP,seq_483,1,-0.49184933,1.0669185
Mistral-Prot,UMAP,seq_484,1,1.298029,-0.8385571
Mistral-Prot,UMAP,seq_485,1,7.2513704,-0.06499071
Mistral-Prot,UMAP,seq_486,1,7.317223,-0.017673783
Mistral-Prot,UMAP,seq_487,1,7.321419,-0.13279593
Mistral-Prot,UMAP,seq_488,1,2.0959108,1.9591049
Mistral-Prot,UMAP,seq_489,1,4.215532,3.5985
Mistral-Prot,UMAP,seq_490,1,3.1914048,2.6153266
Mistral-Prot,UMAP,seq_491,1,2.6394482,2.0722647
Mistral-Prot,UMAP,seq_492,1,1.8132493,1.0898528
Mistral-Prot,UMAP,seq_493,1,8.665055,3.6968079
Mistral-Prot,UMAP,seq_494,1,0.8807274,0.19138853
Mistral-Prot,UMAP,seq_495,1,2.9541798,2.8841126
Mistral-Prot,UMAP,seq_496,1,2.9104218,2.9098878
Mistral-Prot,UMAP,seq_497,1,0.027236661,-0.14649554
Mistral-Prot,UMAP,seq_498,1,3.5060666,0.39034164
Mistral-Prot,UMAP,seq_499,1,1.0847275,-1.2000892
Mistral-Prot,UMAP,seq_500,1,-0.15366638,0.13442627
Mistral-Prot,UMAP,seq_501,1,8.196638,2.1580443
Mistral-Prot,UMAP,seq_502,1,5.69313,-0.012609062
Mistral-Prot,UMAP,seq_503,1,4.3264465,1.0827463
Mistral-Prot,UMAP,seq_504,1,2.4036937,-0.082737595
Mistral-Prot,UMAP,seq_505,1,2.5168178,-0.06359179
Mistral-Prot,UMAP,seq_506,1,2.4332142,-0.06869851
Mistral-Prot,UMAP,seq_507,1,2.443892,-0.00815848
Mistral-Prot,UMAP,seq_508,1,2.403973,-0.046131466
Mistral-Prot,UMAP,seq_509,1,2.237265,0.038412847
Mistral-Prot,UMAP,seq_510,1,2.2214231,0.017748715
Mistral-Prot,UMAP,seq_511,1,5.333607,0.48601395
Mistral-Prot,UMAP,seq_512,1,3.112211,-0.74681336
Mistral-Prot,UMAP,seq_513,1,2.2555814,0.06782289
Mistral-Prot,UMAP,seq_514,1,4.0321317,0.45955423
Mistral-Prot,UMAP,seq_515,1,4.418625,1.7099866
Mistral-Prot,UMAP,seq_516,1,4.4040947,1.7211404
Mistral-Prot,UMAP,seq_517,1,3.7566452,2.7700546
Mistral-Prot,UMAP,seq_518,1,4.8562646,1.1757276
Mistral-Prot,UMAP,seq_519,1,4.5066175,1.561513
Mistral-Prot,UMAP,seq_520,1,1.3749856,0.45534104
Mistral-Prot,UMAP,seq_521,1,1.3417354,0.40466496
Mistral-Prot,UMAP,seq_522,1,6.8245397,1.2252647
Mistral-Prot,UMAP,seq_523,1,1.5292279,0.11554219
Mistral-Prot,UMAP,seq_524,1,3.2311146,-0.31167886
Mistral-Prot,UMAP,seq_525,1,7.6836243,1.7866775
Mistral-Prot,UMAP,seq_526,1,7.6858,1.7046989
Mistral-Prot,UMAP,seq_527,1,7.6894207,1.8625833
Mistral-Prot,UMAP,seq_528,1,7.7195067,1.7990255
Mistral-Prot,UMAP,seq_529,1,7.7515364,1.8067349
Mistral-Prot,UMAP,seq_530,1,7.7312684,1.7987
Mistral-Prot,UMAP,seq_531,1,7.719896,1.9088415
Mistral-Prot,UMAP,seq_532,1,7.3441515,1.5467968
Mistral-Prot,UMAP,seq_533,1,7.5770745,1.6948165
Mistral-Prot,UMAP,seq_534,1,3.0148869,1.7752573
Mistral-Prot,UMAP,seq_535,1,2.6225965,3.6482968
Mistral-Prot,UMAP,seq_536,1,2.7819273,3.450828
Mistral-Prot,UMAP,seq_537,1,3.060726,1.2593206
Mistral-Prot,UMAP,seq_538,1,2.290625,0.5306403
Mistral-Prot,UMAP,seq_539,1,2.400083,0.40315065
Mistral-Prot,UMAP,seq_540,1,2.958434,0.25164124
Mistral-Prot,UMAP,seq_541,1,2.1135564,-0.15682998
Mistral-Prot,UMAP,seq_542,1,3.9805682,1.6315879
Mistral-Prot,UMAP,seq_543,1,3.8359487,0.016292637
Mistral-Prot,UMAP,seq_544,1,2.6873608,0.047375664
Mistral-Prot,UMAP,seq_545,1,3.717091,1.2670039
Mistral-Prot,UMAP,seq_546,1,4.957436,0.7488236
Mistral-Prot,UMAP,seq_547,1,0.75788146,0.20015687
Mistral-Prot,UMAP,seq_548,1,4.647499,-0.13724536
Mistral-Prot,UMAP,seq_549,1,2.864566,0.94983035
Mistral-Prot,UMAP,seq_550,1,4.4484468,0.2066573
Mistral-Prot,UMAP,seq_551,1,4.2856274,-0.046202853
Mistral-Prot,UMAP,seq_552,1,-0.17492084,-0.68707556
Mistral-Prot,UMAP,seq_553,1,6.527197,0.077591866
Mistral-Prot,UMAP,seq_554,1,3.0386941,0.3907052
Mistral-Prot,UMAP,seq_555,1,0.04196716,1.1727314
Mistral-Prot,UMAP,seq_556,1,7.8493376,2.4893057
Mistral-Prot,UMAP,seq_557,1,5.187349,0.3442581
Mistral-Prot,UMAP,seq_558,1,5.2525516,0.33982384
Mistral-Prot,UMAP,seq_559,1,2.5783527,0.516181
Mistral-Prot,UMAP,seq_560,1,1.7381518,-0.8288742
Mistral-Prot,UMAP,seq_561,1,1.6562792,-0.94989437
Mistral-Prot,UMAP,seq_562,1,1.7803483,-0.94795436
Mistral-Prot,UMAP,seq_563,1,1.7079365,-0.9739647
Mistral-Prot,UMAP,seq_564,1,1.6704315,-0.9273309
Mistral-Prot,UMAP,seq_565,1,1.0132008,0.9483238
Mistral-Prot,UMAP,seq_566,1,7.9083486,1.746903
Mistral-Prot,UMAP,seq_567,1,0.69884074,-0.8663208
Mistral-Prot,UMAP,seq_568,1,7.3030505,2.7301095
Mistral-Prot,UMAP,seq_569,1,7.3686233,2.7338407
Mistral-Prot,UMAP,seq_570,1,8.300943,2.2929666
Mistral-Prot,UMAP,seq_571,1,8.402509,2.3461375
Mistral-Prot,UMAP,seq_572,1,8.395372,2.3207426
Mistral-Prot,UMAP,seq_573,1,8.344965,2.256639
Mistral-Prot,UMAP,seq_574,1,8.354734,2.2824833
Mistral-Prot,UMAP,seq_575,1,8.342497,2.3113658
Mistral-Prot,UMAP,seq_576,1,8.341019,2.3018441
Mistral-Prot,UMAP,seq_577,1,8.239061,2.1702855
Mistral-Prot,UMAP,seq_578,1,8.321857,2.258892
Mistral-Prot,UMAP,seq_579,1,7.097408,1.1873747
Mistral-Prot,UMAP,seq_580,1,7.028506,2.0549698
Mistral-Prot,UMAP,seq_581,1,7.4843698,2.24951
Mistral-Prot,UMAP,seq_582,1,7.5448523,2.3044262
Mistral-Prot,UMAP,seq_583,1,7.418631,2.0328345
Mistral-Prot,UMAP,seq_584,1,7.0361166,1.7023952
Mistral-Prot,UMAP,seq_585,1,7.0120068,1.7299905
Mistral-Prot,UMAP,seq_586,1,7.029148,1.702287
Mistral-Prot,UMAP,seq_587,1,7.2623086,1.6898196
Mistral-Prot,UMAP,seq_588,1,6.9963818,1.6469096
Mistral-Prot,UMAP,seq_589,1,7.134794,1.706626
Mistral-Prot,UMAP,seq_590,1,7.1391625,1.7904572
Mistral-Prot,UMAP,seq_591,1,6.972657,1.6151339
Mistral-Prot,UMAP,seq_592,1,8.129952,2.8214357
Mistral-Prot,UMAP,seq_593,1,8.170201,2.869445
Mistral-Prot,UMAP,seq_594,1,8.170789,2.892657
Mistral-Prot,UMAP,seq_595,1,8.1279,2.8583124
Mistral-Prot,UMAP,seq_596,1,8.340611,2.3092604
Mistral-Prot,UMAP,seq_597,1,8.345584,2.3130763
Mistral-Prot,UMAP,seq_598,1,7.647308,2.0121512
Mistral-Prot,UMAP,seq_599,1,7.3528495,2.6663208
Mistral-Prot,UMAP,seq_600,1,7.7571845,2.5542908
Mistral-Prot,UMAP,seq_601,1,7.24864,2.3581512
Mistral-Prot,UMAP,seq_602,1,7.2694273,2.352191
Mistral-Prot,UMAP,seq_603,1,7.253478,2.3369265
Mistral-Prot,UMAP,seq_604,1,7.2553005,2.3570068
Mistral-Prot,UMAP,seq_605,1,7.255036,2.3486607
Mistral-Prot,UMAP,seq_606,1,7.336403,2.4215288
Mistral-Prot,UMAP,seq_607,1,7.6817374,2.4945016
Mistral-Prot,UMAP,seq_608,1,8.37922,2.3104334
Mistral-Prot,UMAP,seq_609,1,8.375545,2.3112369
Mistral-Prot,UMAP,seq_610,1,8.768646,3.8400857
Mistral-Prot,UMAP,seq_611,1,7.244179,1.844195
Mistral-Prot,UMAP,seq_612,1,8.1357355,2.8252745
Mistral-Prot,UMAP,seq_613,1,7.120894,0.6816877
Mistral-Prot,UMAP,seq_614,1,7.5707674,2.3311949
Mistral-Prot,UMAP,seq_615,1,7.437121,2.0374138
Mistral-Prot,UMAP,seq_616,1,2.9255948,1.834163
Mistral-Prot,UMAP,seq_617,1,4.885233,2.9024134
Mistral-Prot,UMAP,seq_618,1,3.8220897,2.6973507
Mistral-Prot,UMAP,seq_619,1,2.7770536,-1.737026
Mistral-Prot,UMAP,seq_620,1,7.236401,0.22351195
Mistral-Prot,UMAP,seq_621,1,2.2853274,-1.1640853
Mistral-Prot,UMAP,seq_622,1,1.6480368,-1.2295501
Mistral-Prot,UMAP,seq_623,1,1.6190379,-1.186561
Mistral-Prot,UMAP,seq_624,1,1.3962188,-0.61510074
Mistral-Prot,UMAP,seq_625,1,7.997573,2.3766637
Mistral-Prot,UMAP,seq_626,1,7.8835196,2.5729642
Mistral-Prot,UMAP,seq_627,1,7.9089327,2.5470526
Mistral-Prot,UMAP,seq_628,1,2.0164537,-1.139752
Mistral-Prot,UMAP,seq_629,1,7.3355975,2.7346213
Mistral-Prot,UMAP,seq_630,1,7.7643404,2.5574179
Mistral-Prot,UMAP,seq_631,1,2.3960369,2.266328
Mistral-Prot,UMAP,seq_632,1,6.453132,1.062365
Mistral-Prot,UMAP,seq_633,1,7.6614013,2.3409262
Mistral-Prot,UMAP,seq_634,1,7.3290367,2.7802289
Mistral-Prot,UMAP,seq_635,1,7.5737944,2.410758
Mistral-Prot,UMAP,seq_636,1,7.151053,0.8835405
Mistral-Prot,UMAP,seq_637,1,7.4372907,1.581826
Mistral-Prot,UMAP,seq_638,1,7.142994,1.936184
Mistral-Prot,UMAP,seq_639,1,7.2620807,2.0108328
Mistral-Prot,UMAP,seq_640,1,7.735046,2.4619653
Mistral-Prot,UMAP,seq_641,1,7.505704,2.528146
Mistral-Prot,UMAP,seq_642,1,7.5223866,2.439703
Mistral-Prot,UMAP,seq_643,1,7.7773476,2.408773
Mistral-Prot,UMAP,seq_644,1,7.2526484,1.9151429
Mistral-Prot,UMAP,seq_645,1,6.918464,0.5294596
Mistral-Prot,UMAP,seq_646,1,7.209526,0.8099989
Mistral-Prot,UMAP,seq_647,1,7.1772013,0.6868066
Mistral-Prot,UMAP,seq_648,1,6.974968,1.8251424
Mistral-Prot,UMAP,seq_649,1,7.1753793,1.2119297
Mistral-Prot,UMAP,seq_650,1,7.310839,0.7972577
Mistral-Prot,UMAP,seq_651,1,7.0734563,1.2567875
Mistral-Prot,UMAP,seq_652,1,6.9270253,0.7632721
Mistral-Prot,UMAP,seq_653,1,7.142017,0.89708054
Mistral-Prot,UMAP,seq_654,1,7.269923,0.64439785
Mistral-Prot,UMAP,seq_655,1,7.2163043,1.3179699
Mistral-Prot,UMAP,seq_656,1,7.3522944,1.8006588
Mistral-Prot,UMAP,seq_657,1,7.22817,2.0146425
Mistral-Prot,UMAP,seq_658,1,7.252368,1.8963379
Mistral-Prot,UMAP,seq_659,1,7.449636,1.2654389
Mistral-Prot,UMAP,seq_660,1,6.714284,1.0208088
Mistral-Prot,UMAP,seq_661,1,7.109606,0.9335736
Mistral-Prot,UMAP,seq_662,1,7.0965657,0.96896034
Mistral-Prot,UMAP,seq_663,1,7.1299663,1.0062231
Mistral-Prot,UMAP,seq_664,1,7.0866585,1.9526882
Mistral-Prot,UMAP,seq_665,1,7.562954,1.4050909
Mistral-Prot,UMAP,seq_666,1,7.508684,1.5326433
Mistral-Prot,UMAP,seq_667,1,7.4937906,1.4180274
Mistral-Prot,UMAP,seq_668,1,7.510899,1.5638634
Mistral-Prot,UMAP,seq_669,1,7.479417,1.8621151
Mistral-Prot,UMAP,seq_670,1,7.9119368,2.5908716
Mistral-Prot,UMAP,seq_671,1,7.94133,2.533594
Mistral-Prot,UMAP,seq_672,1,7.783556,2.5025942
Mistral-Prot,UMAP,seq_673,1,7.7172775,2.5426016
Mistral-Prot,UMAP,seq_674,1,7.257201,1.4125371
Mistral-Prot,UMAP,seq_675,1,7.2145042,1.1494656
Mistral-Prot,UMAP,seq_676,1,7.2885876,1.2369573
Mistral-Prot,UMAP,seq_677,1,7.129651,1.9032562
Mistral-Prot,UMAP,seq_678,1,7.1091123,1.9912148
Mistral-Prot,UMAP,seq_679,1,7.1673765,2.0082858
Mistral-Prot,UMAP,seq_680,1,7.180847,1.0909302
Mistral-Prot,UMAP,seq_681,1,7.2103577,0.87440234
Mistral-Prot,UMAP,seq_682,1,7.238317,1.1215172
Mistral-Prot,UMAP,seq_683,1,7.1312265,1.0089635
Mistral-Prot,UMAP,seq_684,1,6.9324884,1.8620034
Mistral-Prot,UMAP,seq_685,1,6.583551,1.6917762
Mistral-Prot,UMAP,seq_686,1,6.7995005,1.5674335
Mistral-Prot,UMAP,seq_687,1,7.477235,2.6756291
Mistral-Prot,UMAP,seq_688,1,7.437845,2.6962824
Mistral-Prot,UMAP,seq_689,1,6.3590174,1.2292955
Mistral-Prot,UMAP,seq_690,1,7.326984,1.6357503
Mistral-Prot,UMAP,seq_691,1,2.2521021,1.2933308
Mistral-Prot,UMAP,seq_692,1,8.659199,3.719232
Mistral-Prot,UMAP,seq_693,1,8.654172,3.706263
Mistral-Prot,UMAP,seq_694,1,8.685602,3.733274
Mistral-Prot,UMAP,seq_695,1,8.067647,1.8593918
Mistral-Prot,UMAP,seq_696,1,8.098091,1.8753844
Mistral-Prot,UMAP,seq_697,1,8.727028,3.7907524
Mistral-Prot,UMAP,seq_698,1,8.102749,1.914834
Mistral-Prot,UMAP,seq_699,1,8.085243,1.9266878
Mistral-Prot,UMAP,seq_700,1,8.215064,2.183182
Mistral-Prot,UMAP,seq_701,1,8.219958,2.1496832
Mistral-Prot,UMAP,seq_702,1,8.28175,2.2361348
Mistral-Prot,UMAP,seq_703,1,8.048771,1.8795028
Mistral-Prot,UMAP,seq_704,1,8.060125,1.8392551
Mistral-Prot,UMAP,seq_705,1,8.795887,3.874267
Mistral-Prot,UMAP,seq_706,1,8.728414,3.7984111
Mistral-Prot,UMAP,seq_707,1,8.722932,3.7891986
Mistral-Prot,UMAP,seq_708,1,8.757275,3.8264785
Mistral-Prot,UMAP,seq_709,1,8.766111,3.8432765
Mistral-Prot,UMAP,seq_710,1,8.764581,3.8359845
Mistral-Prot,UMAP,seq_711,1,8.731238,3.791365
Mistral-Prot,UMAP,seq_712,1,8.766851,3.8441257
Mistral-Prot,UMAP,seq_713,1,7.219231,2.128225
Mistral-Prot,UMAP,seq_714,1,7.4292006,2.640551
Mistral-Prot,UMAP,seq_715,1,2.0918047,0.5461416
Mistral-Prot,UMAP,seq_716,1,4.9067764,2.8604488
Mistral-Prot,UMAP,seq_717,1,5.7336826,0.83904225
Mistral-Prot,UMAP,seq_718,1,3.1834898,-0.31816256
Mistral-Prot,UMAP,seq_719,1,3.8546689,-0.25225487
Mistral-Prot,UMAP,seq_720,1,7.2458253,-0.1253133
Mistral-Prot,UMAP,seq_721,1,7.287254,1.4041733
Mistral-Prot,UMAP,seq_722,1,7.21067,1.2945869
Mistral-Prot,UMAP,seq_723,1,7.176804,1.2118744
Mistral-Prot,UMAP,seq_724,1,4.1436715,0.9758868
Mistral-Prot,UMAP,seq_725,1,1.9202511,1.4376202
Mistral-Prot,UMAP,seq_726,1,7.1870437,-0.322033
Mistral-Prot,UMAP,seq_727,1,4.8275194,0.115737826
Mistral-Prot,UMAP,seq_728,1,5.635223,0.75002176
Mistral-Prot,UMAP,seq_729,1,1.2976654,0.5138819
Mistral-Prot,UMAP,seq_730,1,1.5285096,0.6389904
Mistral-Prot,UMAP,seq_731,1,5.895354,-0.2742803
Mistral-Prot,UMAP,seq_732,1,1.1316422,-0.44783217
Mistral-Prot,UMAP,seq_733,1,6.487795,0.5938201
Mistral-Prot,UMAP,seq_734,1,3.975354,-0.014535547
Mistral-Prot,UMAP,seq_735,1,3.4242096,0.2959001
Mistral-Prot,UMAP,seq_736,1,0.12419215,-1.0076451
Mistral-Prot,UMAP,seq_737,1,5.838927,0.6373447
Mistral-Prot,UMAP,seq_738,1,2.4775999,2.0177631
Mistral-Prot,UMAP,seq_739,1,3.300779,0.9212639
Mistral-Prot,UMAP,seq_740,1,2.5002,0.851625
Mistral-Prot,UMAP,seq_741,1,2.1263227,0.6832829
Mistral-Prot,UMAP,seq_742,1,2.2775612,0.6056249
Mistral-Prot,UMAP,seq_743,1,2.2702148,0.62242043
Mistral-Prot,UMAP,seq_744,1,2.8731399,2.0328
Mistral-Prot,UMAP,seq_745,1,3.562558,1.6227832
Mistral-Prot,UMAP,seq_746,1,3.5714548,1.2542478
Mistral-Prot,UMAP,seq_747,1,2.4123945,1.9572456
Mistral-Prot,UMAP,seq_748,1,3.4932938,1.4184904
Mistral-Prot,UMAP,seq_749,1,-0.7673646,0.37031892
Mistral-Prot,UMAP,seq_750,1,2.7154083,2.259837
Mistral-Prot,UMAP,seq_751,1,2.7545981,2.291729
Mistral-Prot,UMAP,seq_752,1,2.8109746,2.309938
Mistral-Prot,UMAP,seq_753,1,1.7342025,1.1835176
Mistral-Prot,UMAP,seq_754,1,2.9139187,2.0810947
Mistral-Prot,UMAP,seq_755,1,2.8927774,2.1161933
Mistral-Prot,UMAP,seq_756,1,4.8679137,1.0425873
Mistral-Prot,UMAP,seq_757,1,2.499613,2.085811
Mistral-Prot,UMAP,seq_758,1,2.50485,2.0185754
Mistral-Prot,UMAP,seq_759,1,2.5683143,1.8055098
Mistral-Prot,UMAP,seq_760,1,6.5910244,0.5600275
Mistral-Prot,UMAP,seq_761,1,4.1426644,3.5284572
Mistral-Prot,UMAP,seq_762,1,6.847771,-1.6067716
Mistral-Prot,UMAP,seq_763,1,5.3378177,1.2214124
Mistral-Prot,UMAP,seq_764,1,4.8354297,1.5108346
Mistral-Prot,UMAP,seq_765,1,3.5719557,0.557908
Mistral-Prot,UMAP,seq_766,1,2.8924713,3.478405
Mistral-Prot,UMAP,seq_767,1,4.1307306,2.529998
Mistral-Prot,UMAP,seq_768,1,6.549759,-0.73016644
Mistral-Prot,UMAP,seq_769,1,1.208647,0.2902133
Mistral-Prot,UMAP,seq_770,1,0.8057074,0.6123451
Mistral-Prot,UMAP,seq_771,1,2.887084,2.0655537
Mistral-Prot,UMAP,seq_772,1,2.9090073,2.0741425
Mistral-Prot,UMAP,seq_773,1,3.419484,1.3374344
Mistral-Prot,UMAP,seq_774,1,3.590036,0.91655743
Mistral-Prot,UMAP,seq_775,1,2.5823958,1.903149
Mistral-Prot,UMAP,seq_776,1,5.9123588,1.4975923
Mistral-Prot,UMAP,seq_777,1,6.1295485,1.5201349
Mistral-Prot,UMAP,seq_778,1,3.5509422,2.0197282
Mistral-Prot,UMAP,seq_779,1,6.0980215,1.5581442
Mistral-Prot,UMAP,seq_780,1,6.018532,1.005932
Mistral-Prot,UMAP,seq_781,1,6.0859447,1.0062027
Mistral-Prot,UMAP,seq_782,1,5.90594,1.7897158
Mistral-Prot,UMAP,seq_783,1,5.4627733,1.9507585
Mistral-Prot,UMAP,seq_784,1,6.038348,1.7208282
Mistral-Prot,UMAP,seq_785,1,3.1063757,1.6372721
Mistral-Prot,UMAP,seq_786,1,3.3605196,2.9345868
Mistral-Prot,UMAP,seq_787,1,6.359402,1.2483146
Mistral-Prot,UMAP,seq_788,1,2.520645,0.775815
Mistral-Prot,UMAP,seq_789,1,7.4127893,2.4632473
Mistral-Prot,UMAP,seq_790,1,2.096955,0.812527
Mistral-Prot,UMAP,seq_791,1,1.1460569,0.48813543
Mistral-Prot,UMAP,seq_792,1,1.2774094,0.19620122
Mistral-Prot,UMAP,seq_793,1,2.439847,3.1123908
Mistral-Prot,UMAP,seq_794,1,7.1667957,2.153314
Mistral-Prot,UMAP,seq_795,1,3.1171918,1.0004238
Mistral-Prot,UMAP,seq_796,1,7.5181327,2.425635
Mistral-Prot,UMAP,seq_797,1,-1.3255379,0.1997765
Mistral-Prot,UMAP,seq_798,1,1.9923801,-1.0166738
Mistral-Prot,UMAP,seq_799,1,2.6198308,0.7671713
Mistral-Prot,UMAP,seq_800,1,2.986438,1.0977554
Mistral-Prot,UMAP,seq_801,1,3.413063,0.403388
Mistral-Prot,UMAP,seq_802,1,6.4414515,0.46151274
Mistral-Prot,UMAP,seq_803,1,2.6172423,-1.1628004
Mistral-Prot,UMAP,seq_804,1,2.5006933,-0.71866214
Mistral-Prot,UMAP,seq_805,1,5.2675757,1.7374033
Mistral-Prot,UMAP,seq_806,1,5.6582627,1.6250839
Mistral-Prot,UMAP,seq_807,1,5.6975155,1.6969357
Mistral-Prot,UMAP,seq_808,1,5.890641,1.685887
Mistral-Prot,UMAP,seq_809,1,5.6686296,1.7670529
Mistral-Prot,UMAP,seq_810,1,5.730445,1.7427043
Mistral-Prot,UMAP,seq_811,1,5.611956,1.7504731
Mistral-Prot,UMAP,seq_812,1,5.775176,1.60388
Mistral-Prot,UMAP,seq_813,1,3.1556454,1.9525096
Mistral-Prot,UMAP,seq_814,1,8.545109,3.488226
Mistral-Prot,UMAP,seq_815,1,6.5705533,0.8679163
Mistral-Prot,UMAP,seq_816,1,3.753599,-1.4591776
Mistral-Prot,UMAP,seq_817,1,4.5965543,-0.0035498918
Mistral-Prot,UMAP,seq_818,1,6.430012,-0.85092664
Mistral-Prot,UMAP,seq_819,1,0.33891132,0.604194
Mistral-Prot,UMAP,seq_820,1,1.7885835,1.6163962
Mistral-Prot,UMAP,seq_821,1,5.132211,0.97309905
Mistral-Prot,UMAP,seq_822,1,7.755991,2.4077778
Mistral-Prot,UMAP,seq_823,1,7.7704043,2.4018795
Mistral-Prot,UMAP,seq_824,1,7.7717357,2.41462
Mistral-Prot,UMAP,seq_825,1,7.795919,2.4678836
Mistral-Prot,UMAP,seq_826,1,7.827065,2.463816
Mistral-Prot,UMAP,seq_827,1,7.6916986,2.3781338
Mistral-Prot,UMAP,seq_828,1,7.5987926,2.4067285
Mistral-Prot,UMAP,seq_829,1,4.7562847,2.1905696
Mistral-Prot,UMAP,seq_830,1,7.895948,1.7114192
Mistral-Prot,UMAP,seq_831,1,4.71206,-0.24142969
Mistral-Prot,UMAP,seq_832,1,2.931467,2.0461636
Mistral-Prot,UMAP,seq_833,1,2.9184308,2.086708
Mistral-Prot,UMAP,seq_834,1,2.9893832,2.0246058
Mistral-Prot,UMAP,seq_835,1,6.6885448,0.85463184
Mistral-Prot,UMAP,seq_836,1,8.808574,3.8866546
Mistral-Prot,UMAP,seq_837,1,8.823179,3.8989642
Mistral-Prot,UMAP,seq_838,1,8.826867,3.8985727
Mistral-Prot,UMAP,seq_839,1,0.7511582,-1.168211
Mistral-Prot,UMAP,seq_840,1,6.4808297,-2.2062974
Mistral-Prot,UMAP,seq_841,1,2.6747751,-0.10827091
Mistral-Prot,UMAP,seq_842,1,3.4115648,1.9014362
Mistral-Prot,UMAP,seq_843,1,4.524632,1.166172
Mistral-Prot,UMAP,seq_844,1,6.2238045,-0.19636133
Mistral-Prot,UMAP,seq_845,1,2.1139526,1.3319796
Mistral-Prot,UMAP,seq_846,1,3.7221963,1.3917242
Mistral-Prot,UMAP,seq_847,1,4.3477235,0.8757676
Mistral-Prot,UMAP,seq_848,1,4.3641872,0.8602706
Mistral-Prot,UMAP,seq_849,1,4.4628453,0.8027605
Mistral-Prot,UMAP,seq_850,1,4.3309608,0.5228402
Mistral-Prot,UMAP,seq_851,1,4.12737,1.0011342
Mistral-Prot,UMAP,seq_852,1,2.1070085,0.31523746
Mistral-Prot,UMAP,seq_853,1,3.84701,3.00602
Mistral-Prot,UMAP,seq_854,1,6.6807075,-0.2655591
Mistral-Prot,UMAP,seq_855,1,2.9452379,1.9046351
Mistral-Prot,UMAP,seq_856,1,3.5585754,1.0238584
Mistral-Prot,UMAP,seq_857,1,5.888533,-2.2185736
Mistral-Prot,UMAP,seq_858,1,2.3129532,-0.4469232
Mistral-Prot,UMAP,seq_859,1,4.317462,1.2677233
Mistral-Prot,UMAP,seq_860,1,2.3541245,-0.09204408
Mistral-Prot,UMAP,seq_861,1,5.252483,1.4641159
Mistral-Prot,UMAP,seq_862,1,5.6815453,1.5405333
Mistral-Prot,UMAP,seq_863,1,2.5562174,2.1217651
Mistral-Prot,UMAP,seq_864,1,7.1592646,0.049148604
Mistral-Prot,UMAP,seq_865,1,3.003555,2.5465064
Mistral-Prot,UMAP,seq_866,1,2.0636775,0.23430124
Mistral-Prot,UMAP,seq_867,1,6.0617723,0.78563786
Mistral-Prot,UMAP,seq_868,1,4.4212785,-0.5349893
Mistral-Prot,UMAP,seq_869,1,5.013279,0.41321012
Mistral-Prot,UMAP,seq_870,1,6.742487,-1.147215
Mistral-Prot,UMAP,seq_871,1,3.1601965,1.9503895
Mistral-Prot,UMAP,seq_872,1,5.4944744,-0.8982236
Mistral-Prot,UMAP,seq_873,1,5.4576993,-0.89195055
Mistral-Prot,UMAP,seq_874,1,5.4339705,-0.82931864
Mistral-Prot,UMAP,seq_875,1,2.1960819,0.3872728
Mistral-Prot,UMAP,seq_876,1,2.7641556,0.55804604
Mistral-Prot,UMAP,seq_877,1,2.861085,0.505505
Mistral-Prot,UMAP,seq_878,1,5.5405674,-0.89572865
Mistral-Prot,UMAP,seq_879,1,5.163728,0.3673501
Mistral-Prot,UMAP,seq_880,1,2.3788123,1.018297
Mistral-Prot,UMAP,seq_881,1,2.5368786,0.95566726
Mistral-Prot,UMAP,seq_882,1,5.1914606,0.44523874
Mistral-Prot,UMAP,seq_883,1,2.674546,2.5896218
Mistral-Prot,UMAP,seq_884,1,7.292434,-0.20068862
Mistral-Prot,UMAP,seq_885,1,4.9105506,0.3051477
Mistral-Prot,UMAP,seq_886,1,6.227827,0.2509084
Mistral-Prot,UMAP,seq_887,1,-1.2623646,0.11052647
Mistral-Prot,UMAP,seq_888,1,4.750912,0.21053863
Mistral-Prot,UMAP,seq_889,1,4.747117,0.23906735
Mistral-Prot,UMAP,seq_890,1,4.5351763,0.60760236
Mistral-Prot,UMAP,seq_891,1,4.014534,1.7911075
Mistral-Prot,UMAP,seq_892,1,0.60346866,1.1193496
Mistral-Prot,UMAP,seq_893,1,1.2612588,1.2783351
Mistral-Prot,UMAP,seq_894,1,3.1699488,0.8915696
Mistral-Prot,UMAP,seq_895,1,0.93058634,-0.47827727
Mistral-Prot,UMAP,seq_896,1,3.1697009,-0.3073547
Mistral-Prot,UMAP,seq_897,1,3.6290674,1.0622394
Mistral-Prot,UMAP,seq_898,1,3.8604703,1.1819174
Mistral-Prot,UMAP,seq_899,1,-0.21908171,0.35466054
Mistral-Prot,UMAP,seq_900,1,-0.19601476,0.39341223
Mistral-Prot,UMAP,seq_901,1,1.5465328,0.052530337
Mistral-Prot,UMAP,seq_902,1,2.2883632,3.472014
Mistral-Prot,UMAP,seq_903,1,2.8841097,3.56266
Mistral-Prot,UMAP,seq_904,1,2.717339,3.5859644
Mistral-Prot,UMAP,seq_905,1,2.7762096,3.609785
Mistral-Prot,UMAP,seq_906,1,2.2621267,3.639185
Mistral-Prot,UMAP,seq_907,1,2.327951,3.6366138
Mistral-Prot,UMAP,seq_908,1,2.2757628,3.5865011
Mistral-Prot,UMAP,seq_909,1,2.23955,3.569672
Mistral-Prot,UMAP,seq_910,1,2.4156363,3.6498516
Mistral-Prot,UMAP,seq_911,1,2.3331957,3.6757522
Mistral-Prot,UMAP,seq_912,1,2.6503506,3.3382864
Mistral-Prot,UMAP,seq_913,1,2.3235347,3.6519074
Mistral-Prot,UMAP,seq_914,1,2.2199657,3.556102
Mistral-Prot,UMAP,seq_915,1,2.7612052,3.528037
Mistral-Prot,UMAP,seq_916,1,2.5999093,3.4936042
Mistral-Prot,UMAP,seq_917,1,2.6605725,3.489348
Mistral-Prot,UMAP,seq_918,1,2.6514018,3.5464153
Mistral-Prot,UMAP,seq_919,1,2.6301014,3.4646444
Mistral-Prot,UMAP,seq_920,1,2.2839415,3.5192058
Mistral-Prot,UMAP,seq_921,1,2.7222593,3.531643
Mistral-Prot,UMAP,seq_922,1,2.3269453,3.6247137
Mistral-Prot,UMAP,seq_923,1,2.354407,3.6344202
Mistral-Prot,UMAP,seq_924,1,2.261972,3.5646777
Mistral-Prot,UMAP,seq_925,1,2.3174512,3.6848056
Mistral-Prot,UMAP,seq_926,1,2.2893,3.6700456
Mistral-Prot,UMAP,seq_927,1,2.3166435,3.7237015
Mistral-Prot,UMAP,seq_928,1,2.200301,3.5112007
Mistral-Prot,UMAP,seq_929,1,2.5914598,3.480677
Mistral-Prot,UMAP,seq_930,1,0.8512987,0.44667
Mistral-Prot,UMAP,seq_931,1,2.822279,3.5576282
Mistral-Prot,UMAP,seq_932,1,2.871718,3.515781
Mistral-Prot,UMAP,seq_933,1,2.8919046,3.0127044
Mistral-Prot,UMAP,seq_934,1,0.6395863,0.42563072
Mistral-Prot,UMAP,seq_935,1,0.5944509,0.4349324
Mistral-Prot,UMAP,seq_936,1,2.685414,3.5260305
Mistral-Prot,UMAP,seq_937,1,2.66263,3.5778713
Mistral-Prot,UMAP,seq_938,1,2.8388734,3.592084
Mistral-Prot,UMAP,seq_939,1,2.8927462,3.5866263
Mistral-Prot,UMAP,seq_940,1,2.2199726,3.5930707
Mistral-Prot,UMAP,seq_941,1,2.115377,3.4592428
Mistral-Prot,UMAP,seq_942,1,2.325904,3.6192102
Mistral-Prot,UMAP,seq_943,1,-0.07903404,0.9267986
Mistral-Prot,UMAP,seq_944,1,2.3113847,3.6839168
Mistral-Prot,UMAP,seq_945,1,3.3659878,-0.7822622
Mistral-Prot,UMAP,seq_946,1,1.759656,0.9371325
Mistral-Prot,UMAP,seq_947,1,5.0875955,0.30213204
Mistral-Prot,UMAP,seq_948,1,5.5538635,0.7511278
Mistral-Prot,UMAP,seq_949,1,5.8468843,0.59074444
Mistral-Prot,UMAP,seq_950,1,4.627091,2.2433631
Mistral-Prot,UMAP,seq_951,1,7.2621593,0.14584495
Mistral-Prot,UMAP,seq_952,1,5.574226,0.921226
Mistral-Prot,UMAP,seq_953,1,1.966565,1.3276168
Mistral-Prot,UMAP,seq_954,1,2.8000348,3.4878829
Mistral-Prot,UMAP,seq_955,1,2.541439,3.52937
Mistral-Prot,UMAP,seq_956,1,4.629168,0.73811686
Mistral-Prot,UMAP,seq_957,1,2.637516,1.1388168
Mistral-Prot,UMAP,seq_958,1,2.640415,2.7309003
Mistral-Prot,UMAP,seq_959,1,2.6888359,3.0173965
Mistral-Prot,UMAP,seq_960,1,2.2215219,3.0446386
Mistral-Prot,UMAP,seq_961,1,7.3342476,0.5326411
Mistral-Prot,UMAP,seq_962,1,0.11131106,0.821123
Mistral-Prot,UMAP,seq_963,1,3.9467912,-0.8901179
Mistral-Prot,UMAP,seq_964,1,3.7250235,1.7657162
Mistral-Prot,UMAP,seq_965,1,2.0370302,0.77276427
Mistral-Prot,UMAP,seq_966,1,3.2996318,0.747577
Mistral-Prot,UMAP,seq_967,1,2.8196323,1.1280122
Mistral-Prot,UMAP,seq_968,1,5.189398,-0.0074345088
Mistral-Prot,UMAP,seq_969,1,4.4985795,-0.2586773
Mistral-Prot,UMAP,seq_970,1,4.0735726,-0.3760352
Mistral-Prot,UMAP,seq_971,1,4.221799,-0.27509487
Mistral-Prot,UMAP,seq_972,1,5.24854,0.09834492
Mistral-Prot,UMAP,seq_973,1,3.1845493,3.616254
Mistral-Prot,UMAP,seq_974,1,3.1513882,3.6916683
Mistral-Prot,UMAP,seq_975,1,3.1903865,3.6920435
Mistral-Prot,UMAP,seq_976,1,3.194001,3.656337
Mistral-Prot,UMAP,seq_977,1,3.1992972,3.671972
Mistral-Prot,UMAP,seq_978,1,3.1544874,3.6308227
Mistral-Prot,UMAP,seq_979,1,3.2159877,3.6693633
Mistral-Prot,UMAP,seq_980,1,3.1827853,3.6773975
Mistral-Prot,UMAP,seq_981,1,4.519325,-0.16421708
Mistral-Prot,UMAP,seq_982,1,0.71627545,-0.526888
Mistral-Prot,UMAP,seq_983,1,0.71731335,-1.1147621
Mistral-Prot,UMAP,seq_984,1,8.777235,3.8402686
Mistral-Prot,UMAP,seq_985,1,8.74154,3.802272
Mistral-Prot,UMAP,seq_986,1,8.750442,3.8127806
Mistral-Prot,UMAP,seq_987,1,2.3938487,0.40804753
Mistral-Prot,UMAP,seq_988,1,2.072873,3.3103743
Mistral-Prot,UMAP,seq_989,1,2.2621834,0.8921412
Mistral-Prot,UMAP,seq_990,1,0.62802756,-1.227224
Mistral-Prot,UMAP,seq_991,1,6.3547215,-1.0065938
Mistral-Prot,UMAP,seq_992,1,2.1056118,3.296293
Mistral-Prot,UMAP,seq_993,1,1.0358533,-1.576397
Mistral-Prot,UMAP,seq_994,1,7.310527,2.430091
Mistral-Prot,UMAP,seq_995,1,8.399161,2.2914624
Mistral-Prot,UMAP,seq_996,1,1.7443386,-0.34721002
Mistral-Prot,UMAP,seq_997,1,2.9818237,-0.6494263
Mistral-Prot,UMAP,seq_998,1,7.27791,1.1538488
Mistral-Prot,UMAP,seq_999,1,8.738766,3.8081691
Mistral-Prot,UMAP,seq_1000,1,2.459304,2.1051626
Mistral-Prot,UMAP,seq_1001,1,7.3524547,-0.1511517
Mistral-Prot,UMAP,seq_1002,1,4.3717713,-0.1437336
Mistral-Prot,UMAP,seq_1003,1,3.3558526,1.2595478
Mistral-Prot,UMAP,seq_1004,1,2.4077387,1.6916524
Mistral-Prot,UMAP,seq_1005,1,3.8126788,1.6621431
Mistral-Prot,UMAP,seq_1006,1,0.26596415,0.093219936
Mistral-Prot,UMAP,seq_1007,1,5.7724657,0.46318212
Mistral-Prot,UMAP,seq_1008,1,3.5044563,1.3224642
Mistral-Prot,UMAP,seq_1009,1,8.596829,3.6697166
Mistral-Prot,UMAP,seq_1010,1,1.2148083,-0.19600601
Mistral-Prot,UMAP,seq_1011,0,5.5591555,0.697859
Mistral-Prot,UMAP,seq_1012,0,3.628781,-0.7548629
Mistral-Prot,UMAP,seq_1013,0,3.9130282,3.6030815
Mistral-Prot,UMAP,seq_1014,0,4.208905,3.5987322
Mistral-Prot,UMAP,seq_1015,0,0.17172596,0.45541424
Mistral-Prot,UMAP,seq_1016,0,2.8866115,-0.23309544
Mistral-Prot,UMAP,seq_1017,0,2.2769709,2.4174104
Mistral-Prot,UMAP,seq_1018,0,3.4630768,2.5428038
Mistral-Prot,UMAP,seq_1019,0,1.2259815,-0.9396964
Mistral-Prot,UMAP,seq_1020,0,6.778377,0.61905015
Mistral-Prot,UMAP,seq_1021,0,0.72125155,-1.073933
Mistral-Prot,UMAP,seq_1022,0,5.3338547,1.9043776
Mistral-Prot,UMAP,seq_1023,0,2.750192,-0.7199161
Mistral-Prot,UMAP,seq_1024,0,4.041841,3.5777647
Mistral-Prot,UMAP,seq_1025,0,0.78717446,0.50105816
Mistral-Prot,UMAP,seq_1026,0,2.483901,1.4963359
Mistral-Prot,UMAP,seq_1027,0,2.4902115,1.3635279
Mistral-Prot,UMAP,seq_1028,0,3.4788425,3.4642758
Mistral-Prot,UMAP,seq_1029,0,0.65779036,0.24985942
Mistral-Prot,UMAP,seq_1030,0,2.0261652,1.9701433
Mistral-Prot,UMAP,seq_1031,0,3.3129733,3.3118496
Mistral-Prot,UMAP,seq_1032,0,3.8108234,0.21574822
Mistral-Prot,UMAP,seq_1033,0,-0.32213524,1.0758177
Mistral-Prot,UMAP,seq_1034,0,3.6587796,3.0070457
Mistral-Prot,UMAP,seq_1035,0,0.14726165,-0.2206823
Mistral-Prot,UMAP,seq_1036,0,4.7385135,1.1746359
Mistral-Prot,UMAP,seq_1037,0,0.93016714,-0.44137245
Mistral-Prot,UMAP,seq_1038,0,4.1932573,2.0356271
Mistral-Prot,UMAP,seq_1039,0,5.552453,1.5590779
Mistral-Prot,UMAP,seq_1040,0,1.32336,1.4450802
Mistral-Prot,UMAP,seq_1041,0,1.9408842,1.5308679
Mistral-Prot,UMAP,seq_1042,0,3.789285,2.0027606
Mistral-Prot,UMAP,seq_1043,0,3.2640195,3.259378
Mistral-Prot,UMAP,seq_1044,0,2.994847,4.1012344
Mistral-Prot,UMAP,seq_1045,0,4.363789,3.0994227
Mistral-Prot,UMAP,seq_1046,0,2.6493998,-0.554447
Mistral-Prot,UMAP,seq_1047,0,5.7318664,0.8386823
Mistral-Prot,UMAP,seq_1048,0,4.1138816,3.5769205
Mistral-Prot,UMAP,seq_1049,0,3.735796,-0.071139365
Mistral-Prot,UMAP,seq_1050,0,-0.43466988,0.065712094
Mistral-Prot,UMAP,seq_1051,0,4.1411147,3.4439566
Mistral-Prot,UMAP,seq_1052,0,5.8060875,2.1668253
Mistral-Prot,UMAP,seq_1053,0,4.081321,2.8279016
Mistral-Prot,UMAP,seq_1054,0,3.5174024,-0.7516174
Mistral-Prot,UMAP,seq_1055,0,2.5165417,2.170008
Mistral-Prot,UMAP,seq_1056,0,3.8194513,2.8831618
Mistral-Prot,UMAP,seq_1057,0,-0.34652802,-1.2550404
Mistral-Prot,UMAP,seq_1058,0,1.1898819,-1.5488423
Mistral-Prot,UMAP,seq_1059,0,2.8028777,2.282135
Mistral-Prot,UMAP,seq_1060,0,2.7990103,0.6015562
Mistral-Prot,UMAP,seq_1061,0,1.3876162,1.8337991
Mistral-Prot,UMAP,seq_1062,0,3.7620392,3.3903315
Mistral-Prot,UMAP,seq_1063,0,3.6913846,3.1791768
Mistral-Prot,UMAP,seq_1064,0,4.4834204,0.19213228
Mistral-Prot,UMAP,seq_1065,0,1.2209231,-1.60537
Mistral-Prot,UMAP,seq_1066,0,6.161045,0.34700933
Mistral-Prot,UMAP,seq_1067,0,6.325019,-1.9111762
Mistral-Prot,UMAP,seq_1068,0,1.0336976,-1.4319791
Mistral-Prot,UMAP,seq_1069,0,3.0753343,-0.015424148
Mistral-Prot,UMAP,seq_1070,0,0.19644444,-0.9678044
Mistral-Prot,UMAP,seq_1071,0,3.7159975,2.9016569
Mistral-Prot,UMAP,seq_1072,0,4.293348,1.8572916
Mistral-Prot,UMAP,seq_1073,0,5.756979,0.35039234
Mistral-Prot,UMAP,seq_1074,0,1.3465017,0.9764255
Mistral-Prot,UMAP,seq_1075,0,2.3954103,1.896693
Mistral-Prot,UMAP,seq_1076,0,5.908322,0.28249323
Mistral-Prot,UMAP,seq_1077,0,6.8635917,-0.36673847
Mistral-Prot,UMAP,seq_1078,0,4.4976206,0.5687032
Mistral-Prot,UMAP,seq_1079,0,4.482667,0.2351354
Mistral-Prot,UMAP,seq_1080,0,3.078773,2.0867949
Mistral-Prot,UMAP,seq_1081,0,4.058618,1.5638903
Mistral-Prot,UMAP,seq_1082,0,4.8064284,2.5570433
Mistral-Prot,UMAP,seq_1083,0,4.7540646,2.41676
Mistral-Prot,UMAP,seq_1084,0,5.4676743,-0.37358162
Mistral-Prot,UMAP,seq_1085,0,-1.4308943,0.21093372
Mistral-Prot,UMAP,seq_1086,0,1.9653418,0.47091278
Mistral-Prot,UMAP,seq_1087,0,3.005314,4.0553374
Mistral-Prot,UMAP,seq_1088,0,0.62751204,0.48806942
Mistral-Prot,UMAP,seq_1089,0,3.1024082,0.85244876
Mistral-Prot,UMAP,seq_1090,0,2.7979991,2.8081312
Mistral-Prot,UMAP,seq_1091,0,3.7133226,3.0494375
Mistral-Prot,UMAP,seq_1092,0,4.02514,3.6915536
Mistral-Prot,UMAP,seq_1093,0,1.8350579,0.2049937
Mistral-Prot,UMAP,seq_1094,0,3.8269374,3.5187857
Mistral-Prot,UMAP,seq_1095,0,0.904168,-1.114482
Mistral-Prot,UMAP,seq_1096,0,0.65935147,-0.6909595
Mistral-Prot,UMAP,seq_1097,0,0.20683426,-1.1295267
Mistral-Prot,UMAP,seq_1098,0,3.4780037,3.5992713
Mistral-Prot,UMAP,seq_1099,0,0.3985005,-0.60790735
Mistral-Prot,UMAP,seq_1100,0,0.06089171,0.91637087
Mistral-Prot,UMAP,seq_1101,0,4.5770383,-1.0271988
Mistral-Prot,UMAP,seq_1102,0,2.7685564,2.654037
Mistral-Prot,UMAP,seq_1103,0,4.2892027,1.477704
Mistral-Prot,UMAP,seq_1104,0,2.3423421,0.13477682
Mistral-Prot,UMAP,seq_1105,0,2.832212,3.8049214
Mistral-Prot,UMAP,seq_1106,0,3.5081387,3.3562787
Mistral-Prot,UMAP,seq_1107,0,3.4045527,2.1199353
Mistral-Prot,UMAP,seq_1108,0,3.4499297,-2.1003315
Mistral-Prot,UMAP,seq_1109,0,4.523747,2.0814795
Mistral-Prot,UMAP,seq_1110,0,-1.1383913,0.23654178
Mistral-Prot,UMAP,seq_1111,0,5.5962415,1.3053887
Mistral-Prot,UMAP,seq_1112,0,-0.38661656,0.19133188
Mistral-Prot,UMAP,seq_1113,0,3.8984504,1.0379204
Mistral-Prot,UMAP,seq_1114,0,5.1964836,-0.28145847
Mistral-Prot,UMAP,seq_1115,0,4.2803893,-0.688309
Mistral-Prot,UMAP,seq_1116,0,4.7144094,3.051753
Mistral-Prot,UMAP,seq_1117,0,6.88968,0.6629168
Mistral-Prot,UMAP,seq_1118,0,4.7914643,0.55098855
Mistral-Prot,UMAP,seq_1119,0,6.911717,0.99061006
Mistral-Prot,UMAP,seq_1120,0,4.1006384,3.6800826
Mistral-Prot,UMAP,seq_1121,0,2.0283656,2.0560687
Mistral-Prot,UMAP,seq_1122,0,3.3967304,3.3017123
Mistral-Prot,UMAP,seq_1123,0,4.098404,3.6351972
Mistral-Prot,UMAP,seq_1124,0,3.490965,3.3609204
Mistral-Prot,UMAP,seq_1125,0,-0.5002846,-0.09342272
Mistral-Prot,UMAP,seq_1126,0,3.900024,1.3796418
Mistral-Prot,UMAP,seq_1127,0,3.4614933,0.3622604
Mistral-Prot,UMAP,seq_1128,0,3.212106,1.5666287
Mistral-Prot,UMAP,seq_1129,0,5.881171,-0.25998625
Mistral-Prot,UMAP,seq_1130,0,1.9868518,1.5446794
Mistral-Prot,UMAP,seq_1131,0,1.8149146,1.4814233
Mistral-Prot,UMAP,seq_1132,0,3.805748,3.3599591
Mistral-Prot,UMAP,seq_1133,0,2.2938945,3.1114323
Mistral-Prot,UMAP,seq_1134,0,0.8811855,-0.62944305
Mistral-Prot,UMAP,seq_1135,0,4.4832,3.0995402
Mistral-Prot,UMAP,seq_1136,0,2.9873593,1.4766926
Mistral-Prot,UMAP,seq_1137,0,2.2562008,3.5442283
Mistral-Prot,UMAP,seq_1138,0,5.0621095,2.4694111
Mistral-Prot,UMAP,seq_1139,0,5.4403267,-0.8052568
Mistral-Prot,UMAP,seq_1140,0,3.3461604,0.64720553
Mistral-Prot,UMAP,seq_1141,0,2.584634,3.2991464
Mistral-Prot,UMAP,seq_1142,0,-0.4818246,0.40614152
Mistral-Prot,UMAP,seq_1143,0,-0.36270648,0.89073163
Mistral-Prot,UMAP,seq_1144,0,5.6067457,-0.7845222
Mistral-Prot,UMAP,seq_1145,0,3.808581,-0.6575647
Mistral-Prot,UMAP,seq_1146,0,5.4613867,-0.07225012
Mistral-Prot,UMAP,seq_1147,0,3.748984,3.6008635
Mistral-Prot,UMAP,seq_1148,0,3.5793009,0.21844701
Mistral-Prot,UMAP,seq_1149,0,3.279502,1.033796
Mistral-Prot,UMAP,seq_1150,0,3.6557186,1.934376
Mistral-Prot,UMAP,seq_1151,0,0.31299806,0.5908999
Mistral-Prot,UMAP,seq_1152,0,4.762283,2.9817252
Mistral-Prot,UMAP,seq_1153,0,6.228495,0.3447969
Mistral-Prot,UMAP,seq_1154,0,3.969047,1.7246063
Mistral-Prot,UMAP,seq_1155,0,2.64318,0.94484866
Mistral-Prot,UMAP,seq_1156,0,6.041242,0.84683347
Mistral-Prot,UMAP,seq_1157,0,4.64066,2.0673144
Mistral-Prot,UMAP,seq_1158,0,3.4608877,3.2083921
Mistral-Prot,UMAP,seq_1159,0,4.700955,2.5951965
Mistral-Prot,UMAP,seq_1160,0,3.9022305,3.4628322
Mistral-Prot,UMAP,seq_1161,0,1.6915547,0.43305698
Mistral-Prot,UMAP,seq_1162,0,1.7841121,0.75556797
Mistral-Prot,UMAP,seq_1163,0,-0.73041373,0.59384197
Mistral-Prot,UMAP,seq_1164,0,1.6308167,1.0587941
Mistral-Prot,UMAP,seq_1165,0,6.7408395,0.8762266
Mistral-Prot,UMAP,seq_1166,0,1.9231498,-0.8979255
Mistral-Prot,UMAP,seq_1167,0,3.6676042,3.3092732
Mistral-Prot,UMAP,seq_1168,0,3.8926551,3.6130283
Mistral-Prot,UMAP,seq_1169,0,3.4598029,2.0283232
Mistral-Prot,UMAP,seq_1170,0,5.1554055,2.489659
Mistral-Prot,UMAP,seq_1171,0,3.1614587,0.63476914
Mistral-Prot,UMAP,seq_1172,0,2.6852841,-0.13152426
Mistral-Prot,UMAP,seq_1173,0,4.961151,2.1126647
Mistral-Prot,UMAP,seq_1174,0,3.9172099,2.095648
Mistral-Prot,UMAP,seq_1175,0,2.0410774,2.2409403
Mistral-Prot,UMAP,seq_1176,0,-0.6089665,1.1040995
Mistral-Prot,UMAP,seq_1177,0,-0.25554603,-0.18248042
Mistral-Prot,UMAP,seq_1178,0,2.4054751,3.6889026
Mistral-Prot,UMAP,seq_1179,0,3.0538297,1.9180766
Mistral-Prot,UMAP,seq_1180,0,2.9575562,0.6240753
Mistral-Prot,UMAP,seq_1181,0,2.9512858,-0.049220216
Mistral-Prot,UMAP,seq_1182,0,0.6338365,1.0656986
Mistral-Prot,UMAP,seq_1183,0,5.877415,0.118804425
Mistral-Prot,UMAP,seq_1184,0,4.249251,2.6203299
Mistral-Prot,UMAP,seq_1185,0,2.302156,1.2934095
Mistral-Prot,UMAP,seq_1186,0,1.0997634,0.436816
Mistral-Prot,UMAP,seq_1187,0,3.1182747,3.2131226
Mistral-Prot,UMAP,seq_1188,0,6.110626,-1.8612714
Mistral-Prot,UMAP,seq_1189,0,5.3803825,-0.18897027
Mistral-Prot,UMAP,seq_1190,0,4.451,3.6100764
Mistral-Prot,UMAP,seq_1191,0,2.400288,1.1933289
Mistral-Prot,UMAP,seq_1192,0,3.373401,0.7243342
Mistral-Prot,UMAP,seq_1193,0,3.2574124,3.2338183
Mistral-Prot,UMAP,seq_1194,0,3.271073,1.3512458
Mistral-Prot,UMAP,seq_1195,0,4.116834,-0.81317127
Mistral-Prot,UMAP,seq_1196,0,6.764629,-1.0099719
Mistral-Prot,UMAP,seq_1197,0,5.747371,0.6232739
Mistral-Prot,UMAP,seq_1198,0,1.1086941,-1.2127664
Mistral-Prot,UMAP,seq_1199,0,0.4655239,-0.36089206
Mistral-Prot,UMAP,seq_1200,0,3.883119,3.3750558
Mistral-Prot,UMAP,seq_1201,0,1.8848097,0.54029745
Mistral-Prot,UMAP,seq_1202,0,3.317704,2.4280384
Mistral-Prot,UMAP,seq_1203,0,2.5180087,1.2276583
Mistral-Prot,UMAP,seq_1204,0,1.9427303,-0.19089061
Mistral-Prot,UMAP,seq_1205,0,0.677902,-1.0048363
Mistral-Prot,UMAP,seq_1206,0,1.4180529,0.4991868
Mistral-Prot,UMAP,seq_1207,0,3.123672,-0.45767236
Mistral-Prot,UMAP,seq_1208,0,3.4755223,0.10734141
Mistral-Prot,UMAP,seq_1209,0,3.9359448,3.2049687
Mistral-Prot,UMAP,seq_1210,0,6.3993354,-0.6385955
Mistral-Prot,UMAP,seq_1211,0,-1.0680647,0.16506855
Mistral-Prot,UMAP,seq_1212,0,4.9609485,0.049158696
Mistral-Prot,UMAP,seq_1213,0,6.118681,0.30503038
Mistral-Prot,UMAP,seq_1214,0,5.3203835,0.5470391
Mistral-Prot,UMAP,seq_1215,0,4.2131495,1.8789747
Mistral-Prot,UMAP,seq_1216,0,3.1620686,1.4284948
Mistral-Prot,UMAP,seq_1217,0,4.144349,-1.4516959
Mistral-Prot,UMAP,seq_1218,0,6.970326,0.6103506
Mistral-Prot,UMAP,seq_1219,0,7.33717,0.28180507
Mistral-Prot,UMAP,seq_1220,0,4.034191,-0.9448377
Mistral-Prot,UMAP,seq_1221,0,1.9116551,-0.36034644
Mistral-Prot,UMAP,seq_1222,0,4.615235,1.411519
Mistral-Prot,UMAP,seq_1223,0,2.3465059,-0.6895699
Mistral-Prot,UMAP,seq_1224,0,4.0209956,2.8101711
Mistral-Prot,UMAP,seq_1225,0,3.56174,1.4159592
Mistral-Prot,UMAP,seq_1226,0,6.218047,0.4444667
Mistral-Prot,UMAP,seq_1227,0,4.666664,3.0827727
Mistral-Prot,UMAP,seq_1228,0,3.477791,3.043423
Mistral-Prot,UMAP,seq_1229,0,7.345571,1.4424007
Mistral-Prot,UMAP,seq_1230,0,2.2884018,-0.17272715
Mistral-Prot,UMAP,seq_1231,0,2.9804287,0.5079333
Mistral-Prot,UMAP,seq_1232,0,-0.6403586,0.70884776
Mistral-Prot,UMAP,seq_1233,0,3.9665294,3.5747995
Mistral-Prot,UMAP,seq_1234,0,0.25615168,-0.6498484
Mistral-Prot,UMAP,seq_1235,0,2.358034,-0.5391608
Mistral-Prot,UMAP,seq_1236,0,-0.178302,1.2487663
Mistral-Prot,UMAP,seq_1237,0,-0.97811574,0.013545447
Mistral-Prot,UMAP,seq_1238,0,-1.4317673,0.24869664
Mistral-Prot,UMAP,seq_1239,0,0.39844882,1.0242761
Mistral-Prot,UMAP,seq_1240,0,0.19942753,-0.844953
Mistral-Prot,UMAP,seq_1241,0,4.4039397,3.1380687
Mistral-Prot,UMAP,seq_1242,0,0.2603422,-0.8959911
Mistral-Prot,UMAP,seq_1243,0,4.653665,2.9475636
Mistral-Prot,UMAP,seq_1244,0,6.567274,0.5204913
Mistral-Prot,UMAP,seq_1245,0,6.7314973,0.96429324
Mistral-Prot,UMAP,seq_1246,0,4.221777,-0.22100942
Mistral-Prot,UMAP,seq_1247,0,6.5913625,-0.021586958
Mistral-Prot,UMAP,seq_1248,0,0.28283477,0.04701804
Mistral-Prot,UMAP,seq_1249,0,0.23116125,0.37813616
Mistral-Prot,UMAP,seq_1250,0,4.095605,-0.30253217
Mistral-Prot,UMAP,seq_1251,0,2.2742395,-0.8944733
Mistral-Prot,UMAP,seq_1252,0,2.4884386,0.5277746
Mistral-Prot,UMAP,seq_1253,0,3.3609903,3.0361016
Mistral-Prot,UMAP,seq_1254,0,2.2453291,-0.8657283
Mistral-Prot,UMAP,seq_1255,0,2.8375773,-0.57057697
Mistral-Prot,UMAP,seq_1256,0,3.2452118,0.3969535
Mistral-Prot,UMAP,seq_1257,0,0.83797556,-0.8344487
Mistral-Prot,UMAP,seq_1258,0,4.8407693,-0.42368338
Mistral-Prot,UMAP,seq_1259,0,5.821018,0.93322355
Mistral-Prot,UMAP,seq_1260,0,5.439008,1.060103
Mistral-Prot,UMAP,seq_1261,0,3.3059227,1.905685
Mistral-Prot,UMAP,seq_1262,0,2.0059118,1.2075375
Mistral-Prot,UMAP,seq_1263,0,5.7662807,-0.7328782
Mistral-Prot,UMAP,seq_1264,0,5.707897,-0.58320206
Mistral-Prot,UMAP,seq_1265,0,1.8858294,1.672584
Mistral-Prot,UMAP,seq_1266,0,6.0076995,0.47318545
Mistral-Prot,UMAP,seq_1267,0,4.358429,1.5669968
Mistral-Prot,UMAP,seq_1268,0,7.0736885,-0.8511915
Mistral-Prot,UMAP,seq_1269,0,5.451393,-0.20338933
Mistral-Prot,UMAP,seq_1270,0,5.446171,1.1634231
Mistral-Prot,UMAP,seq_1271,0,5.6982937,2.1755013
Mistral-Prot,UMAP,seq_1272,0,7.362409,2.0171185
Mistral-Prot,UMAP,seq_1273,0,4.906099,-0.38444743
Mistral-Prot,UMAP,seq_1274,0,7.289336,0.43027136
Mistral-Prot,UMAP,seq_1275,0,5.4225044,0.14469853
Mistral-Prot,UMAP,seq_1276,0,4.6088877,1.2677268
Mistral-Prot,UMAP,seq_1277,0,-0.3118753,0.10905359
Mistral-Prot,UMAP,seq_1278,0,6.126085,1.6600313
Mistral-Prot,UMAP,seq_1279,0,6.8580484,-1.3614606
Mistral-Prot,UMAP,seq_1280,0,6.1759477,-0.7201629
Mistral-Prot,UMAP,seq_1281,0,3.8718379,0.74489486
Mistral-Prot,UMAP,seq_1282,0,1.5275081,1.93336
Mistral-Prot,UMAP,seq_1283,0,-0.5812687,0.53861207
Mistral-Prot,UMAP,seq_1284,0,5.0779333,1.4885994
Mistral-Prot,UMAP,seq_1285,0,6.653822,-0.49856845
Mistral-Prot,UMAP,seq_1286,0,2.0094213,0.79640985
Mistral-Prot,UMAP,seq_1287,0,2.669713,-0.23472519
Mistral-Prot,UMAP,seq_1288,0,4.839599,1.8580773
Mistral-Prot,UMAP,seq_1289,0,2.7037628,-1.2602166
Mistral-Prot,UMAP,seq_1290,0,0.5765057,-0.20691296
Mistral-Prot,UMAP,seq_1291,0,4.8084917,-0.17338924
Mistral-Prot,UMAP,seq_1292,0,3.4699929,3.2993965
Mistral-Prot,UMAP,seq_1293,0,4.344236,-0.3479542
Mistral-Prot,UMAP,seq_1294,0,7.2271028,-0.03749751
Mistral-Prot,UMAP,seq_1295,0,6.6274014,-0.22002858
Mistral-Prot,UMAP,seq_1296,0,3.7988749,-0.5046153
Mistral-Prot,UMAP,seq_1297,0,3.0147262,0.15047477
Mistral-Prot,UMAP,seq_1298,0,0.6698875,-0.5002714
Mistral-Prot,UMAP,seq_1299,0,0.34965378,-0.81125724
Mistral-Prot,UMAP,seq_1300,0,3.6448271,0.5873074
Mistral-Prot,UMAP,seq_1301,0,3.144892,0.9726917
Mistral-Prot,UMAP,seq_1302,0,3.6734757,1.5340633
Mistral-Prot,UMAP,seq_1303,0,6.676056,1.499175
Mistral-Prot,UMAP,seq_1304,0,3.647189,0.24416587
Mistral-Prot,UMAP,seq_1305,0,1.948331,0.46981928
Mistral-Prot,UMAP,seq_1306,0,1.8332603,0.32337734
Mistral-Prot,UMAP,seq_1307,0,7.1113076,-0.11741767
Mistral-Prot,UMAP,seq_1308,0,3.8588073,1.9784799
Mistral-Prot,UMAP,seq_1309,0,2.132096,-0.66654396
Mistral-Prot,UMAP,seq_1310,0,1.1619934,0.015112967
Mistral-Prot,UMAP,seq_1311,0,-1.2885895,0.15489736
Mistral-Prot,UMAP,seq_1312,0,2.4818943,1.848142
Mistral-Prot,UMAP,seq_1313,0,0.2325102,1.5944457
Mistral-Prot,UMAP,seq_1314,0,2.709913,0.24155903
Mistral-Prot,UMAP,seq_1315,0,3.6395588,3.4351447
Mistral-Prot,UMAP,seq_1316,0,3.8749857,2.7929652
Mistral-Prot,UMAP,seq_1317,0,3.5114422,2.3785572
Mistral-Prot,UMAP,seq_1318,0,2.909233,0.94204265
Mistral-Prot,UMAP,seq_1319,0,1.9618268,1.3860532
Mistral-Prot,UMAP,seq_1320,0,6.484237,0.3304151
Mistral-Prot,UMAP,seq_1321,0,3.803544,0.31088686
Mistral-Prot,UMAP,seq_1322,0,5.0689187,1.963437
Mistral-Prot,UMAP,seq_1323,0,2.3578176,-0.62657464
Mistral-Prot,UMAP,seq_1324,0,6.1917553,1.8866335
Mistral-Prot,UMAP,seq_1325,0,3.7619812,3.3680396
Mistral-Prot,UMAP,seq_1326,0,2.8889594,2.822737
Mistral-Prot,UMAP,seq_1327,0,7.007454,0.54010254
Mistral-Prot,UMAP,seq_1328,0,-0.41066408,0.74595034
Mistral-Prot,UMAP,seq_1329,0,2.184591,1.8661027
Mistral-Prot,UMAP,seq_1330,0,0.18007736,0.98237884
Mistral-Prot,UMAP,seq_1331,0,5.7935658,1.4952328
Mistral-Prot,UMAP,seq_1332,0,2.5094697,1.2362306
Mistral-Prot,UMAP,seq_1333,0,0.12941577,0.33991823
Mistral-Prot,UMAP,seq_1334,0,2.8984149,0.6480476
Mistral-Prot,UMAP,seq_1335,0,-0.7078513,1.0544227
Mistral-Prot,UMAP,seq_1336,0,2.1220615,2.1844919
Mistral-Prot,UMAP,seq_1337,0,3.7041745,-0.0031338725
Mistral-Prot,UMAP,seq_1338,0,1.9039565,1.2949643
Mistral-Prot,UMAP,seq_1339,0,1.0743738,0.95778215
Mistral-Prot,UMAP,seq_1340,0,3.7043595,3.0446224
Mistral-Prot,UMAP,seq_1341,0,4.432481,-0.05278841
Mistral-Prot,UMAP,seq_1342,0,3.5143163,1.7181935
Mistral-Prot,UMAP,seq_1343,0,3.5337343,0.8731877
Mistral-Prot,UMAP,seq_1344,0,0.5839421,0.25498757
Mistral-Prot,UMAP,seq_1345,0,3.3781493,1.6074381
Mistral-Prot,UMAP,seq_1346,0,0.12452273,-0.07138797
Mistral-Prot,UMAP,seq_1347,0,6.999896,0.29434446
Mistral-Prot,UMAP,seq_1348,0,2.169704,1.7344613
Mistral-Prot,UMAP,seq_1349,0,3.5408285,2.3769083
Mistral-Prot,UMAP,seq_1350,0,5.273872,0.22990091
Mistral-Prot,UMAP,seq_1351,0,5.8252497,1.5771601
Mistral-Prot,UMAP,seq_1352,0,-0.8295895,0.48823968
Mistral-Prot,UMAP,seq_1353,0,2.561685,1.3709095
Mistral-Prot,UMAP,seq_1354,0,5.08552,0.7219862
Mistral-Prot,UMAP,seq_1355,0,3.3295372,1.8463852
Mistral-Prot,UMAP,seq_1356,0,0.56124574,-0.13997427
Mistral-Prot,UMAP,seq_1357,0,0.05176214,0.81487304
Mistral-Prot,UMAP,seq_1358,0,0.1739556,-0.4445267
Mistral-Prot,UMAP,seq_1359,0,7.462087,0.05969802
Mistral-Prot,UMAP,seq_1360,0,5.093646,-0.4967342
Mistral-Prot,UMAP,seq_1361,0,1.505494,0.83124125
Mistral-Prot,UMAP,seq_1362,0,6.798465,0.27231216
Mistral-Prot,UMAP,seq_1363,0,4.2324557,1.6975
Mistral-Prot,UMAP,seq_1364,0,2.0808072,0.4047107
Mistral-Prot,UMAP,seq_1365,0,4.085367,1.1242028
Mistral-Prot,UMAP,seq_1366,0,4.326945,1.3536963
Mistral-Prot,UMAP,seq_1367,0,3.5149834,1.2816015
Mistral-Prot,UMAP,seq_1368,0,0.23916344,-0.24548058
Mistral-Prot,UMAP,seq_1369,0,3.5764165,0.008847301
Mistral-Prot,UMAP,seq_1370,0,0.15933198,0.0014040413
Mistral-Prot,UMAP,seq_1371,0,5.0328383,0.5244359
Mistral-Prot,UMAP,seq_1372,0,5.2294655,1.1552888
Mistral-Prot,UMAP,seq_1373,0,6.090079,-0.2688458
Mistral-Prot,UMAP,seq_1374,0,5.1702046,1.0241394
Mistral-Prot,UMAP,seq_1375,0,0.14278652,-0.8347376
Mistral-Prot,UMAP,seq_1376,0,1.0013663,0.24790533
Mistral-Prot,UMAP,seq_1377,0,3.5605416,1.0311645
Mistral-Prot,UMAP,seq_1378,0,3.997206,-0.77548754
Mistral-Prot,UMAP,seq_1379,0,2.1707187,0.5074437
Mistral-Prot,UMAP,seq_1380,0,7.1466184,0.35912257
Mistral-Prot,UMAP,seq_1381,0,2.7361608,2.3552573
Mistral-Prot,UMAP,seq_1382,0,3.3746467,0.77463573
Mistral-Prot,UMAP,seq_1383,0,1.7246108,0.22275186
Mistral-Prot,UMAP,seq_1384,0,1.0942143,0.5215542
Mistral-Prot,UMAP,seq_1385,0,3.7370083,1.7842695
Mistral-Prot,UMAP,seq_1386,0,6.8931875,0.57286495
Mistral-Prot,UMAP,seq_1387,0,3.8207722,0.6988175
Mistral-Prot,UMAP,seq_1388,0,-0.5267085,0.19429469
Mistral-Prot,UMAP,seq_1389,0,0.7837893,-0.84418684
Mistral-Prot,UMAP,seq_1390,0,2.7230616,2.6543508
Mistral-Prot,UMAP,seq_1391,0,-0.55846643,0.22377796
Mistral-Prot,UMAP,seq_1392,0,5.8799825,1.2418615
Mistral-Prot,UMAP,seq_1393,0,4.71068,2.1565282
Mistral-Prot,UMAP,seq_1394,0,4.400367,3.17272
Mistral-Prot,UMAP,seq_1395,0,6.181743,0.9144162
Mistral-Prot,UMAP,seq_1396,0,0.24780686,0.40552816
Mistral-Prot,UMAP,seq_1397,0,0.06987326,-0.92034805
Mistral-Prot,UMAP,seq_1398,0,2.1278353,0.19919278
Mistral-Prot,UMAP,seq_1399,0,0.09658604,0.8138297
Mistral-Prot,UMAP,seq_1400,0,1.46335,1.0206952
Mistral-Prot,UMAP,seq_1401,0,-0.3981376,0.48845118
Mistral-Prot,UMAP,seq_1402,0,-0.33845142,0.31023586
Mistral-Prot,UMAP,seq_1403,0,3.050765,2.2811828
Mistral-Prot,UMAP,seq_1404,0,2.8769503,1.0519155
Mistral-Prot,UMAP,seq_1405,0,5.659744,-0.17948711
Mistral-Prot,UMAP,seq_1406,0,0.6767457,0.5557244
Mistral-Prot,UMAP,seq_1407,0,6.132397,-0.81876314
Mistral-Prot,UMAP,seq_1408,0,6.5088096,1.0563368
Mistral-Prot,UMAP,seq_1409,0,2.82847,2.6629407
Mistral-Prot,UMAP,seq_1410,0,2.4052591,-0.8125618
Mistral-Prot,UMAP,seq_1411,0,0.58434516,0.10863147
Mistral-Prot,UMAP,seq_1412,0,2.3655858,0.17587577
Mistral-Prot,UMAP,seq_1413,0,4.3288693,-0.35243422
Mistral-Prot,UMAP,seq_1414,0,0.48948422,-0.13085508
Mistral-Prot,UMAP,seq_1415,0,2.5999577,0.6647892
Mistral-Prot,UMAP,seq_1416,0,7.182398,-0.33559263
Mistral-Prot,UMAP,seq_1417,0,5.107454,1.7906218
Mistral-Prot,UMAP,seq_1418,0,4.372224,1.7979003
Mistral-Prot,UMAP,seq_1419,0,2.1911423,-0.43769112
Mistral-Prot,UMAP,seq_1420,0,3.7176385,1.1428701
Mistral-Prot,UMAP,seq_1421,0,1.5283666,-1.5387172
Mistral-Prot,UMAP,seq_1422,0,4.5336266,1.6255491
Mistral-Prot,UMAP,seq_1423,0,3.1845598,1.099943
Mistral-Prot,UMAP,seq_1424,0,0.4303541,0.9123707
Mistral-Prot,UMAP,seq_1425,0,3.1237202,1.2825059
Mistral-Prot,UMAP,seq_1426,0,3.8167114,1.9225212
Mistral-Prot,UMAP,seq_1427,0,3.3261275,0.11442803
Mistral-Prot,UMAP,seq_1428,0,3.1270993,3.1179957
Mistral-Prot,UMAP,seq_1429,0,5.709487,1.2826699
Mistral-Prot,UMAP,seq_1430,0,5.9367805,0.1821837
Mistral-Prot,UMAP,seq_1431,0,3.0007162,0.60951686
Mistral-Prot,UMAP,seq_1432,0,3.944953,0.85964036
Mistral-Prot,UMAP,seq_1433,0,3.4170852,-0.4893506
Mistral-Prot,UMAP,seq_1434,0,1.5085504,0.42693704
Mistral-Prot,UMAP,seq_1435,0,3.2732127,-0.5242305
Mistral-Prot,UMAP,seq_1436,0,6.219063,-0.27922282
Mistral-Prot,UMAP,seq_1437,0,2.7864065,0.61310387
Mistral-Prot,UMAP,seq_1438,0,2.533677,0.22768548
Mistral-Prot,UMAP,seq_1439,0,2.2315214,-0.6705867
Mistral-Prot,UMAP,seq_1440,0,3.270107,-0.3116796
Mistral-Prot,UMAP,seq_1441,0,7.4569454,0.22029735
Mistral-Prot,UMAP,seq_1442,0,2.8169994,0.61574495
Mistral-Prot,UMAP,seq_1443,0,6.19045,1.5429478
Mistral-Prot,UMAP,seq_1444,0,6.2145,0.8202263
Mistral-Prot,UMAP,seq_1445,0,4.2574873,2.8922126
Mistral-Prot,UMAP,seq_1446,0,4.0948577,1.1426207
Mistral-Prot,UMAP,seq_1447,0,0.54526323,-1.1273614
Mistral-Prot,UMAP,seq_1448,0,2.2801313,-0.032794703
Mistral-Prot,UMAP,seq_1449,0,6.0713573,0.5359217
Mistral-Prot,UMAP,seq_1450,0,2.7715135,0.32043767
Mistral-Prot,UMAP,seq_1451,0,5.736837,2.107633
Mistral-Prot,UMAP,seq_1452,0,4.3242836,1.2636422
Mistral-Prot,UMAP,seq_1453,0,4.8442364,-0.17633967
Mistral-Prot,UMAP,seq_1454,0,5.8199325,1.7414843
Mistral-Prot,UMAP,seq_1455,0,5.416613,-1.2376324
Mistral-Prot,UMAP,seq_1456,0,2.6688528,0.44191977
Mistral-Prot,UMAP,seq_1457,0,5.8742294,0.15271226
Mistral-Prot,UMAP,seq_1458,0,6.640379,-0.9466462
Mistral-Prot,UMAP,seq_1459,0,5.882806,0.4205834
Mistral-Prot,UMAP,seq_1460,0,3.2889602,-0.35839915
Mistral-Prot,UMAP,seq_1461,0,6.230739,1.7923833
Mistral-Prot,UMAP,seq_1462,0,3.9369829,2.0059166
Mistral-Prot,UMAP,seq_1463,0,3.3437052,0.13101093
Mistral-Prot,UMAP,seq_1464,0,0.49297118,-0.45358282
Mistral-Prot,UMAP,seq_1465,0,4.088066,0.4892613
Mistral-Prot,UMAP,seq_1466,0,-0.08902586,0.033834647
Mistral-Prot,UMAP,seq_1467,0,5.492505,-0.7515952
Mistral-Prot,UMAP,seq_1468,0,2.9912503,1.1304342
Mistral-Prot,UMAP,seq_1469,0,-0.63894,0.1692731
Mistral-Prot,UMAP,seq_1470,0,2.9674087,1.0281427
Mistral-Prot,UMAP,seq_1471,0,7.4161277,2.5984032
Mistral-Prot,UMAP,seq_1472,0,3.4264982,0.88622034
Mistral-Prot,UMAP,seq_1473,0,5.2561316,0.29622546
Mistral-Prot,UMAP,seq_1474,0,-0.019052053,0.15754783
Mistral-Prot,UMAP,seq_1475,0,1.9538084,-0.10659734
Mistral-Prot,UMAP,seq_1476,0,3.4758759,-0.010942384
Mistral-Prot,UMAP,seq_1477,0,1.8071249,1.9200116
Mistral-Prot,UMAP,seq_1478,0,4.115962,-0.13148433
Mistral-Prot,UMAP,seq_1479,0,3.6737344,0.23345508
Mistral-Prot,UMAP,seq_1480,0,2.3075998,0.40227675
Mistral-Prot,UMAP,seq_1481,0,2.4001713,1.8734118
Mistral-Prot,UMAP,seq_1482,0,0.28624365,-0.38391852
Mistral-Prot,UMAP,seq_1483,0,2.5735595,0.24931327
Mistral-Prot,UMAP,seq_1484,0,5.77527,0.39793164
Mistral-Prot,UMAP,seq_1485,0,5.4078937,-0.110353954
Mistral-Prot,UMAP,seq_1486,0,0.14317967,-0.017466588
Mistral-Prot,UMAP,seq_1487,0,1.3962528,-1.0626239
Mistral-Prot,UMAP,seq_1488,0,7.4614806,0.03063357
Mistral-Prot,UMAP,seq_1489,0,5.6801333,0.1808552
Mistral-Prot,UMAP,seq_1490,0,2.0891888,0.32481432
Mistral-Prot,UMAP,seq_1491,0,4.578266,0.5153293
Mistral-Prot,UMAP,seq_1492,0,3.1661615,0.49217442
Mistral-Prot,UMAP,seq_1493,0,6.462945,0.46784776
Mistral-Prot,UMAP,seq_1494,0,4.1579356,-0.47125438
Mistral-Prot,UMAP,seq_1495,0,2.9078743,0.20050919
Mistral-Prot,UMAP,seq_1496,0,3.140111,-0.42444548
Mistral-Prot,UMAP,seq_1497,0,3.476629,0.28292203
Mistral-Prot,UMAP,seq_1498,0,2.8487992,-0.6558082
Mistral-Prot,UMAP,seq_1499,0,7.444344,-0.22317342
Mistral-Prot,UMAP,seq_1500,0,4.1092167,1.7342199
Mistral-Prot,UMAP,seq_1501,0,3.6081991,2.0172503
Mistral-Prot,UMAP,seq_1502,0,6.65802,0.4363085
Mistral-Prot,UMAP,seq_1503,0,1.1429487,-0.1252882
Mistral-Prot,UMAP,seq_1504,0,5.396835,1.2567358
Mistral-Prot,UMAP,seq_1505,0,4.038761,0.16977221
Mistral-Prot,UMAP,seq_1506,0,2.2808251,-1.0115962
Mistral-Prot,UMAP,seq_1507,0,2.1300673,-0.8582794
Mistral-Prot,UMAP,seq_1508,0,6.88948,1.1091324
Mistral-Prot,UMAP,seq_1509,0,0.7733319,0.87507766
Mistral-Prot,UMAP,seq_1510,0,2.7873452,1.0214094
Mistral-Prot,UMAP,seq_1511,0,4.3841543,2.4074862
Mistral-Prot,UMAP,seq_1512,0,5.266281,-2.16861
Mistral-Prot,UMAP,seq_1513,0,2.232377,-0.37920648
Mistral-Prot,UMAP,seq_1514,0,1.9088782,0.6816667
Mistral-Prot,UMAP,seq_1515,0,6.4990907,0.8498993
Mistral-Prot,UMAP,seq_1516,0,1.0910667,0.12549992
Mistral-Prot,UMAP,seq_1517,0,4.604323,2.1804543
Mistral-Prot,UMAP,seq_1518,0,3.428627,3.0544589
Mistral-Prot,UMAP,seq_1519,0,4.221952,2.105252
Mistral-Prot,UMAP,seq_1520,0,0.81517076,-0.43491346
Mistral-Prot,UMAP,seq_1521,0,2.3968,1.7986315
Mistral-Prot,UMAP,seq_1522,0,3.2312067,0.98922527
Mistral-Prot,UMAP,seq_1523,0,4.5321155,1.1164443
Mistral-Prot,UMAP,seq_1524,0,0.30857748,0.38747948
Mistral-Prot,UMAP,seq_1525,0,5.3016057,-2.082144
Mistral-Prot,UMAP,seq_1526,0,5.5222683,-0.057413608
Mistral-Prot,UMAP,seq_1527,0,5.1728606,0.54798555
Mistral-Prot,UMAP,seq_1528,0,6.2042017,1.7884167
Mistral-Prot,UMAP,seq_1529,0,5.751962,0.44419602
Mistral-Prot,UMAP,seq_1530,0,2.5924995,1.2231953
Mistral-Prot,UMAP,seq_1531,0,-0.283387,1.0738006
Mistral-Prot,UMAP,seq_1532,0,2.799925,-1.28917
Mistral-Prot,UMAP,seq_1533,0,5.422817,1.2675304
Mistral-Prot,UMAP,seq_1534,0,2.0571625,1.6090571
Mistral-Prot,UMAP,seq_1535,0,2.4411197,0.5753946
Mistral-Prot,UMAP,seq_1536,0,4.636221,1.6432041
Mistral-Prot,UMAP,seq_1537,0,4.7347517,-0.9334371
Mistral-Prot,UMAP,seq_1538,0,3.8940623,3.1806908
Mistral-Prot,UMAP,seq_1539,0,4.6011987,-0.5490462
Mistral-Prot,UMAP,seq_1540,0,3.4026673,2.4428773
Mistral-Prot,UMAP,seq_1541,0,3.6849043,1.5739204
Mistral-Prot,UMAP,seq_1542,0,4.206205,-0.739011
Mistral-Prot,UMAP,seq_1543,0,6.7989063,0.23609568
Mistral-Prot,UMAP,seq_1544,0,2.9751024,0.83263344
Mistral-Prot,UMAP,seq_1545,0,5.250018,0.5860619
Mistral-Prot,UMAP,seq_1546,0,5.2659383,-1.0731779
Mistral-Prot,UMAP,seq_1547,0,4.611821,-0.6764923
Mistral-Prot,UMAP,seq_1548,0,0.42858362,0.19426371
Mistral-Prot,UMAP,seq_1549,0,4.5811114,-0.2611992
Mistral-Prot,UMAP,seq_1550,0,2.834999,1.0104505
Mistral-Prot,UMAP,seq_1551,0,3.161517,0.17622705
Mistral-Prot,UMAP,seq_1552,0,4.4541135,-0.17187235
Mistral-Prot,UMAP,seq_1553,0,0.6323281,-0.06925462
Mistral-Prot,UMAP,seq_1554,0,2.6231272,1.9222752
Mistral-Prot,UMAP,seq_1555,0,3.0918205,1.5380859
Mistral-Prot,UMAP,seq_1556,0,4.1125135,3.515622
Mistral-Prot,UMAP,seq_1557,0,2.966073,-0.37974694
Mistral-Prot,UMAP,seq_1558,0,5.414273,1.9995539
Mistral-Prot,UMAP,seq_1559,0,4.3001513,3.649917
Mistral-Prot,UMAP,seq_1560,0,3.984019,3.6667833
Mistral-Prot,UMAP,seq_1561,0,7.2295976,0.056519333
Mistral-Prot,UMAP,seq_1562,0,5.6904097,-0.75569403
Mistral-Prot,UMAP,seq_1563,0,2.2894278,1.332263
Mistral-Prot,UMAP,seq_1564,0,3.650199,-0.87716407
Mistral-Prot,UMAP,seq_1565,0,1.2646363,0.57700694
Mistral-Prot,UMAP,seq_1566,0,6.561835,0.2275066
Mistral-Prot,UMAP,seq_1567,0,2.0711145,1.3644323
Mistral-Prot,UMAP,seq_1568,0,3.4168892,-2.1203878
Mistral-Prot,UMAP,seq_1569,0,3.6288218,1.619074
Mistral-Prot,UMAP,seq_1570,0,6.969229,-0.05081207
Mistral-Prot,UMAP,seq_1571,0,6.8800135,0.82049733
Mistral-Prot,UMAP,seq_1572,0,4.4750075,1.8373694
Mistral-Prot,UMAP,seq_1573,0,2.0819259,0.52188337
Mistral-Prot,UMAP,seq_1574,0,3.9781592,2.846475
Mistral-Prot,UMAP,seq_1575,0,2.1410134,-0.35728887
Mistral-Prot,UMAP,seq_1576,0,3.8878078,3.5850973
Mistral-Prot,UMAP,seq_1577,0,6.635079,-0.15524672
Mistral-Prot,UMAP,seq_1578,0,4.3867645,0.39980274
Mistral-Prot,UMAP,seq_1579,0,2.6290011,-0.068832
Mistral-Prot,UMAP,seq_1580,0,4.8588505,0.6533377
Mistral-Prot,UMAP,seq_1581,0,6.159829,1.6160172
Mistral-Prot,UMAP,seq_1582,0,3.450818,-0.49448144
Mistral-Prot,UMAP,seq_1583,0,0.66772246,0.30534723
Mistral-Prot,UMAP,seq_1584,0,5.7544727,-0.8522087
Mistral-Prot,UMAP,seq_1585,0,3.2188148,2.5088055
Mistral-Prot,UMAP,seq_1586,0,3.8724031,3.4057724
Mistral-Prot,UMAP,seq_1587,0,4.4766927,1.6477891
Mistral-Prot,UMAP,seq_1588,0,5.549306,0.6387504
Mistral-Prot,UMAP,seq_1589,0,2.8941293,-1.330344
Mistral-Prot,UMAP,seq_1590,0,-0.0776699,-0.48108774
Mistral-Prot,UMAP,seq_1591,0,4.9717894,1.2258979
Mistral-Prot,UMAP,seq_1592,0,0.4710039,-0.84018564
Mistral-Prot,UMAP,seq_1593,0,4.99273,-2.7430093
Mistral-Prot,UMAP,seq_1594,0,5.145438,-0.8063023
Mistral-Prot,UMAP,seq_1595,0,3.3847535,-1.7591349
Mistral-Prot,UMAP,seq_1596,0,2.987021,1.4777865
Mistral-Prot,UMAP,seq_1597,0,3.8762097,-1.2377485
Mistral-Prot,UMAP,seq_1598,0,0.25449783,0.19784471
Mistral-Prot,UMAP,seq_1599,0,4.516695,2.4524963
Mistral-Prot,UMAP,seq_1600,0,1.1961076,-0.9437004
Mistral-Prot,UMAP,seq_1601,0,5.4782147,-2.0309963
Mistral-Prot,UMAP,seq_1602,0,6.082317,-1.7957346
Mistral-Prot,UMAP,seq_1603,0,2.2714717,-0.18937573
Mistral-Prot,UMAP,seq_1604,0,3.6498551,-3.0815196
Mistral-Prot,UMAP,seq_1605,0,0.27660146,-1.2422581
Mistral-Prot,UMAP,seq_1606,0,4.260398,-3.061586
Mistral-Prot,UMAP,seq_1607,0,0.69029164,-0.9754339
Mistral-Prot,UMAP,seq_1608,0,0.73630947,-1.1582433
Mistral-Prot,UMAP,seq_1609,0,0.42028248,-1.2281917
Mistral-Prot,UMAP,seq_1610,0,5.004506,0.13951406
Mistral-Prot,UMAP,seq_1611,0,0.7140676,0.32821584
Mistral-Prot,UMAP,seq_1612,0,5.3525777,-1.9474257
Mistral-Prot,UMAP,seq_1613,0,0.12126964,0.47555152
Mistral-Prot,UMAP,seq_1614,0,0.77300465,-0.89480436
Mistral-Prot,UMAP,seq_1615,0,5.953769,-2.3227513
Mistral-Prot,UMAP,seq_1616,0,4.2506804,1.837749
Mistral-Prot,UMAP,seq_1617,0,3.2185028,0.1268531
Mistral-Prot,UMAP,seq_1618,0,0.1629021,-1.1014893
Mistral-Prot,UMAP,seq_1619,0,1.2268963,-1.6478583
Mistral-Prot,UMAP,seq_1620,0,1.9214852,2.1608834
Mistral-Prot,UMAP,seq_1621,0,4.7692695,0.09920675
Mistral-Prot,UMAP,seq_1622,0,4.951816,0.4497233
Mistral-Prot,UMAP,seq_1623,0,4.8970475,-2.3641737
Mistral-Prot,UMAP,seq_1624,0,5.018727,-0.13171314
Mistral-Prot,UMAP,seq_1625,0,4.581688,-2.6918988
Mistral-Prot,UMAP,seq_1626,0,2.4958022,1.3941884
Mistral-Prot,UMAP,seq_1627,0,0.028214313,0.18613744
Mistral-Prot,UMAP,seq_1628,0,5.367366,-1.4182943
Mistral-Prot,UMAP,seq_1629,0,-0.51508516,0.8528792
Mistral-Prot,UMAP,seq_1630,0,2.9716654,-1.1556683
Mistral-Prot,UMAP,seq_1631,0,1.6158054,0.8433483
Mistral-Prot,UMAP,seq_1632,0,4.703611,0.078768015
Mistral-Prot,UMAP,seq_1633,0,1.431304,-0.46782047
Mistral-Prot,UMAP,seq_1634,0,5.360196,-0.334852
Mistral-Prot,UMAP,seq_1635,0,0.8196713,0.13027193
Mistral-Prot,UMAP,seq_1636,0,0.3136111,-0.09339024
Mistral-Prot,UMAP,seq_1637,0,1.2252343,-0.29990914
Mistral-Prot,UMAP,seq_1638,0,0.7688083,1.3293498
Mistral-Prot,UMAP,seq_1639,0,2.737901,-0.21982896
Mistral-Prot,UMAP,seq_1640,0,1.7235214,1.4117273
Mistral-Prot,UMAP,seq_1641,0,1.981823,1.6021284
Mistral-Prot,UMAP,seq_1642,0,0.38047716,-0.4440324
Mistral-Prot,UMAP,seq_1643,0,4.8144865,-2.6071773
Mistral-Prot,UMAP,seq_1644,0,2.5642657,0.3896616
Mistral-Prot,UMAP,seq_1645,0,0.5464153,-0.5686671
Mistral-Prot,UMAP,seq_1646,0,5.8009624,-0.24193439
Mistral-Prot,UMAP,seq_1647,0,4.266286,-2.8560588
Mistral-Prot,UMAP,seq_1648,0,2.7966146,-0.66912156
Mistral-Prot,UMAP,seq_1649,0,1.0080941,-1.4510446
Mistral-Prot,UMAP,seq_1650,0,3.5337021,-3.015772
Mistral-Prot,UMAP,seq_1651,0,4.439477,-1.4434769
Mistral-Prot,UMAP,seq_1652,0,0.368467,-1.1847674
Mistral-Prot,UMAP,seq_1653,0,3.7858417,-3.2056751
Mistral-Prot,UMAP,seq_1654,0,1.7877685,1.6033537
Mistral-Prot,UMAP,seq_1655,0,3.3726978,0.20102322
Mistral-Prot,UMAP,seq_1656,0,3.5334682,0.32877454
Mistral-Prot,UMAP,seq_1657,0,0.50558054,0.7522349
Mistral-Prot,UMAP,seq_1658,0,6.583245,-1.5683327
Mistral-Prot,UMAP,seq_1659,0,1.0065911,-0.45872402
Mistral-Prot,UMAP,seq_1660,0,-0.12452071,0.050912708
Mistral-Prot,UMAP,seq_1661,0,3.246881,-1.5395703
Mistral-Prot,UMAP,seq_1662,0,3.5776713,1.323397
Mistral-Prot,UMAP,seq_1663,0,6.2358027,0.03944762
Mistral-Prot,UMAP,seq_1664,0,3.5701423,-2.4712348
Mistral-Prot,UMAP,seq_1665,0,5.159316,-0.72092664
Mistral-Prot,UMAP,seq_1666,0,5.6634083,-1.6881291
Mistral-Prot,UMAP,seq_1667,0,5.397908,-2.3639433
Mistral-Prot,UMAP,seq_1668,0,3.9938576,0.3426734
Mistral-Prot,UMAP,seq_1669,0,2.8120604,-0.20373616
Mistral-Prot,UMAP,seq_1670,0,4.1073866,-0.113450594
Mistral-Prot,UMAP,seq_1671,0,2.5960593,-1.5887885
Mistral-Prot,UMAP,seq_1672,0,3.168707,2.4695783
Mistral-Prot,UMAP,seq_1673,0,3.3216257,-1.8774736
Mistral-Prot,UMAP,seq_1674,0,3.7454474,-3.1852977
Mistral-Prot,UMAP,seq_1675,0,4.8662777,1.1425847
Mistral-Prot,UMAP,seq_1676,0,3.4566114,-0.10850879
Mistral-Prot,UMAP,seq_1677,0,3.501066,-2.2008765
Mistral-Prot,UMAP,seq_1678,0,0.6432578,-0.5802302
Mistral-Prot,UMAP,seq_1679,0,3.4118407,-1.1292373
Mistral-Prot,UMAP,seq_1680,0,1.8237818,-0.6731414
Mistral-Prot,UMAP,seq_1681,0,2.8744783,1.9944662
Mistral-Prot,UMAP,seq_1682,0,6.1147437,-2.1928003
Mistral-Prot,UMAP,seq_1683,0,3.9519284,-3.051262
Mistral-Prot,UMAP,seq_1684,0,1.1761928,-0.98070943
Mistral-Prot,UMAP,seq_1685,0,3.9228005,1.9974787
Mistral-Prot,UMAP,seq_1686,0,4.638494,0.8236177
Mistral-Prot,UMAP,seq_1687,0,3.1075594,1.2108176
Mistral-Prot,UMAP,seq_1688,0,4.362374,-0.8328004
Mistral-Prot,UMAP,seq_1689,0,2.9442174,1.220163
Mistral-Prot,UMAP,seq_1690,0,5.3430705,1.1455762
Mistral-Prot,UMAP,seq_1691,0,0.935031,1.3782963
Mistral-Prot,UMAP,seq_1692,0,4.27372,2.9428008
Mistral-Prot,UMAP,seq_1693,0,3.6006951,-0.86046153
Mistral-Prot,UMAP,seq_1694,0,5.943876,0.7791398
Mistral-Prot,UMAP,seq_1695,0,0.9570087,0.71557134
Mistral-Prot,UMAP,seq_1696,0,5.2569823,-3.1438708
Mistral-Prot,UMAP,seq_1697,0,3.9772794,-3.1933508
Mistral-Prot,UMAP,seq_1698,0,0.64759356,1.475338
Mistral-Prot,UMAP,seq_1699,0,6.1066,1.2866789
Mistral-Prot,UMAP,seq_1700,0,4.799935,1.6835535
Mistral-Prot,UMAP,seq_1701,0,2.8168542,-1.3055462
Mistral-Prot,UMAP,seq_1702,0,2.6525056,-0.65563273
Mistral-Prot,UMAP,seq_1703,0,6.7395635,-0.7027264
Mistral-Prot,UMAP,seq_1704,0,4.1112814,-3.0843089
Mistral-Prot,UMAP,seq_1705,0,7.09175,0.30925837
Mistral-Prot,UMAP,seq_1706,0,3.8654232,-1.2268856
Mistral-Prot,UMAP,seq_1707,0,0.8637246,0.53473157
Mistral-Prot,UMAP,seq_1708,0,6.213705,-1.068868
Mistral-Prot,UMAP,seq_1709,0,-0.40177983,1.1486913
Mistral-Prot,UMAP,seq_1710,0,-0.31037965,0.15236011
Mistral-Prot,UMAP,seq_1711,0,1.7113502,1.4457331
Mistral-Prot,UMAP,seq_1712,0,5.302742,-0.34929875
Mistral-Prot,UMAP,seq_1713,0,2.727461,-0.38091478
Mistral-Prot,UMAP,seq_1714,0,4.6053047,-1.9052434
Mistral-Prot,UMAP,seq_1715,0,3.5354168,-1.1898274
Mistral-Prot,UMAP,seq_1716,0,3.3848674,2.474911
Mistral-Prot,UMAP,seq_1717,0,3.8064938,2.3654346
Mistral-Prot,UMAP,seq_1718,0,5.5512524,-1.3460994
Mistral-Prot,UMAP,seq_1719,0,0.055502985,1.136465
Mistral-Prot,UMAP,seq_1720,0,4.3560004,3.4323804
Mistral-Prot,UMAP,seq_1721,0,0.23810358,1.2223593
Mistral-Prot,UMAP,seq_1722,0,1.0856366,0.35486203
Mistral-Prot,UMAP,seq_1723,0,2.9597723,0.19154285
Mistral-Prot,UMAP,seq_1724,0,4.824748,0.7697508
Mistral-Prot,UMAP,seq_1725,0,-0.43310562,1.0041306
Mistral-Prot,UMAP,seq_1726,0,3.1522176,2.2422287
Mistral-Prot,UMAP,seq_1727,0,1.1720729,1.0659064
Mistral-Prot,UMAP,seq_1728,0,-0.35635754,-0.48833656
Mistral-Prot,UMAP,seq_1729,0,-0.62610406,-0.79919815
Mistral-Prot,UMAP,seq_1730,0,1.7312961,1.2416611
Mistral-Prot,UMAP,seq_1731,0,0.8604945,-1.3342525
Mistral-Prot,UMAP,seq_1732,0,-0.21082175,-0.3397901
Mistral-Prot,UMAP,seq_1733,0,0.54533374,0.8854332
Mistral-Prot,UMAP,seq_1734,0,1.1182774,-1.688511
Mistral-Prot,UMAP,seq_1735,0,1.1141382,1.6337051
Mistral-Prot,UMAP,seq_1736,0,3.287036,-2.1819508
Mistral-Prot,UMAP,seq_1737,0,1.070101,1.9241532
Mistral-Prot,UMAP,seq_1738,0,5.3779926,-2.2821875
Mistral-Prot,UMAP,seq_1739,0,4.1719437,0.10814869
Mistral-Prot,UMAP,seq_1740,0,0.9515894,1.0324407
Mistral-Prot,UMAP,seq_1741,0,4.972007,-0.18692681
Mistral-Prot,UMAP,seq_1742,0,3.0400991,-0.03634226
Mistral-Prot,UMAP,seq_1743,0,2.148385,-0.35538313
Mistral-Prot,UMAP,seq_1744,0,3.2982695,2.2779071
Mistral-Prot,UMAP,seq_1745,0,8.031816,1.8322378
Mistral-Prot,UMAP,seq_1746,0,2.989707,0.23638898
Mistral-Prot,UMAP,seq_1747,0,3.3163676,-1.7852159
Mistral-Prot,UMAP,seq_1748,0,4.8475385,2.3362818
Mistral-Prot,UMAP,seq_1749,0,0.80267775,-0.5572325
Mistral-Prot,UMAP,seq_1750,0,4.3797874,-1.1786102
Mistral-Prot,UMAP,seq_1751,0,3.5003514,-0.11826915
Mistral-Prot,UMAP,seq_1752,0,3.7144387,-2.6249735
Mistral-Prot,UMAP,seq_1753,0,3.228854,-1.8707641
Mistral-Prot,UMAP,seq_1754,0,0.96857965,-1.4445436
Mistral-Prot,UMAP,seq_1755,0,1.737491,-0.4057112
Mistral-Prot,UMAP,seq_1756,0,4.82241,-0.27177987
Mistral-Prot,UMAP,seq_1757,0,2.9317863,-0.7024553
Mistral-Prot,UMAP,seq_1758,0,1.8032868,1.0407634
Mistral-Prot,UMAP,seq_1759,0,1.8925043,-0.060155235
Mistral-Prot,UMAP,seq_1760,0,6.0092335,0.17413706
Mistral-Prot,UMAP,seq_1761,0,-0.8358779,0.23519178
Mistral-Prot,UMAP,seq_1762,0,5.537011,-0.03160207
Mistral-Prot,UMAP,seq_1763,0,1.8421121,-0.26008308
Mistral-Prot,UMAP,seq_1764,0,1.4924161,1.1785399
Mistral-Prot,UMAP,seq_1765,0,-0.6582379,-0.11371901
Mistral-Prot,UMAP,seq_1766,0,6.340574,0.16678417
Mistral-Prot,UMAP,seq_1767,0,2.9242976,1.6540759
Mistral-Prot,UMAP,seq_1768,0,5.774095,-1.0529988
Mistral-Prot,UMAP,seq_1769,0,-0.33176377,-0.04900657
Mistral-Prot,UMAP,seq_1770,0,1.432333,0.84056073
Mistral-Prot,UMAP,seq_1771,0,7.01926,0.40113014
Mistral-Prot,UMAP,seq_1772,0,-0.6237835,0.8395478
Mistral-Prot,UMAP,seq_1773,0,5.255503,-1.0113567
Mistral-Prot,UMAP,seq_1774,0,5.887668,-1.8096318
Mistral-Prot,UMAP,seq_1775,0,4.642353,-1.0012372
Mistral-Prot,UMAP,seq_1776,0,5.2116656,0.66377157
Mistral-Prot,UMAP,seq_1777,0,3.7950754,0.8815123
Mistral-Prot,UMAP,seq_1778,0,6.179564,-0.07389421
Mistral-Prot,UMAP,seq_1779,0,6.1816897,-0.018367741
Mistral-Prot,UMAP,seq_1780,0,6.0892262,-0.7544357
Mistral-Prot,UMAP,seq_1781,0,2.5236766,-0.7426945
Mistral-Prot,UMAP,seq_1782,0,6.6174183,1.7589229
Mistral-Prot,UMAP,seq_1783,0,0.5355578,-0.42571345
Mistral-Prot,UMAP,seq_1784,0,5.8766503,0.24569993
Mistral-Prot,UMAP,seq_1785,0,3.0501564,0.8671819
Mistral-Prot,UMAP,seq_1786,0,6.8482,-1.2494057
Mistral-Prot,UMAP,seq_1787,0,5.2997875,-2.1641877
Mistral-Prot,UMAP,seq_1788,0,1.9810114,-0.115226254
Mistral-Prot,UMAP,seq_1789,0,3.6236298,0.7987332
Mistral-Prot,UMAP,seq_1790,0,3.7662268,0.98838127
Mistral-Prot,UMAP,seq_1791,0,7.3803883,-0.2132556
Mistral-Prot,UMAP,seq_1792,0,2.83831,-0.3467145
Mistral-Prot,UMAP,seq_1793,0,5.651401,0.6436948
Mistral-Prot,UMAP,seq_1794,0,1.9453174,0.53354293
Mistral-Prot,UMAP,seq_1795,0,1.0865476,-0.39445642
Mistral-Prot,UMAP,seq_1796,0,4.24973,-3.3512876
Mistral-Prot,UMAP,seq_1797,0,3.2450416,0.7753346
Mistral-Prot,UMAP,seq_1798,0,1.8029045,1.6649475
Mistral-Prot,UMAP,seq_1799,0,1.4098662,0.8795023
Mistral-Prot,UMAP,seq_1800,0,0.897954,1.7721288
Mistral-Prot,UMAP,seq_1801,0,6.5821424,-1.5797279
Mistral-Prot,UMAP,seq_1802,0,1.4502567,0.88276595
Mistral-Prot,UMAP,seq_1803,0,5.1219954,-2.1169057
Mistral-Prot,UMAP,seq_1804,0,6.806148,-0.9775878
Mistral-Prot,UMAP,seq_1805,0,4.595118,-2.1151848
Mistral-Prot,UMAP,seq_1806,0,2.5215602,0.8571148
Mistral-Prot,UMAP,seq_1807,0,4.3848343,-0.21481664
Mistral-Prot,UMAP,seq_1808,0,4.7344847,-1.6055604
Mistral-Prot,UMAP,seq_1809,0,4.7714257,1.2694265
Mistral-Prot,UMAP,seq_1810,0,3.2080505,-1.0431161
Mistral-Prot,UMAP,seq_1811,0,6.993663,0.6704303
Mistral-Prot,UMAP,seq_1812,0,4.693935,0.96897674
Mistral-Prot,UMAP,seq_1813,0,3.5328753,0.32789904
Mistral-Prot,UMAP,seq_1814,0,2.948317,-0.0820653
Mistral-Prot,UMAP,seq_1815,0,3.9543128,-3.2770264
Mistral-Prot,UMAP,seq_1816,0,4.949011,1.422193
Mistral-Prot,UMAP,seq_1817,0,1.1741325,-0.8809081
Mistral-Prot,UMAP,seq_1818,0,0.6378752,-1.4111124
Mistral-Prot,UMAP,seq_1819,0,4.9021015,-2.0585823
Mistral-Prot,UMAP,seq_1820,0,5.5364676,-1.0393424
Mistral-Prot,UMAP,seq_1821,0,2.2918427,-0.4497005
Mistral-Prot,UMAP,seq_1822,0,1.1350111,-0.18763655
Mistral-Prot,UMAP,seq_1823,0,-0.96823287,0.3882423
Mistral-Prot,UMAP,seq_1824,0,4.525417,-2.7831795
Mistral-Prot,UMAP,seq_1825,0,0.72597426,-0.49413154
Mistral-Prot,UMAP,seq_1826,0,1.7330837,0.53931546
Mistral-Prot,UMAP,seq_1827,0,3.913057,0.6514955
Mistral-Prot,UMAP,seq_1828,0,3.7566423,-3.1458058
Mistral-Prot,UMAP,seq_1829,0,1.064756,-0.09365448
Mistral-Prot,UMAP,seq_1830,0,0.26778412,-1.1654874
Mistral-Prot,UMAP,seq_1831,0,-0.16154383,-0.016245067
Mistral-Prot,UMAP,seq_1832,0,5.06391,-2.7352428
Mistral-Prot,UMAP,seq_1833,0,1.1187319,-0.6927832
Mistral-Prot,UMAP,seq_1834,0,3.4248974,-0.03644425
Mistral-Prot,UMAP,seq_1835,0,3.3397841,0.565871
Mistral-Prot,UMAP,seq_1836,0,2.8743188,1.3130884
Mistral-Prot,UMAP,seq_1837,0,2.172044,0.34964994
Mistral-Prot,UMAP,seq_1838,0,2.4990458,-0.17653485
Mistral-Prot,UMAP,seq_1839,0,4.710597,-2.5531452
Mistral-Prot,UMAP,seq_1840,0,4.2963004,-0.025796546
Mistral-Prot,UMAP,seq_1841,0,1.2297233,1.27284
Mistral-Prot,UMAP,seq_1842,0,1.7216223,1.0681015
Mistral-Prot,UMAP,seq_1843,0,4.514509,0.5402516
Mistral-Prot,UMAP,seq_1844,0,1.8961004,1.8046874
Mistral-Prot,UMAP,seq_1845,0,6.346681,-0.16409299
Mistral-Prot,UMAP,seq_1846,0,6.0492826,0.35610676
Mistral-Prot,UMAP,seq_1847,0,5.199191,1.1638472
Mistral-Prot,UMAP,seq_1848,0,3.447774,-1.0093781
Mistral-Prot,UMAP,seq_1849,0,3.045631,-1.3030516
Mistral-Prot,UMAP,seq_1850,0,3.8051996,-1.6536022
Mistral-Prot,UMAP,seq_1851,0,2.719963,0.87183726
Mistral-Prot,UMAP,seq_1852,0,5.286737,-1.3018878
Mistral-Prot,UMAP,seq_1853,0,5.9915714,0.4970403
Mistral-Prot,UMAP,seq_1854,0,3.8590672,1.7318512
Mistral-Prot,UMAP,seq_1855,0,-0.8342295,0.47453898
Mistral-Prot,UMAP,seq_1856,0,5.519176,-2.1017377
Mistral-Prot,UMAP,seq_1857,0,5.4221344,-1.7510034
Mistral-Prot,UMAP,seq_1858,0,3.3959017,2.0129719
Mistral-Prot,UMAP,seq_1859,0,4.207333,-0.4908886
Mistral-Prot,UMAP,seq_1860,0,3.468146,1.8972859
Mistral-Prot,UMAP,seq_1861,0,-1.1037982,0.012163113
Mistral-Prot,UMAP,seq_1862,0,2.467355,1.5407033
Mistral-Prot,UMAP,seq_1863,0,5.2737527,-1.2661196
Mistral-Prot,UMAP,seq_1864,0,3.936458,2.5708718
Mistral-Prot,UMAP,seq_1865,0,1.4553742,-0.7062202
Mistral-Prot,UMAP,seq_1866,0,3.386609,-0.1020198
Mistral-Prot,UMAP,seq_1867,0,0.4440169,-0.9091298
Mistral-Prot,UMAP,seq_1868,0,0.38487276,-0.5559013
Mistral-Prot,UMAP,seq_1869,0,3.8273132,1.9877315
Mistral-Prot,UMAP,seq_1870,0,5.619714,-2.7428992
Mistral-Prot,UMAP,seq_1871,0,4.4303465,1.3936045
Mistral-Prot,UMAP,seq_1872,0,2.0620453,1.8726149
Mistral-Prot,UMAP,seq_1873,0,3.7118564,-1.9054217
Mistral-Prot,UMAP,seq_1874,0,6.2721534,-0.7426602
Mistral-Prot,UMAP,seq_1875,0,4.938854,-2.0281448
Mistral-Prot,UMAP,seq_1876,0,2.0098572,-1.7021064
Mistral-Prot,UMAP,seq_1877,0,3.4755177,-2.1326396
Mistral-Prot,UMAP,seq_1878,0,4.8022146,2.804248
Mistral-Prot,UMAP,seq_1879,0,0.9411443,1.8466371
Mistral-Prot,UMAP,seq_1880,0,5.162536,0.7709687
Mistral-Prot,UMAP,seq_1881,0,1.1480825,-1.6364365
Mistral-Prot,UMAP,seq_1882,0,4.7074037,-3.1949985
Mistral-Prot,UMAP,seq_1883,0,3.97499,0.2937354
Mistral-Prot,UMAP,seq_1884,0,0.7815474,-1.037822
Mistral-Prot,UMAP,seq_1885,0,1.1221858,1.5713689
Mistral-Prot,UMAP,seq_1886,0,-0.34991303,-0.07822509
Mistral-Prot,UMAP,seq_1887,0,5.6628156,0.68460107
Mistral-Prot,UMAP,seq_1888,0,1.7240326,-0.2764667
Mistral-Prot,UMAP,seq_1889,0,4.885043,2.2713614
Mistral-Prot,UMAP,seq_1890,0,2.2617977,-0.36607128
Mistral-Prot,UMAP,seq_1891,0,0.7735223,-1.0917528
Mistral-Prot,UMAP,seq_1892,0,3.4865358,-2.2056196
Mistral-Prot,UMAP,seq_1893,0,1.2007685,-0.6943888
Mistral-Prot,UMAP,seq_1894,0,0.19853625,-1.3779582
Mistral-Prot,UMAP,seq_1895,0,0.4471165,1.2678365
Mistral-Prot,UMAP,seq_1896,0,-1.0601197,0.040296033
Mistral-Prot,UMAP,seq_1897,0,0.28183696,-1.1324306
Mistral-Prot,UMAP,seq_1898,0,0.9077337,-0.79672533
Mistral-Prot,UMAP,seq_1899,0,6.4212227,-0.47686988
Mistral-Prot,UMAP,seq_1900,0,4.960975,0.8526449
Mistral-Prot,UMAP,seq_1901,0,1.5165539,-0.31242812
Mistral-Prot,UMAP,seq_1902,0,4.634033,-0.87866354
Mistral-Prot,UMAP,seq_1903,0,2.868524,-1.3450185
Mistral-Prot,UMAP,seq_1904,0,3.4044046,-2.392215
Mistral-Prot,UMAP,seq_1905,0,3.802939,-1.2371936
Mistral-Prot,UMAP,seq_1906,0,0.8363289,1.5571829
Mistral-Prot,UMAP,seq_1907,0,4.303421,2.4905002
Mistral-Prot,UMAP,seq_1908,0,5.047722,1.9159927
Mistral-Prot,UMAP,seq_1909,0,2.1202826,0.6090202
Mistral-Prot,UMAP,seq_1910,0,6.35678,0.7899579
Mistral-Prot,UMAP,seq_1911,0,3.783271,-3.2017665
Mistral-Prot,UMAP,seq_1912,0,5.467558,-1.9836442
Mistral-Prot,UMAP,seq_1913,0,3.1680076,-0.64773756
Mistral-Prot,UMAP,seq_1914,0,1.2985601,-0.89560336
Mistral-Prot,UMAP,seq_1915,0,3.6543722,-1.8110046
Mistral-Prot,UMAP,seq_1916,0,1.8562375,0.58102846
Mistral-Prot,UMAP,seq_1917,0,1.6874229,-0.91370606
Mistral-Prot,UMAP,seq_1918,0,-0.011165395,-1.0657308
Mistral-Prot,UMAP,seq_1919,0,3.6984413,1.3453535
Mistral-Prot,UMAP,seq_1920,0,3.6826189,-2.090786
Mistral-Prot,UMAP,seq_1921,0,2.4822102,-1.0254921
Mistral-Prot,UMAP,seq_1922,0,2.3622756,1.0984207
Mistral-Prot,UMAP,seq_1923,0,3.5109625,-2.8186204
Mistral-Prot,UMAP,seq_1924,0,3.8633296,-2.6488454
Mistral-Prot,UMAP,seq_1925,0,-0.40762874,-0.111405775
Mistral-Prot,UMAP,seq_1926,0,0.082815215,0.3596188
Mistral-Prot,UMAP,seq_1927,0,5.545564,-1.3802754
Mistral-Prot,UMAP,seq_1928,0,2.384697,1.3185564
Mistral-Prot,UMAP,seq_1929,0,3.6490166,2.6475594
Mistral-Prot,UMAP,seq_1930,0,3.5954747,-2.630726
Mistral-Prot,UMAP,seq_1931,0,3.0167413,-1.6645788
Mistral-Prot,UMAP,seq_1932,0,0.82598466,-0.66480553
Mistral-Prot,UMAP,seq_1933,0,5.261266,-2.5179374
Mistral-Prot,UMAP,seq_1934,0,3.7764206,-0.15749745
Mistral-Prot,UMAP,seq_1935,0,4.6856055,0.91663474
Mistral-Prot,UMAP,seq_1936,0,2.3285582,-0.9573511
Mistral-Prot,UMAP,seq_1937,0,3.2286472,0.7075879
Mistral-Prot,UMAP,seq_1938,0,1.9081078,-0.8686024
Mistral-Prot,UMAP,seq_1939,0,6.6446652,-0.8102117
Mistral-Prot,UMAP,seq_1940,0,-0.6131264,0.64462554
Mistral-Prot,UMAP,seq_1941,0,3.3567622,-0.48497662
Mistral-Prot,UMAP,seq_1942,0,4.5883203,0.08349744
Mistral-Prot,UMAP,seq_1943,0,5.233164,-2.0509233
Mistral-Prot,UMAP,seq_1944,0,1.4992462,-0.86688775
Mistral-Prot,UMAP,seq_1945,0,5.2388964,-2.109521
Mistral-Prot,UMAP,seq_1946,0,1.8367158,1.446015
Mistral-Prot,UMAP,seq_1947,0,0.38000518,1.2338048
Mistral-Prot,UMAP,seq_1948,0,4.1710477,-1.1043571
Mistral-Prot,UMAP,seq_1949,0,3.1698866,0.25896704
Mistral-Prot,UMAP,seq_1950,0,5.045341,-1.3060075
Mistral-Prot,UMAP,seq_1951,0,5.221229,-0.06646834
Mistral-Prot,UMAP,seq_1952,0,5.183289,-1.9027925
Mistral-Prot,UMAP,seq_1953,0,3.4937017,-1.6122603
Mistral-Prot,UMAP,seq_1954,0,6.974485,1.9222318
Mistral-Prot,UMAP,seq_1955,0,2.074401,-1.3012029
Mistral-Prot,UMAP,seq_1956,0,-0.79463035,-0.14019072
Mistral-Prot,UMAP,seq_1957,0,4.3417153,-2.782631
Mistral-Prot,UMAP,seq_1958,0,1.6438842,1.248541
Mistral-Prot,UMAP,seq_1959,0,2.8400571,1.2612846
Mistral-Prot,UMAP,seq_1960,0,4.470286,-3.2546878
Mistral-Prot,UMAP,seq_1961,0,2.3999643,-0.5677273
Mistral-Prot,UMAP,seq_1962,0,3.2143214,-0.24649286
Mistral-Prot,UMAP,seq_1963,0,-0.8696332,0.44520617
Mistral-Prot,UMAP,seq_1964,0,2.4002254,1.4398862
Mistral-Prot,UMAP,seq_1965,0,0.72015,-1.4111806
Mistral-Prot,UMAP,seq_1966,0,4.0848346,-1.336807
Mistral-Prot,UMAP,seq_1967,0,2.2721717,-0.74749964
Mistral-Prot,UMAP,seq_1968,0,2.9184527,0.76677334
Mistral-Prot,UMAP,seq_1969,0,4.5743804,1.8368982
Mistral-Prot,UMAP,seq_1970,0,5.2791476,0.7875584
Mistral-Prot,UMAP,seq_1971,0,6.2625303,-0.4715546
Mistral-Prot,UMAP,seq_1972,0,3.519688,-1.0380374
Mistral-Prot,UMAP,seq_1973,0,3.46439,2.4304543
Mistral-Prot,UMAP,seq_1974,0,3.4208417,-1.4784458
Mistral-Prot,UMAP,seq_1975,0,5.9136477,1.7672957
Mistral-Prot,UMAP,seq_1976,0,0.38545114,-1.1603866
Mistral-Prot,UMAP,seq_1977,0,5.8205094,-1.8405004
Mistral-Prot,UMAP,seq_1978,0,2.6058743,0.23832418
Mistral-Prot,UMAP,seq_1979,0,3.11768,-1.272805
Mistral-Prot,UMAP,seq_1980,0,6.190492,-2.3281045
Mistral-Prot,UMAP,seq_1981,0,0.25134006,-1.2202672
Mistral-Prot,UMAP,seq_1982,0,6.665878,0.76156294
Mistral-Prot,UMAP,seq_1983,0,3.3942716,-0.58640087
Mistral-Prot,UMAP,seq_1984,0,2.1159592,0.337367
Mistral-Prot,UMAP,seq_1985,0,2.6942134,-1.2592129
Mistral-Prot,UMAP,seq_1986,0,6.7431235,1.018645
Mistral-Prot,UMAP,seq_1987,0,3.9616864,-1.9901532
Mistral-Prot,UMAP,seq_1988,0,0.10100409,-0.9143322
Mistral-Prot,UMAP,seq_1989,0,1.2826569,-1.0370482
Mistral-Prot,UMAP,seq_1990,0,3.3566856,-2.037252
Mistral-Prot,UMAP,seq_1991,0,3.3464506,-1.2143668
Mistral-Prot,UMAP,seq_1992,0,4.1179457,-1.2139163
Mistral-Prot,UMAP,seq_1993,0,7.083553,0.19948451
Mistral-Prot,UMAP,seq_1994,0,2.089234,-0.02407244
Mistral-Prot,UMAP,seq_1995,0,3.699871,0.64172024
Mistral-Prot,UMAP,seq_1996,0,1.939657,1.0071685
Mistral-Prot,UMAP,seq_1997,0,5.869425,-1.8910807
Mistral-Prot,UMAP,seq_1998,0,0.32162112,0.7404009
Mistral-Prot,UMAP,seq_1999,0,3.0341568,1.043767
Mistral-Prot,UMAP,seq_2000,0,1.0520642,0.83822924
Mistral-Prot,UMAP,seq_2001,0,4.9884114,1.7201706
Mistral-Prot,UMAP,seq_2002,0,2.617235,-0.25373477
Mistral-Prot,UMAP,seq_2003,0,1.8911896,0.1444154
Mistral-Prot,UMAP,seq_2004,0,4.007286,-1.0795555
Mistral-Prot,UMAP,seq_2005,0,1.0052,1.7783576
Mistral-Prot,UMAP,seq_2006,0,0.7833051,1.6926619
Mistral-Prot,UMAP,seq_2007,0,0.6656938,0.97514606
Mistral-Prot,UMAP,seq_2008,0,0.5274672,1.5546368
Mistral-Prot,UMAP,seq_2009,0,1.8484184,2.233386
Mistral-Prot,UMAP,seq_2010,0,5.043043,-0.34415302
Mistral-Prot,UMAP,seq_2011,0,1.2466166,0.5772314
Mistral-Prot,UMAP,seq_2012,0,2.317582,-0.36211997
Mistral-Prot,UMAP,seq_2013,0,3.122738,0.4758834
Mistral-Prot,UMAP,seq_2014,0,5.3685336,-2.0297046
Mistral-Prot,UMAP,seq_2015,0,-0.5059134,-0.85046047
Mistral-Prot,UMAP,seq_2016,0,-1.3684562,0.19660288
Mistral-Prot,UMAP,seq_2017,0,3.276373,-1.7972634
Mistral-Prot,UMAP,seq_2018,0,1.3638998,-0.23027761
Mistral-Prot,UMAP,seq_2019,0,7.2548676,1.3642259
Mistral-Prot,UMAP,seq_2020,0,3.2178082,0.4655036
Mistral-Prot,UMAP,seq_2021,0,5.7154455,-1.1489435
Mistral-Prot,UMAP,seq_2022,0,3.2785072,-1.0540276
Mistral-Prot,UMAP,seq_2023,0,1.8628167,0.68615854
Mistral-Prot,UMAP,seq_2024,0,4.430623,-3.2591364
Mistral-Prot,UMAP,seq_2025,0,4.475376,-0.1122583
Mistral-Prot,UMAP,seq_2026,0,4.122907,1.1814004
Mistral-Prot,UMAP,seq_2027,0,0.38592106,-0.252291
Mistral-Prot,UMAP,seq_2028,0,-0.055954564,0.75743973
Mistral-Prot,UMAP,seq_2029,0,-0.45189643,0.87736624
Mistral-Prot,UMAP,seq_2030,0,0.046338458,1.0100584
Mistral-Prot,UMAP,seq_2031,0,2.1088471,1.8243623
Mistral-Prot,UMAP,seq_2032,0,3.3711195,0.66957235
Mistral-Prot,UMAP,seq_2033,0,-1.3242178,0.07784385
Mistral-Prot,UMAP,seq_2034,0,-0.32298803,-0.94456
Mistral-Prot,UMAP,seq_2035,0,1.9947149,1.4694321
Mistral-Prot,UMAP,seq_2036,0,1.9518629,2.353305
Mistral-Prot,UMAP,seq_2037,0,3.5368512,-1.6258374
Mistral-Prot,UMAP,seq_2038,0,5.365451,-2.0581338
Mistral-Prot,UMAP,seq_2039,0,3.2524457,-2.503739
Mistral-Prot,UMAP,seq_2040,0,5.454438,0.3218123
Mistral-Prot,UMAP,seq_2041,0,6.4782047,0.33789358
Mistral-Prot,UMAP,seq_2042,0,4.79307,0.42333058
Mistral-Prot,UMAP,seq_2043,0,3.4625304,-1.6200459
Mistral-Prot,UMAP,seq_2044,0,3.0762618,0.006048271
Mistral-Prot,UMAP,seq_2045,0,6.167365,0.5145411
Mistral-Prot,UMAP,seq_2046,0,0.21043313,-1.0976135
Mistral-Prot,UMAP,seq_2047,0,4.4824295,-3.2419975
Mistral-Prot,UMAP,seq_2048,0,4.923769,-2.9506345
Mistral-Prot,UMAP,seq_2049,0,6.547894,-0.15173817
Mistral-Prot,UMAP,seq_2050,0,0.9537482,-0.9880409
Mistral-Prot,UMAP,seq_2051,0,-1.0916612,0.5629054
Mistral-Prot,UMAP,seq_2052,0,5.4614363,-0.66241944
Mistral-Prot,UMAP,seq_2053,0,1.1968641,1.6930604
Mistral-Prot,UMAP,seq_2054,0,3.944626,-2.8365114
Mistral-Prot,UMAP,seq_2055,0,-0.6984553,0.080926
Mistral-Prot,UMAP,seq_2056,0,5.966417,-0.4842326
Mistral-Prot,UMAP,seq_2057,0,2.0970123,1.6147121
Mistral-Prot,UMAP,seq_2058,0,6.346568,-1.822373
Mistral-Prot,UMAP,seq_2059,0,4.1072516,3.4276052
Mistral-Prot,UMAP,seq_2060,0,5.4661074,-1.0395839
Mistral-Prot,UMAP,seq_2061,0,3.9629347,3.488605
Mistral-Prot,UMAP,seq_2062,0,5.0551796,0.6613607
Mistral-Prot,UMAP,seq_2063,0,3.7899752,-0.7444977
Mistral-Prot,UMAP,seq_2064,0,-0.11346169,-0.13162352
Mistral-Prot,UMAP,seq_2065,0,7.046366,0.6862568
Mistral-Prot,UMAP,seq_2066,0,5.5351467,-1.556869
Mistral-Prot,UMAP,seq_2067,0,5.1706467,1.5054282
Mistral-Prot,UMAP,seq_2068,0,5.229664,-2.093718
Mistral-Prot,UMAP,seq_2069,0,3.8670754,-1.9617231
Mistral-Prot,UMAP,seq_2070,0,4.9637113,2.7620175
Mistral-Prot,UMAP,seq_2071,0,4.3288646,-0.50213194
Mistral-Prot,UMAP,seq_2072,0,3.3016486,0.05813013
Mistral-Prot,UMAP,seq_2073,0,-0.052215524,-1.1421275
Mistral-Prot,UMAP,seq_2074,0,-0.07835535,0.3765457
Mistral-Prot,UMAP,seq_2075,0,1.1151416,-0.6317459
Mistral-Prot,UMAP,seq_2076,0,4.6341643,0.3066275
Mistral-Prot,UMAP,seq_2077,0,4.2907715,-1.0432605
Mistral-Prot,UMAP,seq_2078,0,2.8630164,-1.5570371
Mistral-Prot,UMAP,seq_2079,0,4.339798,-0.7768433
Mistral-Prot,UMAP,seq_2080,0,6.636124,-0.6758714
Mistral-Prot,UMAP,seq_2081,0,5.6444454,-2.0071237
Mistral-Prot,UMAP,seq_2082,0,2.9140317,-1.1646101
Mistral-Prot,UMAP,seq_2083,0,5.1689625,-2.3502162
Mistral-Prot,UMAP,seq_2084,0,3.85405,-2.8147295
Mistral-Prot,UMAP,seq_2085,0,5.429,0.12854812
Mistral-Prot,UMAP,seq_2086,0,3.5836017,-0.32070625
Mistral-Prot,UMAP,seq_2087,0,5.830996,1.425575
Mistral-Prot,UMAP,seq_2088,0,1.2833685,-1.7506669
Mistral-Prot,UMAP,seq_2089,0,4.09568,3.201901
Mistral-Prot,UMAP,seq_2090,0,5.3321586,1.0976245
Mistral-Prot,UMAP,seq_2091,0,3.7053175,-1.3910321
Mistral-Prot,UMAP,seq_2092,0,5.5578604,-1.1347297
Mistral-Prot,UMAP,seq_2093,0,4.1021147,-1.2689084
Mistral-Prot,UMAP,seq_2094,0,3.4426084,-1.9431239
Mistral-Prot,UMAP,seq_2095,0,4.3855634,-0.6687793
Mistral-Prot,UMAP,seq_2096,0,5.4661355,0.8899737
Mistral-Prot,UMAP,seq_2097,0,3.7755256,1.9252
Mistral-Prot,UMAP,seq_2098,0,3.833788,0.73203015
Mistral-Prot,UMAP,seq_2099,0,6.7151756,0.9109555
Mistral-Prot,UMAP,seq_2100,0,3.7810864,-3.1654062
Mistral-Prot,UMAP,seq_2101,0,2.658376,0.17885353
Mistral-Prot,UMAP,seq_2102,0,5.324541,-2.4677196
Mistral-Prot,UMAP,seq_2103,0,2.9659119,0.55688924
Mistral-Prot,UMAP,seq_2104,0,6.8586907,-0.38204914
Mistral-Prot,UMAP,seq_2105,0,3.4219434,-1.1200166
Mistral-Prot,UMAP,seq_2106,0,1.8751948,1.9928845
Mistral-Prot,UMAP,seq_2107,0,6.056333,-2.2838936
Mistral-Prot,UMAP,seq_2108,0,5.217657,-0.5461587
Mistral-Prot,UMAP,seq_2109,0,3.2014968,-1.8111482
Mistral-Prot,UMAP,seq_2110,0,3.372778,-1.0299664
Mistral-Prot,UMAP,seq_2111,0,4.623728,1.3519721
Mistral-Prot,UMAP,seq_2112,0,2.6998696,-1.5066074
Mistral-Prot,UMAP,seq_2113,0,4.195788,2.9533398
Mistral-Prot,UMAP,seq_2114,0,4.4987664,2.3604016
Mistral-Prot,UMAP,seq_2115,0,0.36484522,1.3044211
Mistral-Prot,UMAP,seq_2116,0,0.8204924,1.743503
Mistral-Prot,UMAP,seq_2117,0,4.329444,-2.9104986
Mistral-Prot,UMAP,seq_2118,0,3.7888842,-2.5181513
Mistral-Prot,UMAP,seq_2119,0,5.604413,-1.7094915
Mistral-Prot,UMAP,seq_2120,0,3.1230547,1.2882609
Mistral-Prot,UMAP,seq_2121,0,2.9650657,1.4224242
Mistral-Prot,UMAP,seq_2122,0,1.7685729,-1.190651
Mistral-Prot,UMAP,seq_2123,0,0.6252833,-1.1047592
Mistral-Prot,UMAP,seq_2124,0,4.429196,-0.84377533
Mistral-Prot,UMAP,seq_2125,0,2.3170974,1.2615665
Mistral-Prot,UMAP,seq_2126,0,4.008621,-1.0259931
Mistral-Prot,UMAP,seq_2127,0,1.494732,1.1880848
Mistral-Prot,UMAP,seq_2128,0,3.4273314,0.20692347
Mistral-Prot,UMAP,seq_2129,0,3.2030509,0.37162346
Mistral-Prot,UMAP,seq_2130,0,5.727765,-1.540827
Mistral-Prot,UMAP,seq_2131,0,3.5723524,-2.9984894
Mistral-Prot,UMAP,seq_2132,0,3.4665728,0.71232164
Mistral-Prot,UMAP,seq_2133,0,2.7118845,-0.61347723
Mistral-Prot,UMAP,seq_2134,0,1.7699535,-0.5582847
Mistral-Prot,UMAP,seq_2135,0,0.92144287,-0.79726547
Mistral-Prot,UMAP,seq_2136,0,5.3610616,-2.0539157
Mistral-Prot,UMAP,seq_2137,0,2.7265532,-1.5097275
Mistral-Prot,UMAP,seq_2138,0,5.365991,0.21943109
Mistral-Prot,UMAP,seq_2139,0,0.8118784,-0.23807044
Mistral-Prot,UMAP,seq_2140,0,2.8157551,1.3147435
Mistral-Prot,UMAP,seq_2141,0,-0.5050899,0.12345518
Mistral-Prot,UMAP,seq_2142,0,1.4680305,0.13814504
Mistral-Prot,UMAP,seq_2143,0,0.16920732,1.3077568
Mistral-Prot,UMAP,seq_2144,0,5.1829863,-2.483077
Mistral-Prot,UMAP,seq_2145,0,4.490727,2.150149
Mistral-Prot,UMAP,seq_2146,0,-0.16754909,-1.5053339
Mistral-Prot,UMAP,seq_2147,0,5.4147215,-2.1408718
Mistral-Prot,UMAP,seq_2148,0,4.7333746,-1.4306872
Mistral-Prot,UMAP,seq_2149,0,4.4186497,-0.5347248
Mistral-Prot,UMAP,seq_2150,0,7.1440744,0.88247633
Mistral-Prot,UMAP,seq_2151,0,-0.4079083,0.8633802
Mistral-Prot,UMAP,seq_2152,0,6.078523,-2.4400146
Mistral-Prot,UMAP,seq_2153,0,-0.07672137,0.62443185
Mistral-Prot,UMAP,seq_2154,0,4.222727,-2.7964842
Mistral-Prot,UMAP,seq_2155,0,3.3344424,-2.1487975
Mistral-Prot,UMAP,seq_2156,0,6.6214843,-0.88057566
Mistral-Prot,UMAP,seq_2157,0,4.652937,-3.0782666
Mistral-Prot,UMAP,seq_2158,0,6.34087,-0.95831436
Mistral-Prot,UMAP,seq_2159,0,4.843822,-2.9496229
Mistral-Prot,UMAP,seq_2160,0,6.194302,-0.26394752
Mistral-Prot,UMAP,seq_2161,0,2.6319396,0.5570573
Mistral-Prot,UMAP,seq_2162,0,5.323909,-2.6698666
Mistral-Prot,UMAP,seq_2163,0,4.5161295,-2.563137
Mistral-Prot,UMAP,seq_2164,0,3.7985036,1.450441
Mistral-Prot,UMAP,seq_2165,0,1.3588967,-0.47020656
Mistral-Prot,UMAP,seq_2166,0,2.7227776,-1.4754677
Mistral-Prot,UMAP,seq_2167,0,-0.54965293,0.7978924
Mistral-Prot,UMAP,seq_2168,0,6.587663,-0.42042872
Mistral-Prot,UMAP,seq_2169,0,3.125137,-0.8563328
Mistral-Prot,UMAP,seq_2170,0,6.3915105,1.246092
Mistral-Prot,UMAP,seq_2171,0,5.2725124,-1.3990477
Mistral-Prot,UMAP,seq_2172,0,1.0386235,-1.3396558
Mistral-Prot,UMAP,seq_2173,0,6.454424,-1.7930857
Mistral-Prot,UMAP,seq_2174,0,2.011277,0.19334604
Mistral-Prot,UMAP,seq_2175,0,3.290586,-0.68337196
Mistral-Prot,UMAP,seq_2176,0,6.6378846,-1.436613
Mistral-Prot,UMAP,seq_2177,0,4.7969494,1.236406
Mistral-Prot,UMAP,seq_2178,0,3.065827,-0.49074602
Mistral-Prot,UMAP,seq_2179,0,-1.0645884,0.048694365
Mistral-Prot,UMAP,seq_2180,0,6.4356184,0.81517744
Mistral-Prot,UMAP,seq_2181,0,0.032169845,0.26075304
Mistral-Prot,UMAP,seq_2182,0,5.8485246,0.45659786
Mistral-Prot,UMAP,seq_2183,0,-0.006692116,-1.5884557
Mistral-Prot,UMAP,seq_2184,0,0.47965825,-0.8509435
Mistral-Prot,UMAP,seq_2185,0,1.7321767,-0.57424444
Mistral-Prot,UMAP,seq_2186,0,5.1466775,-0.4415322
Mistral-Prot,UMAP,seq_2187,0,1.3008705,-0.9481137
Mistral-Prot,UMAP,seq_2188,0,-0.4152524,0.6907294
Mistral-Prot,UMAP,seq_2189,0,5.0733166,-0.32158795
Mistral-Prot,UMAP,seq_2190,0,4.3517494,-3.1542528
Mistral-Prot,UMAP,seq_2191,0,2.9787989,-1.2639227
Mistral-Prot,UMAP,seq_2192,0,2.9927566,-0.45936626
Mistral-Prot,UMAP,seq_2193,0,-0.098367855,-1.2127562
Mistral-Prot,UMAP,seq_2194,0,2.105393,0.42928007
Mistral-Prot,UMAP,seq_2195,0,0.31457925,1.4871233
Mistral-Prot,UMAP,seq_2196,0,1.9609637,1.5457875
Mistral-Prot,UMAP,seq_2197,0,4.850204,1.6471231
Mistral-Prot,UMAP,seq_2198,0,3.1810923,0.1440924
Mistral-Prot,UMAP,seq_2199,0,4.39911,-1.591865
Mistral-Prot,UMAP,seq_2200,0,7.0948076,1.9651116
Mistral-Prot,UMAP,seq_2201,0,3.2624762,0.6001026
Mistral-Prot,UMAP,seq_2202,0,2.2654896,-0.51220965
Mistral-Prot,UMAP,seq_2203,0,3.224174,1.732495
Mistral-Prot,UMAP,seq_2204,0,6.62954,0.26967648
Mistral-Prot,UMAP,seq_2205,0,0.81851965,1.4189732
Mistral-Prot,UMAP,seq_2206,0,6.175529,-2.1777835
Mistral-Prot,UMAP,seq_2207,0,5.3166304,0.15902442
Mistral-Prot,UMAP,seq_2208,0,5.8230166,-0.31024024
Mistral-Prot,UMAP,seq_2209,0,2.9510038,0.37882382
Mistral-Prot,UMAP,seq_2210,0,2.6587265,0.8608639
Mistral-Prot,UMAP,seq_2211,0,4.5810566,0.742438
Mistral-Prot,UMAP,seq_2212,0,5.745918,-0.78340185
Mistral-Prot,UMAP,seq_2213,0,5.6279936,-0.09473374
Mistral-Prot,UMAP,seq_2214,0,2.819713,0.80057615
Mistral-Prot,UMAP,seq_2215,0,1.626257,1.6447719
Mistral-Prot,UMAP,seq_2216,0,0.1743414,1.0285114
Mistral-Prot,UMAP,seq_2217,0,3.5030994,0.33996516
Mistral-Prot,UMAP,seq_2218,0,2.482265,-0.8840625
Mistral-Prot,UMAP,seq_2219,0,2.0849457,-0.77543855
Mistral-Prot,UMAP,seq_2220,0,3.2915988,-2.0787728
Mistral-Prot,UMAP,seq_2221,0,2.9462678,-1.0243148
Mistral-Prot,UMAP,seq_2222,0,6.1620083,-0.30720127
Mistral-Prot,UMAP,seq_2223,0,4.0564384,1.5237213
Mistral-Prot,UMAP,seq_2224,0,0.19856814,-0.5869824
Mistral-Prot,UMAP,seq_2225,0,3.3347516,1.8463557
Mistral-Prot,UMAP,seq_2226,0,6.872627,-1.5712376
Mistral-Prot,UMAP,seq_2227,0,3.2068565,-0.22721857
Mistral-Prot,UMAP,seq_2228,0,1.8686574,0.97045267
Mistral-Prot,UMAP,seq_2229,0,4.988409,1.2059413
Mistral-Prot,UMAP,seq_2230,0,1.8297616,-0.8260622
Mistral-Prot,UMAP,seq_2231,0,0.27535552,0.5634954
Mistral-Prot,UMAP,seq_2232,0,6.7297773,0.1928587
Mistral-Prot,UMAP,seq_2233,0,4.2823715,-1.4168323
Mistral-Prot,UMAP,seq_2234,0,5.7455034,-0.52604985
Mistral-Prot,UMAP,seq_2235,0,3.73836,1.2901883
Mistral-Prot,UMAP,seq_2236,0,5.759279,-1.949009
Mistral-Prot,UMAP,seq_2237,0,6.2609797,-2.3870125
Mistral-Prot,UMAP,seq_2238,0,4.1018066,1.1635532
Mistral-Prot,UMAP,seq_2239,0,3.4134648,0.4954421
Mistral-Prot,UMAP,seq_2240,0,7.3614655,-0.2667504
Mistral-Prot,UMAP,seq_2241,0,4.7230186,1.4584494
Mistral-Prot,UMAP,seq_2242,0,0.09416111,-0.3127972
Mistral-Prot,UMAP,seq_2243,0,4.792471,2.1322165
Mistral-Prot,UMAP,seq_2244,0,4.7718472,-3.1053133
Mistral-Prot,UMAP,seq_2245,0,3.9088173,2.4349604
Mistral-Prot,UMAP,seq_2246,0,0.88829243,-0.636497
Mistral-Prot,UMAP,seq_2247,0,0.17649971,-1.1524893
Mistral-Prot,UMAP,seq_2248,0,0.5334033,1.3759893
Mistral-Prot,UMAP,seq_2249,0,-0.115132734,0.6861698
Mistral-Prot,UMAP,seq_2250,0,2.0289536,-0.52052504
Mistral-Prot,UMAP,seq_2251,0,3.7155147,-2.6956642
Mistral-Prot,UMAP,seq_2252,0,1.1159989,-0.33675805
Mistral-Prot,UMAP,seq_2253,0,5.3047295,-0.32370478
Mistral-Prot,UMAP,seq_2254,0,0.42699668,0.04777028
Mistral-Prot,UMAP,seq_2255,0,1.1140724,-1.5226191
Mistral-Prot,UMAP,seq_2256,0,2.457587,-1.3454722
Mistral-Prot,UMAP,seq_2257,0,3.954085,-1.875586
Mistral-Prot,UMAP,seq_2258,0,3.2981324,-2.1287463
Mistral-Prot,UMAP,seq_2259,0,5.069209,-1.6417408
Mistral-Prot,UMAP,seq_2260,0,0.8889464,-1.2510139
Mistral-Prot,UMAP,seq_2261,0,1.0933778,0.10696536
Mistral-Prot,UMAP,seq_2262,0,5.1147404,-2.7507484
Mistral-Prot,UMAP,seq_2263,0,3.0718715,-1.0936087
Mistral-Prot,UMAP,seq_2264,0,2.3399017,-0.59622586
Mistral-Prot,UMAP,seq_2265,0,4.293441,1.5896236
Mistral-Prot,UMAP,seq_2266,0,0.46404576,-1.1806543
Mistral-Prot,UMAP,seq_2267,0,3.1145158,-0.25802714
Mistral-Prot,UMAP,seq_2268,0,3.7107832,-2.5942473
Mistral-Prot,UMAP,seq_2269,0,-0.8197278,-0.090315476
Mistral-Prot,UMAP,seq_2270,0,-1.4839212,0.27298084
Mistral-Prot,UMAP,seq_2271,0,4.541418,-3.1585543
Mistral-Prot,UMAP,seq_2272,0,6.8390713,-0.72386384
Mistral-Prot,UMAP,seq_2273,0,5.239594,-2.5034776
Mistral-Prot,UMAP,seq_2274,0,4.8037333,-2.5513082
Mistral-Prot,UMAP,seq_2275,0,6.183712,-0.5230251
Mistral-Prot,UMAP,seq_2276,0,1.8172596,-0.77442974
Mistral-Prot,UMAP,seq_2277,0,5.527635,-1.5108917
Mistral-Prot,UMAP,seq_2278,0,0.08120871,0.46014112
Mistral-Prot,UMAP,seq_2279,0,3.1972117,-1.3471698
Mistral-Prot,UMAP,seq_2280,0,4.927969,-0.009097121
Mistral-Prot,UMAP,seq_2281,0,1.4685843,-1.5548129
Mistral-Prot,UMAP,seq_2282,0,1.5436782,-0.12137434
Mistral-Prot,UMAP,seq_2283,0,4.698178,1.1128417
Mistral-Prot,UMAP,seq_2284,0,0.4356307,-0.7008455
Mistral-Prot,UMAP,seq_2285,0,5.097072,-2.0862212
Mistral-Prot,UMAP,seq_2286,0,3.3047178,-2.495382
Mistral-Prot,UMAP,seq_2287,0,5.323401,-1.2718027
Mistral-Prot,UMAP,seq_2288,0,2.984394,1.3939843
Mistral-Prot,UMAP,seq_2289,0,5.226314,0.17310259
Mistral-Prot,UMAP,seq_2290,0,1.6276654,1.9011707
Mistral-Prot,UMAP,seq_2291,0,0.2485109,0.42506304
Mistral-Prot,UMAP,seq_2292,0,3.326917,-1.3139951
Mistral-Prot,UMAP,seq_2293,0,5.153642,-1.402837
Mistral-Prot,UMAP,seq_2294,0,3.1861243,-0.4443216
Mistral-Prot,UMAP,seq_2295,0,1.3931656,1.0403222
Mistral-Prot,UMAP,seq_2296,0,1.4118062,-0.14431866
Mistral-Prot,UMAP,seq_2297,0,1.8168901,0.34405816
Mistral-Prot,UMAP,seq_2298,0,-0.09624334,1.1106004
Mistral-Prot,UMAP,seq_2299,0,6.4993477,-1.6167974
Mistral-Prot,UMAP,seq_2300,0,5.2920666,-2.2149978
Mistral-Prot,UMAP,seq_2301,0,6.422079,-2.2340038
Mistral-Prot,UMAP,seq_2302,0,2.404703,0.7603141
Mistral-Prot,UMAP,seq_2303,0,3.328392,0.49195394
Mistral-Prot,UMAP,seq_2304,0,4.15552,-1.085762
Mistral-Prot,UMAP,seq_2305,0,0.52742773,-0.034317475
Mistral-Prot,UMAP,seq_2306,0,5.4956803,-1.6272889
Mistral-Prot,UMAP,seq_2307,0,3.5533335,-0.5331677
Mistral-Prot,UMAP,seq_2308,0,5.0593247,0.08808653
Mistral-Prot,UMAP,seq_2309,0,3.6119516,1.4869726
Mistral-Prot,UMAP,seq_2310,0,1.601945,0.9516428
Mistral-Prot,UMAP,seq_2311,0,4.5449896,0.3901836
Mistral-Prot,UMAP,seq_2312,0,4.8229203,-0.21210049
Mistral-Prot,UMAP,seq_2313,0,1.2243899,1.1737051
Mistral-Prot,UMAP,seq_2314,0,5.7822223,0.5475179
Mistral-Prot,UMAP,seq_2315,0,-0.41971028,0.8554675
Mistral-Prot,UMAP,seq_2316,0,0.124752834,0.4325342
Mistral-Prot,UMAP,seq_2317,0,2.4446619,0.581789
Mistral-Prot,UMAP,seq_2318,0,6.1626782,0.04045214
Mistral-Prot,UMAP,seq_2319,0,-0.78142715,-0.0058372375
Mistral-Prot,UMAP,seq_2320,0,3.5872915,-0.042173836
Mistral-Prot,UMAP,seq_2321,0,3.199257,0.81642663
Mistral-Prot,UMAP,seq_2322,0,6.9426656,-0.028149297
Mistral-Prot,UMAP,seq_2323,0,5.217264,-1.388535
Mistral-Prot,UMAP,seq_2324,0,6.892728,0.7632079
Mistral-Prot,UMAP,seq_2325,0,3.417894,-0.663379
Mistral-Prot,UMAP,seq_2326,0,4.4801006,1.8803862
Mistral-Prot,UMAP,seq_2327,0,3.6744251,3.025853
Mistral-Prot,UMAP,seq_2328,0,5.943717,0.17625153
Mistral-Prot,UMAP,seq_2329,0,7.3181734,0.09914287
Mistral-Prot,UMAP,seq_2330,0,4.396126,2.7604423
Mistral-Prot,UMAP,seq_2331,0,1.9431221,2.2059488
Mistral-Prot,UMAP,seq_2332,0,4.7908254,0.9078717
Mistral-Prot,UMAP,seq_2333,0,2.7697248,1.5455332
Mistral-Prot,UMAP,seq_2334,0,7.2893467,0.5229108
Mistral-Prot,UMAP,seq_2335,0,1.2095776,0.6852918
Mistral-Prot,UMAP,seq_2336,0,4.9741516,-0.8917428
Mistral-Prot,UMAP,seq_2337,0,4.6922693,-1.0608429
Mistral-Prot,UMAP,seq_2338,0,3.2166543,-1.0404912
Mistral-Prot,UMAP,seq_2339,0,0.7043843,0.6919597
Mistral-Prot,UMAP,seq_2340,0,1.5475867,0.32006332
Mistral-Prot,UMAP,seq_2341,0,-0.672779,-0.031335592
Mistral-Prot,UMAP,seq_2342,0,-0.56271154,-0.15167738
Mistral-Prot,UMAP,seq_2343,0,-0.0777819,0.27366152
Mistral-Prot,UMAP,seq_2344,0,3.6004052,-1.8349946
Mistral-Prot,UMAP,seq_2345,0,0.922387,-1.1706514
Mistral-Prot,UMAP,seq_2346,0,2.7849758,0.35918832
Mistral-Prot,UMAP,seq_2347,0,-0.45271614,-0.98030573
Mistral-Prot,UMAP,seq_2348,0,0.072192244,-1.0215977
Mistral-Prot,UMAP,seq_2349,0,4.3012776,0.9862984
Mistral-Prot,UMAP,seq_2350,0,4.5384026,-3.0213554
Mistral-Prot,UMAP,seq_2351,0,4.9064913,0.97811246
Mistral-Prot,UMAP,seq_2352,0,0.29170933,-1.3199505
Mistral-Prot,UMAP,seq_2353,0,5.2973104,-2.1706684
Mistral-Prot,UMAP,seq_2354,0,0.95474035,0.28048462
Mistral-Prot,UMAP,seq_2355,0,6.30202,-2.4056575
Mistral-Prot,UMAP,seq_2356,0,6.100058,-1.1036237
Mistral-Prot,UMAP,seq_2357,0,0.39569315,-0.8684461
Mistral-Prot,UMAP,seq_2358,0,4.2690477,1.511212
Mistral-Prot,UMAP,seq_2359,0,4.7669334,2.4950595
Mistral-Prot,UMAP,seq_2360,0,-0.88762105,0.40139148
Mistral-Prot,UMAP,seq_2361,0,3.198472,-0.91422933
Mistral-Prot,UMAP,seq_2362,0,-0.99268776,0.11943513
Mistral-Prot,UMAP,seq_2363,0,0.6093918,-0.9602533
Mistral-Prot,UMAP,seq_2364,0,4.6838584,1.433282
Mistral-Prot,UMAP,seq_2365,0,3.2560244,0.9046706
Mistral-Prot,UMAP,seq_2366,0,3.673764,-2.2322557
Mistral-Prot,UMAP,seq_2367,0,2.22062,1.609496
Mistral-Prot,UMAP,seq_2368,0,3.4292278,-0.48245427
Mistral-Prot,UMAP,seq_2369,0,3.50485,-0.7438131
Mistral-Prot,UMAP,seq_2370,0,3.667472,2.1311479
Mistral-Prot,UMAP,seq_2371,0,0.79755425,-1.4128584
Mistral-Prot,UMAP,seq_2372,0,4.2116585,-2.8498178
Mistral-Prot,UMAP,seq_2373,0,5.5363035,-0.09711332
Mistral-Prot,UMAP,seq_2374,0,3.6928587,0.75875026
Mistral-Prot,UMAP,seq_2375,0,2.6741261,1.5380228
Mistral-Prot,UMAP,seq_2376,0,4.9385166,-1.2997397
Mistral-Prot,UMAP,seq_2377,0,1.3088216,-0.27134034
Mistral-Prot,UMAP,seq_2378,0,6.8181243,-1.550186
Mistral-Prot,UMAP,seq_2379,0,-0.11416192,-1.037148
Mistral-Prot,UMAP,seq_2380,0,0.45539376,-0.2316315
Mistral-Prot,UMAP,seq_2381,0,6.1218014,0.43612275
Mistral-Prot,UMAP,seq_2382,0,5.08318,-0.66489357
Mistral-Prot,UMAP,seq_2383,0,6.209662,-2.431289
Mistral-Prot,UMAP,seq_2384,0,6.038614,-0.083741985
Mistral-Prot,UMAP,seq_2385,0,4.072151,3.5676029
Mistral-Prot,UMAP,seq_2386,0,3.818103,-1.0003833
Mistral-Prot,UMAP,seq_2387,0,6.494908,0.30796427
Mistral-Prot,UMAP,seq_2388,0,3.1912603,-1.8252437
Mistral-Prot,UMAP,seq_2389,0,4.2656713,2.8313215
Mistral-Prot,UMAP,seq_2390,0,5.397111,-2.8777688
Mistral-Prot,UMAP,seq_2391,0,5.4097733,1.4057516
Mistral-Prot,UMAP,seq_2392,0,2.2508872,-1.1848937
Mistral-Prot,UMAP,seq_2393,0,-1.2110655,0.13808084
Mistral-Prot,UMAP,seq_2394,0,4.0982494,-1.0334586
Mistral-Prot,UMAP,seq_2395,0,1.363417,-1.3672224
Mistral-Prot,UMAP,seq_2396,0,2.082424,2.2806542
Mistral-Prot,UMAP,seq_2397,0,2.4821408,1.6035179
Mistral-Prot,UMAP,seq_2398,0,-0.288552,-0.16105047
Mistral-Prot,UMAP,seq_2399,0,2.6732185,1.5364051
Mistral-Prot,UMAP,seq_2400,0,3.296695,-1.2906554
Mistral-Prot,UMAP,seq_2401,0,0.5313973,-1.3716686
Mistral-Prot,UMAP,seq_2402,0,0.04927537,-0.25103664
Mistral-Prot,UMAP,seq_2403,0,6.3461223,0.7471556
Mistral-Prot,UMAP,seq_2404,0,1.4510463,-0.44020057
Mistral-Prot,UMAP,seq_2405,0,5.186745,0.404902
Mistral-Prot,UMAP,seq_2406,0,-0.68154544,0.572611
Mistral-Prot,UMAP,seq_2407,0,0.3282631,-1.4015061
Mistral-Prot,UMAP,seq_2408,0,4.0868173,0.6654837
Mistral-Prot,UMAP,seq_2409,0,4.3197393,-3.027826
Mistral-Prot,UMAP,seq_2410,0,5.1739125,0.29486725
Mistral-Prot,UMAP,seq_2411,0,2.7362688,-1.6024001
Mistral-Prot,UMAP,seq_2412,0,4.5339537,-3.1498022
Mistral-Prot,UMAP,seq_2413,0,5.653699,0.32199553
Mistral-Prot,UMAP,seq_2414,0,3.5844462,0.9243267
Mistral-Prot,UMAP,seq_2415,0,1.4670037,1.035857
Mistral-Prot,UMAP,seq_2416,0,5.6050467,-1.0964862
Mistral-Prot,UMAP,seq_2417,0,5.102019,-0.4733827
Mistral-Prot,UMAP,seq_2418,0,5.4840355,-1.3572059
Mistral-Prot,UMAP,seq_2419,0,4.427433,-2.3968568
Mistral-Prot,UMAP,seq_2420,0,4.6950927,-0.47298142
Mistral-Prot,UMAP,seq_2421,0,6.329355,1.3766087
Mistral-Prot,UMAP,seq_2422,0,3.898523,-1.062965
Mistral-Prot,UMAP,seq_2423,0,3.806353,-0.5987874
Mistral-Prot,UMAP,seq_2424,0,2.8583822,-1.5909421
Mistral-Prot,UMAP,seq_2425,0,5.0768323,-3.0140982
Mistral-Prot,UMAP,seq_2426,0,3.477897,1.6485361
Mistral-Prot,UMAP,seq_2427,0,5.5771456,-1.2118896
Mistral-Prot,UMAP,seq_2428,0,0.25141287,0.32938555
Mistral-Prot,UMAP,seq_2429,0,4.0002155,0.6197437
Mistral-Prot,UMAP,seq_2430,0,1.039899,-1.3572738
Mistral-Prot,UMAP,seq_2431,0,5.575645,0.39165002
Mistral-Prot,UMAP,seq_2432,0,5.396525,0.9509642
Mistral-Prot,UMAP,seq_2433,0,-0.0724448,0.8350191
Mistral-Prot,UMAP,seq_2434,0,3.2798398,1.0895396
Mistral-Prot,UMAP,seq_2435,0,2.1128411,-1.2605451
Mistral-Prot,UMAP,seq_2436,0,5.051629,-0.013135225
Mistral-Prot,UMAP,seq_2437,0,0.25378376,0.34172103
Mistral-Prot,UMAP,seq_2438,0,2.8992524,0.40716362
Mistral-Prot,UMAP,seq_2439,0,6.296021,-0.43482104
Mistral-Prot,UMAP,seq_2440,0,4.863011,-1.139786
Mistral-Prot,UMAP,seq_2441,0,4.460256,1.7609171
Mistral-Prot,UMAP,seq_2442,0,2.3941686,1.640968
Mistral-Prot,UMAP,seq_2443,0,-0.16699663,-0.91329277
Mistral-Prot,UMAP,seq_2444,0,5.5827055,-1.632337
Mistral-Prot,UMAP,seq_2445,0,3.5387225,-2.957043
Mistral-Prot,UMAP,seq_2446,0,0.8105977,1.1873325
Mistral-Prot,UMAP,seq_2447,0,4.3316493,-2.945275
Mistral-Prot,UMAP,seq_2448,0,-0.049970906,-1.2292967
Mistral-Prot,UMAP,seq_2449,0,1.9771677,1.584216
Mistral-Prot,UMAP,seq_2450,0,1.8500327,-0.6464982
Mistral-Prot,UMAP,seq_2451,0,4.7190385,0.52982706
Mistral-Prot,UMAP,seq_2452,0,2.1884296,1.6106448
Mistral-Prot,UMAP,seq_2453,0,4.644878,-0.44224524
Mistral-Prot,UMAP,seq_2454,0,0.71902895,1.7344751
Mistral-Prot,UMAP,seq_2455,0,3.8127942,0.3046528
Mistral-Prot,UMAP,seq_2456,0,0.5977358,-0.9435909
Mistral-Prot,UMAP,seq_2457,0,4.2185373,1.8486159
Mistral-Prot,UMAP,seq_2458,0,5.4681497,-1.3864336
Mistral-Prot,UMAP,seq_2459,0,5.3387203,-0.9524138
Mistral-Prot,UMAP,seq_2460,0,3.303547,-1.1898823
Mistral-Prot,UMAP,seq_2461,0,5.923217,-0.04938768
Mistral-Prot,UMAP,seq_2462,0,5.9554935,-1.0670824
Mistral-Prot,UMAP,seq_2463,0,0.3125492,1.5204605
Mistral-Prot,UMAP,seq_2464,0,0.52347374,-0.48051476
Mistral-Prot,UMAP,seq_2465,0,0.7818868,-1.366441
Mistral-Prot,UMAP,seq_2466,0,-0.055969674,0.516365
Mistral-Prot,UMAP,seq_2467,0,4.0439386,-1.0487739
Mistral-Prot,UMAP,seq_2468,0,3.3771517,0.06453578
Mistral-Prot,UMAP,seq_2469,0,0.42170075,0.835661
Mistral-Prot,UMAP,seq_2470,0,2.2419097,-0.0057475213
Mistral-Prot,UMAP,seq_2471,0,-0.9285843,0.119951226
Mistral-Prot,UMAP,seq_2472,0,3.0313962,-0.11029252
Mistral-Prot,UMAP,seq_2473,0,2.9527166,0.42294818
Mistral-Prot,UMAP,seq_2474,0,3.454185,0.38032922
Mistral-Prot,UMAP,seq_2475,0,6.954348,-0.04456066
Mistral-Prot,UMAP,seq_2476,0,2.7637856,0.5739554
Mistral-Prot,UMAP,seq_2477,0,2.8287663,-0.18289608
Mistral-Prot,UMAP,seq_2478,0,4.2230964,1.3289895
Mistral-Prot,UMAP,seq_2479,0,6.630579,-0.98150647
Mistral-Prot,UMAP,seq_2480,0,3.144202,0.03245491
Mistral-Prot,UMAP,seq_2481,0,1.9859465,-0.09826964
Mistral-Prot,UMAP,seq_2482,0,2.0222704,1.3352215
Mistral-Prot,UMAP,seq_2483,0,2.8963952,-0.22408138
Mistral-Prot,UMAP,seq_2484,0,3.3371096,-1.3325448
Mistral-Prot,UMAP,seq_2485,0,4.2935452,0.5398316
Mistral-Prot,UMAP,seq_2486,0,2.3346703,-0.29334557
Mistral-Prot,UMAP,seq_2487,0,5.162618,0.5108455
Mistral-Prot,UMAP,seq_2488,0,4.132255,-0.87231714
Mistral-Prot,UMAP,seq_2489,0,4.60807,1.1617692
Mistral-Prot,UMAP,seq_2490,0,0.9675443,1.8628128
Mistral-Prot,UMAP,seq_2491,0,3.8459082,-0.23790513
Mistral-Prot,UMAP,seq_2492,0,3.1062322,0.35822365
Mistral-Prot,UMAP,seq_2493,0,2.8126645,-0.938046
Mistral-Prot,UMAP,seq_2494,0,6.6858907,-0.7516277
Mistral-Prot,UMAP,seq_2495,0,4.6345963,-3.0131128
Mistral-Prot,UMAP,seq_2496,0,0.556695,-0.48334613
Mistral-Prot,UMAP,seq_2497,0,4.5881295,0.18240888
Mistral-Prot,UMAP,seq_2498,0,1.2829057,-0.9686598
Mistral-Prot,UMAP,seq_2499,0,3.3459222,0.9856702
Mistral-Prot,UMAP,seq_2500,0,3.366085,1.0351298
Mistral-Prot,UMAP,seq_2501,0,3.4907286,-0.85172594
Mistral-Prot,UMAP,seq_2502,0,3.6206048,2.8565683
Mistral-Prot,UMAP,seq_2503,0,1.0439789,-1.66655
Mistral-Prot,UMAP,seq_2504,0,1.7366128,-1.1562827
Mistral-Prot,UMAP,seq_2505,0,3.128346,0.6837558
Mistral-Prot,UMAP,seq_2506,0,6.2103024,-1.3321173
Mistral-Prot,UMAP,seq_2507,0,2.6349049,1.2108458
Mistral-Prot,UMAP,seq_2508,0,5.935242,-1.338382
Mistral-Prot,UMAP,seq_2509,0,5.915812,-1.4376667
Mistral-Prot,UMAP,seq_2510,0,1.4664006,1.529783
Mistral-Prot,UMAP,seq_2511,0,1.171583,-1.1295098
Mistral-Prot,UMAP,seq_2512,0,4.409654,1.3509703
Mistral-Prot,UMAP,seq_2513,0,-0.123670444,0.45091698
Mistral-Prot,UMAP,seq_2514,0,4.7010098,-1.71477
Mistral-Prot,UMAP,seq_2515,0,5.971644,-1.6190373
Mistral-Prot,UMAP,seq_2516,0,5.1168456,-2.1704729
Mistral-Prot,UMAP,seq_2517,0,1.7025994,-0.4292639
Mistral-Prot,UMAP,seq_2518,0,6.355589,-1.3992959
Mistral-Prot,UMAP,seq_2519,0,4.8431506,-2.4290464
Mistral-Prot,UMAP,seq_2520,0,2.4522233,0.6771412
Mistral-Prot,UMAP,seq_2521,0,1.9084207,-0.248727
Mistral-Prot,UMAP,seq_2522,0,5.01857,-1.0575925
Mistral-Prot,UMAP,seq_2523,0,2.7910888,0.09155621
Mistral-Prot,UMAP,seq_2524,0,0.9465205,-0.71968406
Mistral-Prot,UMAP,seq_2525,0,5.9851856,-0.5658505
Mistral-Prot,UMAP,seq_2526,0,-0.20395233,0.56974435
Mistral-Prot,UMAP,seq_2527,0,6.5674176,-0.19944419
Mistral-Prot,UMAP,seq_2528,0,4.3841805,-0.5707687
Mistral-Prot,UMAP,seq_2529,0,4.595599,1.9841889
Mistral-Prot,UMAP,seq_2530,0,3.8865285,3.1706872
Mistral-Prot,UMAP,seq_2531,0,0.17950702,1.4624037
Mistral-Prot,UMAP,seq_2532,0,6.0941105,-1.768949
Mistral-Prot,UMAP,seq_2533,0,6.262716,-1.4372324
Mistral-Prot,UMAP,seq_2534,0,-0.078392714,-0.12938523
Mistral-Prot,UMAP,seq_2535,0,2.6404703,-1.4621546
Mistral-Prot,UMAP,seq_2536,0,6.1442947,-1.4550534
Mistral-Prot,UMAP,seq_2537,0,1.2045275,1.0421963
Mistral-Prot,UMAP,seq_2538,0,2.1467373,0.35534638
Mistral-Prot,UMAP,seq_2539,0,1.1182907,-1.3342428
Mistral-Prot,UMAP,seq_2540,0,1.4167172,-1.845747
Mistral-Prot,UMAP,seq_2541,0,4.296175,-2.7589185
Mistral-Prot,UMAP,seq_2542,0,0.18346694,1.3550159
Mistral-Prot,UMAP,seq_2543,0,4.72681,1.4273336
Mistral-Prot,UMAP,seq_2544,0,1.8295789,1.5392928
Mistral-Prot,UMAP,seq_2545,0,2.3716516,1.4873439
Mistral-Prot,UMAP,seq_2546,0,1.2984437,-0.36597952
Mistral-Prot,UMAP,seq_2547,0,6.313275,0.74800587
Mistral-Prot,UMAP,seq_2548,0,6.738106,0.9875113
Mistral-Prot,UMAP,seq_2549,0,5.042835,0.49493802
Mistral-Prot,UMAP,seq_2550,0,4.814464,-2.9395025
Mistral-Prot,UMAP,seq_2551,0,2.793683,-0.9151639
Mistral-Prot,UMAP,seq_2552,0,5.402867,0.43221575
Mistral-Prot,UMAP,seq_2553,0,6.2281013,-1.8890463
Mistral-Prot,UMAP,seq_2554,0,2.1934667,0.01432981
Mistral-Prot,UMAP,seq_2555,0,-1.3850068,0.1977136
Mistral-Prot,UMAP,seq_2556,0,6.279543,0.5797521
Mistral-Prot,UMAP,seq_2557,0,4.447096,1.0268586
Mistral-Prot,UMAP,seq_2558,0,1.8340616,-1.3357352
Mistral-Prot,UMAP,seq_2559,0,1.76717,1.4629707
Mistral-Prot,UMAP,seq_2560,0,3.1777942,0.22364804
Mistral-Prot,UMAP,seq_2561,0,2.3912008,0.5186431
Mistral-Prot,UMAP,seq_2562,0,0.15430298,-1.0635533
Mistral-Prot,UMAP,seq_2563,0,5.564645,-0.6062292
Mistral-Prot,UMAP,seq_2564,0,3.1636443,0.14094117
Mistral-Prot,UMAP,seq_2565,0,3.394993,0.097167715
Mistral-Prot,UMAP,seq_2566,0,5.773511,1.9308045
Mistral-Prot,UMAP,seq_2567,0,7.357415,-0.2630311
Mistral-Prot,UMAP,seq_2568,0,2.2290146,1.5366292
Mistral-Prot,UMAP,seq_2569,0,4.564472,0.6602859
Mistral-Prot,UMAP,seq_2570,0,-0.1692916,-0.3751605
Mistral-Prot,UMAP,seq_2571,0,1.1220604,0.49763894
Mistral-Prot,UMAP,seq_2572,0,-0.08972975,0.7089478
Mistral-Prot,UMAP,seq_2573,0,3.0700698,0.90717155
Mistral-Prot,UMAP,seq_2574,0,6.3447313,-0.50833136
Mistral-Prot,UMAP,seq_2575,0,5.1674657,-2.2374015
Mistral-Prot,UMAP,seq_2576,0,3.7422986,-3.5066113
Mistral-Prot,UMAP,seq_2577,0,3.274298,1.1819946
Mistral-Prot,UMAP,seq_2578,0,2.9246604,0.010940234
Mistral-Prot,UMAP,seq_2579,0,3.9665585,-1.1513491
Mistral-Prot,UMAP,seq_2580,0,3.4269469,-1.5334483
Mistral-Prot,UMAP,seq_2581,0,4.909773,-1.1424457
Mistral-Prot,UMAP,seq_2582,0,5.421685,0.9287363
Mistral-Prot,UMAP,seq_2583,0,1.4625992,-0.04195204
Mistral-Prot,UMAP,seq_2584,0,5.530828,-1.06935
Mistral-Prot,UMAP,seq_2585,0,1.2102939,-0.1755696
Mistral-Prot,UMAP,seq_2586,0,0.17875846,0.8906073
Mistral-Prot,UMAP,seq_2587,0,7.183218,0.21574214
Mistral-Prot,UMAP,seq_2588,0,5.733694,-0.27402067
Mistral-Prot,UMAP,seq_2589,0,4.7321935,-1.3695068
Mistral-Prot,UMAP,seq_2590,0,6.37696,0.6905886
Mistral-Prot,UMAP,seq_2591,0,5.7697806,-2.314386
Mistral-Prot,UMAP,seq_2592,0,1.9675952,0.5183533
Mistral-Prot,UMAP,seq_2593,0,4.7345505,0.7867402
Mistral-Prot,UMAP,seq_2594,0,4.8061423,1.3990408
Mistral-Prot,UMAP,seq_2595,0,5.4461617,-1.5622808
Mistral-Prot,UMAP,seq_2596,0,2.2440238,1.7063295
Mistral-Prot,UMAP,seq_2597,0,1.6352314,-0.56553245
Mistral-Prot,UMAP,seq_2598,0,0.72080684,-1.1089107
Mistral-Prot,UMAP,seq_2599,0,1.1958433,-0.5940977
Mistral-Prot,UMAP,seq_2600,0,5.7447133,1.4891849
Mistral-Prot,UMAP,seq_2601,0,5.9040966,1.1956633
Mistral-Prot,UMAP,seq_2602,0,2.226807,-1.2236531
Mistral-Prot,UMAP,seq_2603,0,6.6954064,-0.8643104
Mistral-Prot,UMAP,seq_2604,0,1.9873142,1.5550742
Mistral-Prot,UMAP,seq_2605,0,2.3872285,2.2007484
Mistral-Prot,UMAP,seq_2606,0,4.2023144,-0.8000835
Mistral-Prot,UMAP,seq_2607,0,5.1745663,-0.35871825
Mistral-Prot,UMAP,seq_2608,0,1.9410923,1.6963977
Mistral-Prot,UMAP,seq_2609,0,4.1455097,1.7242584
Mistral-Prot,UMAP,seq_2610,0,5.3222837,0.5792565
Mistral-Prot,UMAP,seq_2611,0,2.266495,0.5819169
Mistral-Prot,UMAP,seq_2612,0,5.220736,-0.6849364
Mistral-Prot,UMAP,seq_2613,0,5.439444,0.25586846
Mistral-Prot,UMAP,seq_2614,0,0.102009706,0.94216794
Mistral-Prot,UMAP,seq_2615,0,6.154684,-2.1200151
Mistral-Prot,UMAP,seq_2616,0,5.6738377,-2.0303817
Mistral-Prot,UMAP,seq_2617,0,1.6837815,1.1542145
Mistral-Prot,UMAP,seq_2618,0,4.051978,1.2276449
Mistral-Prot,UMAP,seq_2619,0,6.2990413,0.2184484
Mistral-Prot,UMAP,seq_2620,0,5.4478197,-0.50595254
Mistral-Prot,UMAP,seq_2621,0,6.1422224,-2.4608471
Mistral-Prot,UMAP,seq_2622,0,5.7756553,-0.070768096
Mistral-Prot,UMAP,seq_2623,0,3.6588304,-0.3010764
Mistral-Prot,UMAP,seq_2624,0,-0.61441845,0.2526786
Mistral-Prot,UMAP,seq_2625,0,5.156212,1.3838091
Mistral-Prot,UMAP,seq_2626,0,0.49408713,0.95049226
Mistral-Prot,UMAP,seq_2627,0,2.323196,0.47692347
Mistral-Prot,UMAP,seq_2628,0,4.133441,-1.033742
Mistral-Prot,UMAP,seq_2629,0,2.4560368,0.32711068
Mistral-Prot,UMAP,seq_2630,0,4.956739,-1.1663063
Mistral-Prot,UMAP,seq_2631,0,3.5759163,-0.36185935
Mistral-Prot,UMAP,seq_2632,0,6.658324,-0.7073507
Mistral-Prot,UMAP,seq_2633,0,5.6346793,-1.5921893
Mistral-Prot,UMAP,seq_2634,0,5.5966167,1.0614069
Mistral-Prot,UMAP,seq_2635,0,3.3453994,-0.49257535
Mistral-Prot,UMAP,seq_2636,0,5.080646,-0.74683756
Mistral-Prot,UMAP,seq_2637,0,2.672216,-0.30689543
Mistral-Prot,UMAP,seq_2638,0,2.8164663,-1.3017529
Mistral-Prot,UMAP,seq_2639,0,0.51936054,-0.2365093
Mistral-Prot,UMAP,seq_2640,0,3.450677,0.26202968
Mistral-Prot,UMAP,seq_2641,0,3.8373165,0.7435243
Mistral-Prot,UMAP,seq_2642,0,3.401172,0.61961263
Mistral-Prot,UMAP,seq_2643,0,6.610201,0.9765537
Mistral-Prot,UMAP,seq_2644,0,3.443434,-0.62459445
Mistral-Prot,UMAP,seq_2645,0,6.9619737,-0.24660365
Mistral-Prot,UMAP,seq_2646,0,5.828779,1.9556233
Mistral-Prot,UMAP,seq_2647,0,5.6295133,-2.0631387
Mistral-Prot,UMAP,seq_2648,0,6.369787,0.22055672
Mistral-Prot,UMAP,seq_2649,0,3.8420496,1.4012523
Mistral-Prot,UMAP,seq_2650,0,7.322688,0.29018068
Mistral-Prot,UMAP,seq_2651,0,1.1132487,0.63780636
Mistral-Prot,UMAP,seq_2652,0,4.8028975,-1.316136
Mistral-Prot,UMAP,seq_2653,0,1.9887252,1.3305795
Mistral-Prot,UMAP,seq_2654,0,4.0179844,-3.256406
Mistral-Prot,UMAP,seq_2655,0,4.0172577,-0.28935787
Mistral-Prot,UMAP,seq_2656,0,2.8218694,0.91339
Mistral-Prot,UMAP,seq_2657,0,2.8366926,0.8577061
Mistral-Prot,UMAP,seq_2658,0,2.9524105,-1.2401608
Mistral-Prot,UMAP,seq_2659,0,5.638685,-0.5043641
Mistral-Prot,UMAP,seq_2660,0,3.6588662,0.34776387
Mistral-Prot,UMAP,seq_2661,0,6.6441536,0.1296929
Mistral-Prot,UMAP,seq_2662,0,3.4937055,-2.4780967
Mistral-Prot,UMAP,seq_2663,0,5.172372,-2.7561007
Mistral-Prot,UMAP,seq_2664,0,2.6917276,-1.1127383
Mistral-Prot,UMAP,seq_2665,0,5.6511674,-2.4295106
Mistral-Prot,UMAP,seq_2666,0,6.728371,0.15945685
Mistral-Prot,UMAP,seq_2667,0,6.581919,-0.06482777
Mistral-Prot,UMAP,seq_2668,0,-0.6081398,0.7095751
Mistral-Prot,UMAP,seq_2669,0,4.395163,2.1974254
Mistral-Prot,UMAP,seq_2670,0,0.054571748,0.42112532
Mistral-Prot,UMAP,seq_2671,0,5.972922,-0.39333165
Mistral-Prot,UMAP,seq_2672,0,2.4392169,1.5398214
Mistral-Prot,UMAP,seq_2673,0,3.3267772,2.1550443
Mistral-Prot,UMAP,seq_2674,0,4.2747345,-1.0520831
Mistral-Prot,UMAP,seq_2675,0,5.345002,1.4679383
Mistral-Prot,UMAP,seq_2676,0,-0.81057954,0.5746661
Mistral-Prot,UMAP,seq_2677,0,1.0707943,-1.5030556
Mistral-Prot,UMAP,seq_2678,0,4.3212028,0.5217887
Mistral-Prot,UMAP,seq_2679,0,6.800143,-0.9731747
Mistral-Prot,UMAP,seq_2680,0,1.1439856,1.3449851
Mistral-Prot,UMAP,seq_2681,0,5.08025,0.30632356
Mistral-Prot,UMAP,seq_2682,0,3.2096517,0.96711046
Mistral-Prot,UMAP,seq_2683,0,1.3613051,0.36292782
Mistral-Prot,UMAP,seq_2684,0,6.761663,-1.3515706
Mistral-Prot,UMAP,seq_2685,0,4.3993497,0.18661653
Mistral-Prot,UMAP,seq_2686,0,5.051261,-3.2025986
Mistral-Prot,UMAP,seq_2687,0,3.610972,2.8145132
Mistral-Prot,UMAP,seq_2688,0,1.9304584,1.4989061
Mistral-Prot,UMAP,seq_2689,0,3.7921796,0.6999518
Mistral-Prot,UMAP,seq_2690,0,6.919108,0.052609827
Mistral-Prot,UMAP,seq_2691,0,2.005981,1.7956221
Mistral-Prot,UMAP,seq_2692,0,6.517895,-0.63175416
Mistral-Prot,UMAP,seq_2693,0,1.2069911,0.90867925
Mistral-Prot,UMAP,seq_2694,0,3.6776993,3.1379728
Mistral-Prot,UMAP,seq_2695,0,4.5883484,-0.24359323
Mistral-Prot,UMAP,seq_2696,0,0.918879,0.92514515
Mistral-Prot,UMAP,seq_2697,0,2.3019948,0.6891169
Mistral-Prot,UMAP,seq_2698,0,6.576325,-0.65044177
Mistral-Prot,UMAP,seq_2699,0,4.4315586,-0.3946677
Mistral-Prot,UMAP,seq_2700,0,5.310875,1.1361752
Mistral-Prot,UMAP,seq_2701,0,6.9224296,0.21669471
Mistral-Prot,UMAP,seq_2702,0,3.7328465,3.242922
Mistral-Prot,UMAP,seq_2703,0,5.7737594,0.5787154
Mistral-Prot,UMAP,seq_2704,0,7.290243,-0.117289595
Mistral-Prot,UMAP,seq_2705,0,3.582099,2.9485466
Mistral-Prot,UMAP,seq_2706,0,4.1840606,0.5426373
Mistral-Prot,UMAP,seq_2707,0,7.4323344,-0.16913682
Mistral-Prot,UMAP,seq_2708,0,7.298622,0.3278777
Mistral-Prot,UMAP,seq_2709,0,2.550258,1.4426217
Mistral-Prot,UMAP,seq_2710,0,4.8504395,2.9756372
Mistral-Prot,UMAP,seq_2711,0,5.3823833,0.36599505
Mistral-Prot,UMAP,seq_2712,0,6.832827,-1.7056205
Mistral-Prot,UMAP,seq_2713,0,6.911022,-0.060415886
Mistral-Prot,UMAP,seq_2714,0,6.802024,-0.18971463
Mistral-Prot,UMAP,seq_2715,0,0.27195692,1.3173448
Mistral-Prot,UMAP,seq_2716,0,3.8333712,-2.81074
Mistral-Prot,UMAP,seq_2717,0,3.9204025,-2.6668894
Mistral-Prot,UMAP,seq_2718,0,3.5561178,-2.3517694
Mistral-Prot,UMAP,seq_2719,0,5.0632634,1.2735813
Mistral-Prot,UMAP,seq_2720,0,4.7417884,2.0857453
Mistral-Prot,UMAP,seq_2721,0,6.2310886,0.33442602
Mistral-Prot,UMAP,seq_2722,0,2.8356993,1.0672008
Mistral-Prot,UMAP,seq_2723,0,4.4180613,-2.834751
Mistral-Prot,UMAP,seq_2724,0,4.9768867,-0.33839756
Mistral-Prot,UMAP,seq_2725,0,6.027027,-0.8792427
Mistral-Prot,UMAP,seq_2726,0,1.789434,-0.8147169
Mistral-Prot,UMAP,seq_2727,0,6.1952233,0.18388437
Mistral-Prot,UMAP,seq_2728,0,3.935332,1.5584303
Mistral-Prot,UMAP,seq_2729,0,3.5762088,0.85402447
Mistral-Prot,UMAP,seq_2730,0,2.906801,0.5566878
Mistral-Prot,UMAP,seq_2731,0,6.430027,-0.5107339
Mistral-Prot,UMAP,seq_2732,0,3.2101185,-0.33776584
Mistral-Prot,UMAP,seq_2733,0,5.3612003,1.4674429
Mistral-Prot,UMAP,seq_2734,0,3.4770062,0.84067994
Mistral-Prot,UMAP,seq_2735,0,0.04552967,-1.034352
Mistral-Prot,UMAP,seq_2736,0,-0.011310292,-0.7179669
Mistral-Prot,UMAP,seq_2737,0,3.81979,3.3639772
Mistral-Prot,UMAP,seq_2738,0,0.0022109102,0.21605869
Mistral-Prot,UMAP,seq_2739,0,0.17184152,-0.032334115
Mistral-Prot,UMAP,seq_2740,0,2.0982935,-0.78580606
Mistral-Prot,UMAP,seq_2741,0,5.048048,-0.5413805
Mistral-Prot,UMAP,seq_2742,0,3.0655708,1.79347
Mistral-Prot,UMAP,seq_2743,0,5.3394427,-3.1660151
Mistral-Prot,UMAP,seq_2744,0,4.8802342,0.11872438
Mistral-Prot,UMAP,seq_2745,0,1.8533713,1.3178682
Mistral-Prot,UMAP,seq_2746,0,4.395657,1.852039
Mistral-Prot,UMAP,seq_2747,0,7.253657,-0.19097377
Mistral-Prot,UMAP,seq_2748,0,7.4646544,0.19747998
Mistral-Prot,UMAP,seq_2749,0,3.9470057,0.44152838
Mistral-Prot,UMAP,seq_2750,0,3.23071,-0.29366454
Mistral-Prot,UMAP,seq_2751,0,2.4341857,0.23259664
Mistral-Prot,UMAP,seq_2752,0,-1.1357793,0.32257557
Mistral-Prot,UMAP,seq_2753,0,-0.14471146,0.31524143
Mistral-Prot,UMAP,seq_2754,0,3.7648072,-3.1303604
Mistral-Prot,UMAP,seq_2755,0,4.046217,-0.63712907
Mistral-Prot,UMAP,seq_2756,0,3.7926424,-3.4309175
Mistral-Prot,UMAP,seq_2757,0,1.7984186,-0.105583414
Mistral-Prot,UMAP,seq_2758,0,2.139121,-0.15401354
Mistral-Prot,UMAP,seq_2759,0,-0.42213538,1.0198493
Mistral-Prot,UMAP,seq_2760,0,0.49387372,-1.0828521
Mistral-Prot,UMAP,seq_2761,0,1.9293737,1.1275018
Mistral-Prot,UMAP,seq_2762,0,2.793129,-0.40292507
Mistral-Prot,UMAP,seq_2763,0,0.019258011,-0.9855692
Mistral-Prot,UMAP,seq_2764,0,0.684643,-0.7766693
Mistral-Prot,UMAP,seq_2765,0,2.4457273,-1.3757956
Mistral-Prot,UMAP,seq_2766,0,1.956012,2.3197339
Mistral-Prot,UMAP,seq_2767,0,-0.19592595,0.72147375
Mistral-Prot,UMAP,seq_2768,0,3.3675957,-2.0612442
Mistral-Prot,UMAP,seq_2769,0,5.991858,0.5492626
Mistral-Prot,UMAP,seq_2770,0,5.8894634,0.2113076
Mistral-Prot,UMAP,seq_2771,0,1.3727307,-0.64505297
Mistral-Prot,UMAP,seq_2772,0,7.1289444,0.6564181
Mistral-Prot,UMAP,seq_2773,0,0.40371904,0.982925
Mistral-Prot,UMAP,seq_2774,0,2.8805597,0.66800445
Mistral-Prot,UMAP,seq_2775,0,4.135795,-0.06860264
Mistral-Prot,UMAP,seq_2776,0,7.4412813,-0.17665458
Mistral-Prot,UMAP,seq_2777,0,7.064719,-1.5007869
Mistral-Prot,UMAP,seq_2778,0,6.6661596,0.28438756
Mistral-Prot,UMAP,seq_2779,0,5.824382,-0.12548433
Mistral-Prot,UMAP,seq_2780,0,5.716406,-2.2685022
Mistral-Prot,UMAP,seq_2781,0,5.788296,-0.98614657
Mistral-Prot,UMAP,seq_2782,0,4.2242208,-0.36222246
Mistral-Prot,UMAP,seq_2783,0,5.019995,-2.3253632
Mistral-Prot,UMAP,seq_2784,0,2.796542,-1.3631004
Mistral-Prot,UMAP,seq_2785,0,6.2488227,-2.1955214
Mistral-Prot,UMAP,seq_2786,0,3.484448,1.5539423
Mistral-Prot,UMAP,seq_2787,0,5.7579713,-2.030293
Mistral-Prot,UMAP,seq_2788,0,4.8906393,-0.53523314
Mistral-Prot,UMAP,seq_2789,0,3.2882428,2.8853037
Mistral-Prot,UMAP,seq_2790,0,-0.019283466,-1.0430336
Mistral-Prot,UMAP,seq_2791,0,1.6270524,1.1193599
Mistral-Prot,UMAP,seq_2792,0,1.9575355,1.4617321
Mistral-Prot,UMAP,seq_2793,0,0.7542118,0.64945465
Mistral-Prot,UMAP,seq_2794,0,5.2141647,1.9715043
Mistral-Prot,UMAP,seq_2795,0,1.5757787,0.4798096
Mistral-Prot,UMAP,seq_2796,0,4.168394,0.36881813
Mistral-Prot,UMAP,seq_2797,0,1.0901384,0.9690389
Mistral-Prot,UMAP,seq_2798,0,4.8709273,0.9881061
Mistral-Prot,UMAP,seq_2799,0,-1.4356133,0.24338424
Mistral-Prot,UMAP,seq_2800,0,1.8507077,1.7140254
Mistral-Prot,UMAP,seq_2801,0,3.894352,1.7968029
Mistral-Prot,UMAP,seq_2802,0,6.5503964,-0.28589612
Mistral-Prot,UMAP,seq_2803,0,4.9180303,-0.79582137
Mistral-Prot,UMAP,seq_2804,0,2.5696397,0.62249535
Mistral-Prot,UMAP,seq_2805,0,2.6144934,0.682559
Mistral-Prot,UMAP,seq_2806,0,5.383661,-2.1978548
Mistral-Prot,UMAP,seq_2807,0,2.5258148,0.7842234
Mistral-Prot,UMAP,seq_2808,0,1.876987,1.873914
Mistral-Prot,UMAP,seq_2809,0,2.7167218,-0.80634856
Mistral-Prot,UMAP,seq_2810,0,3.5678482,-0.37306842
Mistral-Prot,UMAP,seq_2811,0,3.666448,-2.857371
Mistral-Prot,UMAP,seq_2812,0,2.015438,-0.8252737
Mistral-Prot,UMAP,seq_2813,0,6.172651,0.99566513
Mistral-Prot,UMAP,seq_2814,0,3.843821,2.891037
Mistral-Prot,UMAP,seq_2815,0,-1.3392513,0.16822557
Mistral-Prot,UMAP,seq_2816,0,3.3974526,1.4394561
Mistral-Prot,UMAP,seq_2817,0,-0.9918275,0.13125572
Mistral-Prot,UMAP,seq_2818,0,0.6307415,0.8018458
Mistral-Prot,UMAP,seq_2819,0,2.0557113,0.30128857
Mistral-Prot,UMAP,seq_2820,0,3.8223512,-0.17646076
Mistral-Prot,UMAP,seq_2821,0,0.6785257,1.7477641
Mistral-Prot,UMAP,seq_2822,0,-0.19740161,0.14017348
Mistral-Prot,UMAP,seq_2823,0,4.061578,-0.2652667
Mistral-Prot,UMAP,seq_2824,0,-0.4787922,0.13875791
Mistral-Prot,UMAP,seq_2825,0,0.8323388,1.3002107
Mistral-Prot,UMAP,seq_2826,0,5.1064777,0.10369624
Mistral-Prot,UMAP,seq_2827,0,3.6696775,-1.238884
Mistral-Prot,UMAP,seq_2828,0,5.7007084,0.53710586
Mistral-Prot,UMAP,seq_2829,0,2.9836922,1.2426461
Mistral-Prot,UMAP,seq_2830,0,0.94997555,0.09228077
Mistral-Prot,UMAP,seq_2831,0,5.0490236,0.6326579
Mistral-Prot,UMAP,seq_2832,0,2.9300225,-1.1913404
Mistral-Prot,UMAP,seq_2833,0,3.4257615,1.6713382
Mistral-Prot,UMAP,seq_2834,0,1.9232016,0.7431854
Mistral-Prot,UMAP,seq_2835,0,3.213138,0.9765011
Mistral-Prot,UMAP,seq_2836,0,4.084691,0.015224159
Mistral-Prot,UMAP,seq_2837,0,1.7273654,1.0686407
Mistral-Prot,UMAP,seq_2838,0,2.6137605,-1.1281351
Mistral-Prot,UMAP,seq_2839,0,1.961588,2.1870346
Mistral-Prot,UMAP,seq_2840,0,7.517263,0.20892175
Mistral-Prot,UMAP,seq_2841,0,0.6170279,0.5292749
Mistral-Prot,UMAP,seq_2842,0,2.2579162,1.5732359
Mistral-Prot,UMAP,seq_2843,0,2.8790445,-0.7580707
Mistral-Prot,UMAP,seq_2844,0,1.0985337,-0.051743913
Mistral-Prot,UMAP,seq_2845,0,0.23114808,-0.9902349
Mistral-Prot,UMAP,seq_2846,0,5.645398,-1.5093782
Mistral-Prot,UMAP,seq_2847,0,3.14807,2.1940866
Mistral-Prot,UMAP,seq_2848,0,-0.6529448,-0.206121
Mistral-Prot,UMAP,seq_2849,0,2.5788722,-0.92681766
Mistral-Prot,UMAP,seq_2850,0,3.2355344,2.367469
Mistral-Prot,UMAP,seq_2851,0,3.2744968,-0.7606358
Mistral-Prot,UMAP,seq_2852,0,5.977621,0.2569087
Mistral-Prot,UMAP,seq_2853,0,0.85802144,0.057870593
Mistral-Prot,UMAP,seq_2854,0,3.0594392,0.94523305
Mistral-Prot,UMAP,seq_2855,0,4.3189273,-0.7344529
Mistral-Prot,UMAP,seq_2856,0,2.0790486,1.642242
Mistral-Prot,UMAP,seq_2857,0,4.058139,0.4487895
Mistral-Prot,UMAP,seq_2858,0,3.7350488,1.8269534
Mistral-Prot,UMAP,seq_2859,0,5.133163,-1.3339735
Mistral-Prot,UMAP,seq_2860,0,4.6610565,-1.2082695
Mistral-Prot,UMAP,seq_2861,0,2.9642627,2.6613677
Mistral-Prot,UMAP,seq_2862,0,1.3022217,-0.966328
Mistral-Prot,UMAP,seq_2863,0,3.669209,-1.421664
Mistral-Prot,UMAP,seq_2864,0,3.1059968,-1.8374753
Mistral-Prot,UMAP,seq_2865,0,2.5121734,-0.8174321
Mistral-Prot,UMAP,seq_2866,0,4.6178055,0.29258212
Mistral-Prot,UMAP,seq_2867,0,3.6140852,-0.9471135
Mistral-Prot,UMAP,seq_2868,0,3.1552875,0.7141184
Mistral-Prot,UMAP,seq_2869,0,2.9384604,0.924007
Mistral-Prot,UMAP,seq_2870,0,6.6091676,-0.3147043
Mistral-Prot,UMAP,seq_2871,0,6.3637447,-0.8380157
Mistral-Prot,UMAP,seq_2872,0,3.7050128,-1.5667393
Mistral-Prot,UMAP,seq_2873,0,-0.31962112,0.86145824
Mistral-Prot,UMAP,seq_2874,0,1.9840529,-0.85138744
Mistral-Prot,UMAP,seq_2875,0,1.4260988,-1.4216805
Mistral-Prot,UMAP,seq_2876,0,0.4149745,-1.1577349
Mistral-Prot,UMAP,seq_2877,0,5.0644813,0.7785145
Mistral-Prot,UMAP,seq_2878,0,4.811366,0.18763408
Mistral-Prot,UMAP,seq_2879,0,5.383021,-1.3272725
Mistral-Prot,UMAP,seq_2880,0,6.715166,-1.3468902
Mistral-Prot,UMAP,seq_2881,0,6.3534093,-1.3455517
Mistral-Prot,UMAP,seq_2882,0,-0.82324904,0.61417276
Mistral-Prot,UMAP,seq_2883,0,3.4662197,-0.7500241
Mistral-Prot,UMAP,seq_2884,0,3.5694907,1.2764529
Mistral-Prot,UMAP,seq_2885,0,4.1099477,-3.1497958
Mistral-Prot,UMAP,seq_2886,0,3.6776097,1.0502737
Mistral-Prot,UMAP,seq_2887,0,3.998067,1.710334
Mistral-Prot,UMAP,seq_2888,0,3.7618012,0.70988256
Mistral-Prot,UMAP,seq_2889,0,1.4024765,0.93788135
Mistral-Prot,UMAP,seq_2890,0,6.1445684,0.31199673
Mistral-Prot,UMAP,seq_2891,0,2.4485197,-0.36331746
Mistral-Prot,UMAP,seq_2892,0,-0.4540607,0.16112028
Mistral-Prot,UMAP,seq_2893,0,0.9997834,-1.2923342
Mistral-Prot,UMAP,seq_2894,0,3.0612178,-2.0547118
Mistral-Prot,UMAP,seq_2895,0,5.481072,0.4584993
Mistral-Prot,UMAP,seq_2896,0,-1.0917344,0.685519
Mistral-Prot,UMAP,seq_2897,0,5.349474,0.86279964
Mistral-Prot,UMAP,seq_2898,0,6.3980994,0.35161442
Mistral-Prot,UMAP,seq_2899,0,2.4030175,1.9962473
Mistral-Prot,UMAP,seq_2900,0,3.086705,-0.54413176
Mistral-Prot,UMAP,seq_2901,0,2.2237437,-0.5788179
Mistral-Prot,UMAP,seq_2902,0,0.6084006,-0.47902024
Mistral-Prot,UMAP,seq_2903,0,3.3234618,-1.1499875
Mistral-Prot,UMAP,seq_2904,0,3.100186,0.61324346
Mistral-Prot,UMAP,seq_2905,0,4.5144415,-3.0120473
Mistral-Prot,UMAP,seq_2906,0,1.0585496,0.83637744
Mistral-Prot,UMAP,seq_2907,0,5.552004,-2.118122
Mistral-Prot,UMAP,seq_2908,0,2.4917636,1.1192427
Mistral-Prot,UMAP,seq_2909,0,6.7356315,1.5826249
Mistral-Prot,UMAP,seq_2910,0,1.077157,1.8357254
Mistral-Prot,UMAP,seq_2911,0,-1.2635821,0.16562448
Mistral-Prot,UMAP,seq_2912,0,2.8135457,0.10782153
Mistral-Prot,UMAP,seq_2913,0,6.3426137,0.34295344
Mistral-Prot,UMAP,seq_2914,0,2.4335284,0.8470353
Mistral-Prot,UMAP,seq_2915,0,2.3046436,0.92136776
Mistral-Prot,UMAP,seq_2916,0,3.164474,-1.6237091
Mistral-Prot,UMAP,seq_2917,0,5.0043077,0.44263658
Mistral-Prot,UMAP,seq_2918,0,1.8094211,0.8122503
Mistral-Prot,UMAP,seq_2919,0,2.2332788,1.2162952
Mistral-Prot,UMAP,seq_2920,0,1.0836251,-1.6189705
Mistral-Prot,UMAP,seq_2921,0,3.7868505,1.7869662
Mistral-Prot,UMAP,seq_2922,0,3.0618687,0.7988968
Mistral-Prot,UMAP,seq_2923,0,3.677283,0.1592792
Mistral-Prot,UMAP,seq_2924,0,3.117026,0.7712291
Mistral-Prot,UMAP,seq_2925,0,2.6461265,-1.4003361
Mistral-Prot,UMAP,seq_2926,0,6.1566987,-2.4842885
Mistral-Prot,UMAP,seq_2927,0,5.3260427,-2.3169868
Mistral-Prot,UMAP,seq_2928,0,1.578341,0.99535394
Mistral-Prot,UMAP,seq_2929,0,4.186996,0.7161309
Mistral-Prot,UMAP,seq_2930,0,2.3196864,1.710767
Mistral-Prot,UMAP,seq_2931,0,0.3663364,0.56645757
Mistral-Prot,UMAP,seq_2932,0,1.8421904,1.7744796
Mistral-Prot,UMAP,seq_2933,0,0.63566357,-1.1762903
Mistral-Prot,UMAP,seq_2934,0,-0.88977396,0.44503662
Mistral-Prot,UMAP,seq_2935,0,-0.9586047,0.55277705
Mistral-Prot,UMAP,seq_2936,0,-0.30327138,0.7386994
Mistral-Prot,UMAP,seq_2937,0,0.47424132,1.1509706
Mistral-Prot,UMAP,seq_2938,0,4.0692453,1.7758392
Mistral-Prot,UMAP,seq_2939,0,4.8014565,0.5229781
Mistral-Prot,UMAP,seq_2940,0,5.6352415,-2.0099247
Mistral-Prot,UMAP,seq_2941,0,5.597255,-1.759731
Mistral-Prot,UMAP,seq_2942,0,4.631045,-0.1785082
Mistral-Prot,UMAP,seq_2943,0,5.259668,0.4134513
Mistral-Prot,UMAP,seq_2944,0,5.550368,1.0187223
Mistral-Prot,UMAP,seq_2945,0,6.1623607,-2.5303426
Mistral-Prot,UMAP,seq_2946,0,7.1486163,-1.4615769
Mistral-Prot,UMAP,seq_2947,0,4.014705,1.7291377
Mistral-Prot,UMAP,seq_2948,0,5.89962,0.61434215
Mistral-Prot,UMAP,seq_2949,0,-0.39284945,-0.97878575
Mistral-Prot,UMAP,seq_2950,0,-0.26581547,-1.2106842
Mistral-Prot,UMAP,seq_2951,0,4.069072,-1.2034409
Mistral-Prot,UMAP,seq_2952,0,5.8314915,0.15180507
Mistral-Prot,UMAP,seq_2953,0,0.007908716,0.66926026
Mistral-Prot,UMAP,seq_2954,0,0.19997449,0.62819946
Mistral-Prot,UMAP,seq_2955,0,5.0540857,1.0782712
Mistral-Prot,UMAP,seq_2956,0,-0.32075077,-1.102795
Mistral-Prot,UMAP,seq_2957,0,3.6197681,1.7096628
Mistral-Prot,UMAP,seq_2958,0,5.526096,-1.0755112
Mistral-Prot,UMAP,seq_2959,0,-0.2971093,-1.2100639
Mistral-Prot,UMAP,seq_2960,0,4.4827094,1.2285558
Mistral-Prot,UMAP,seq_2961,0,4.9640245,-3.1593142
Mistral-Prot,UMAP,seq_2962,0,2.6689157,1.5373486
Mistral-Prot,UMAP,seq_2963,0,3.6105025,0.9554115
Mistral-Prot,UMAP,seq_2964,0,1.8030086,0.53737193
Mistral-Prot,UMAP,seq_2965,0,5.2523756,1.7636966
Mistral-Prot,UMAP,seq_2966,0,5.271956,0.09979201
Mistral-Prot,UMAP,seq_2967,0,3.9782932,1.3531716
Mistral-Prot,UMAP,seq_2968,0,3.1119308,-0.04941463
Mistral-Prot,UMAP,seq_2969,0,7.0110207,-0.6079626
Mistral-Prot,UMAP,seq_2970,0,5.093453,-0.28136617
Mistral-Prot,UMAP,seq_2971,0,5.330751,-2.6414273
Mistral-Prot,UMAP,seq_2972,0,1.3692453,1.2588593
Mistral-Prot,UMAP,seq_2973,0,5.6559744,-1.5998975
Mistral-Prot,UMAP,seq_2974,0,4.3086495,1.5173026
Mistral-Prot,UMAP,seq_2975,0,5.6150994,-1.7082748
Mistral-Prot,UMAP,seq_2976,0,7.375597,0.06595247
Mistral-Prot,UMAP,seq_2977,0,3.4920983,1.3401233
Mistral-Prot,UMAP,seq_2978,0,6.591036,1.2881365
Mistral-Prot,UMAP,seq_2979,0,6.496712,-0.35946983
Mistral-Prot,UMAP,seq_2980,0,5.7891035,0.6386734
Mistral-Prot,UMAP,seq_2981,0,2.6858814,2.9565895
Mistral-Prot,UMAP,seq_2982,0,4.5652432,-3.202667
Mistral-Prot,UMAP,seq_2983,0,3.781045,0.54694074
Mistral-Prot,UMAP,seq_2984,0,2.1968398,1.1030279
Mistral-Prot,UMAP,seq_2985,0,1.3262327,-0.28675905
Mistral-Prot,UMAP,seq_2986,0,6.683937,0.6309031
Mistral-Prot,UMAP,seq_2987,0,6.887181,0.5674692
Mistral-Prot,UMAP,seq_2988,0,4.9656124,-0.61188996
Mistral-Prot,UMAP,seq_2989,0,5.1683383,1.6873249
Mistral-Prot,UMAP,seq_2990,0,7.33304,0.2372977
Mistral-Prot,UMAP,seq_2991,0,5.897641,0.5302883
Mistral-Prot,UMAP,seq_2992,0,6.782294,-1.236047
Mistral-Prot,UMAP,seq_2993,0,5.618539,-2.890816
Mistral-Prot,UMAP,seq_2994,0,5.8649774,0.57257646
Mistral-Prot,UMAP,seq_2995,0,7.0840907,-0.018645085
Mistral-Prot,UMAP,seq_2996,0,0.64605415,-0.34278756
Mistral-Prot,UMAP,seq_2997,0,6.280592,1.1079082
Mistral-Prot,UMAP,seq_2998,0,6.1466575,1.1277115
Mistral-Prot,UMAP,seq_2999,0,4.507925,0.36175644
Mistral-Prot,UMAP,seq_3000,0,4.4872513,-2.8623445
Mistral-Prot,UMAP,seq_3001,0,-0.9515274,0.41561672
Mistral-Prot,UMAP,seq_3002,0,5.142355,-0.16640082
Mistral-Prot,UMAP,seq_3003,0,5.1899686,-0.8143287
Mistral-Prot,UMAP,seq_3004,0,6.7291145,0.38287553
Mistral-Prot,UMAP,seq_3005,0,5.3710275,0.14390495
Mistral-Prot,UMAP,seq_3006,0,3.8806472,-3.243932
Mistral-Prot,UMAP,seq_3007,0,3.7407277,-2.9906273
Mistral-Prot,UMAP,seq_3008,0,2.8768096,-1.1062747
Mistral-Prot,UMAP,seq_3009,0,5.0223765,-1.1104366
Mistral-Prot,UMAP,seq_3010,0,5.919892,1.2597259
Mistral-Prot,UMAP,seq_3011,0,-1.4828016,0.26447657
Mistral-Prot,UMAP,seq_3012,0,1.2226446,0.36899287
Mistral-Prot,UMAP,seq_3013,0,0.6111205,0.253831
Mistral-Prot,UMAP,seq_3014,0,3.4735122,-0.6715397
Mistral-Prot,UMAP,seq_3015,0,3.7677124,-2.545046
Mistral-Prot,UMAP,seq_3016,0,5.3789687,-2.086413
Mistral-Prot,UMAP,seq_3017,0,5.1669006,1.0849403
Mistral-Prot,UMAP,seq_3018,0,5.7503843,0.4512597
Mistral-Prot,UMAP,seq_3019,0,5.71634,0.22825174
Mistral-Prot,UMAP,seq_3020,0,1.2102627,1.3076096
Mistral-Prot,UMAP,seq_3021,0,3.1506686,2.8035681
Mistral-Prot,UMAP,seq_3022,0,5.9363713,-0.57049006
Mistral-Prot,UMAP,seq_3023,0,6.776548,1.0388299
Mistral-Prot,UMAP,seq_3024,0,5.2503614,-2.2697763
Mistral-Prot,UMAP,seq_3025,0,-0.46320364,0.67667806
Mistral-Prot,UMAP,seq_3026,0,4.161172,-3.225772
Mistral-Prot,UMAP,seq_3027,0,4.570416,-3.255692
Mistral-Prot,UMAP,seq_3028,0,5.0992403,1.8964995
Mistral-Prot,UMAP,seq_3029,0,4.836581,0.49091092
Mistral-Prot,UMAP,seq_3030,0,7.118681,-0.46299753
Mistral-Prot,UMAP,seq_3031,0,5.0489607,2.1367211
Mistral-Prot,UMAP,seq_3032,0,0.6019029,-0.964267
Mistral-Prot,UMAP,seq_3033,0,1.5769433,-0.01678987
Mistral-Prot,UMAP,seq_3034,0,1.6657006,0.20767924
Mistral-Prot,UMAP,seq_3035,0,5.1346006,-2.7220452
Mistral-Prot,UMAP,seq_3036,0,2.7778504,0.6429044
Mistral-Prot,UMAP,seq_3037,0,3.047704,0.7337707
Mistral-Prot,UMAP,seq_3038,0,-0.57643193,0.7243368
Mistral-Prot,UMAP,seq_3039,0,2.4859104,-1.1129622
Mistral-Prot,UMAP,seq_3040,0,4.4486976,-2.948247
Mistral-Prot,UMAP,seq_3041,0,2.845393,1.6595322
Mistral-Prot,UMAP,seq_3042,0,1.1236998,-0.28338876
Mistral-Prot,UMAP,seq_3043,0,4.828771,-1.9355654
Mistral-Prot,UMAP,seq_3044,0,-0.35281733,1.1113389
Mistral-Prot,UMAP,seq_3045,0,5.708455,0.11508819
Mistral-Prot,UMAP,seq_3046,0,-0.7651301,-0.020104684
Mistral-Prot,UMAP,seq_3047,0,4.7830224,-2.775011
Mistral-Prot,UMAP,seq_3048,0,2.9470196,0.38004613
Mistral-Prot,UMAP,seq_3049,0,3.3455322,2.281655
Mistral-Prot,UMAP,seq_3050,0,2.5822644,1.7718617
Mistral-Prot,UMAP,seq_3051,0,4.9648166,-2.3021522
Mistral-Prot,UMAP,seq_3052,0,3.8794851,1.268594
Mistral-Prot,UMAP,seq_3053,0,1.3331637,-1.0054781
Mistral-Prot,UMAP,seq_3054,0,2.0756853,0.2889665
Mistral-Prot,UMAP,seq_3055,0,1.2728431,-1.7841367
Mistral-Prot,UMAP,seq_3056,0,-0.8597718,-0.08788122
Mistral-Prot,UMAP,seq_3057,0,1.3164068,0.22041205
Mistral-Prot,UMAP,seq_3058,0,0.020545512,0.4588742
Mistral-Prot,UMAP,seq_3059,0,2.111291,1.5933236
Mistral-Prot,UMAP,seq_3060,0,4.2364054,0.31794304
Mistral-Prot,UMAP,seq_3061,0,2.434421,-0.3354901
Mistral-Prot,UMAP,seq_3062,0,1.7644739,1.0266361
Mistral-Prot,UMAP,seq_3063,0,5.2161365,0.8585831
Mistral-Prot,UMAP,seq_3064,0,5.1177297,-1.9724203
Mistral-Prot,UMAP,seq_3065,0,4.66848,0.088994816
Mistral-Prot,UMAP,seq_3066,0,6.580174,-1.3651334
Mistral-Prot,UMAP,seq_3067,0,6.437694,-2.267305
Mistral-Prot,UMAP,seq_3068,0,1.3141414,-1.4596931
Mistral-Prot,UMAP,seq_3069,0,5.4864745,-1.6827425
Mistral-Prot,UMAP,seq_3070,0,1.463867,-0.3813528
Mistral-Prot,UMAP,seq_3071,0,2.4714332,-1.1133267
Mistral-Prot,UMAP,seq_3072,0,0.86581683,-0.12858744
Mistral-Prot,UMAP,seq_3073,0,2.4132874,-1.0139965
Mistral-Prot,UMAP,seq_3074,0,4.9822946,-0.78779376
Mistral-Prot,UMAP,seq_3075,0,6.423704,-0.88872254
Mistral-Prot,UMAP,seq_3076,0,7.2454143,0.4411176
Mistral-Prot,UMAP,seq_3077,0,3.6411223,1.299975
Mistral-Prot,UMAP,seq_3078,0,4.2687297,0.19127859
Mistral-Prot,UMAP,seq_3079,0,1.3953716,0.1484085
Mistral-Prot,UMAP,seq_3080,0,4.1472588,1.7374129
Mistral-Prot,UMAP,seq_3081,0,3.0938869,0.23648389
Mistral-Prot,UMAP,seq_3082,0,5.67194,-0.9068626
Mistral-Prot,UMAP,seq_3083,0,3.5944865,1.0493356
Mistral-Prot,UMAP,seq_3084,0,5.2714777,-0.5543674
Mistral-Prot,UMAP,seq_3085,0,7.0848618,0.15387057
Mistral-Prot,UMAP,seq_3086,0,3.6156564,1.0410204
Mistral-Prot,UMAP,seq_3087,0,3.5221198,1.8422239
Mistral-Prot,UMAP,seq_3088,0,3.989465,3.5419734
Mistral-Prot,UMAP,seq_3089,0,3.0731475,0.5096598
Mistral-Prot,UMAP,seq_3090,0,4.877963,-1.2634536
Mistral-Prot,UMAP,seq_3091,0,0.7449259,-1.3300397
Mistral-Prot,UMAP,seq_3092,0,4.421323,-2.923462
Mistral-Prot,UMAP,seq_3093,0,4.0026765,-2.809193
Mistral-Prot,UMAP,seq_3094,0,4.0378942,-2.7696712
Mistral-Prot,UMAP,seq_3095,0,2.1207736,-1.2283934
Mistral-Prot,UMAP,seq_3096,0,0.39445424,-1.2468481
Mistral-Prot,UMAP,seq_3097,0,4.526522,-3.0311198
Mistral-Prot,UMAP,seq_3098,0,0.38600725,-1.5124524
Mistral-Prot,UMAP,seq_3099,0,5.377507,1.6740673
Mistral-Prot,UMAP,seq_3100,0,-0.91036254,0.089215875
Mistral-Prot,UMAP,seq_3101,0,5.3221583,-0.24752624
Mistral-Prot,UMAP,seq_3102,0,4.216483,1.3099917
Mistral-Prot,UMAP,seq_3103,0,0.6494746,0.5831649
Mistral-Prot,UMAP,seq_3104,0,3.330895,-2.3122296
Mistral-Prot,UMAP,seq_3105,0,5.283034,-0.28782782
Mistral-Prot,UMAP,seq_3106,0,3.3502533,0.042897385
Mistral-Prot,UMAP,seq_3107,0,2.968283,-0.30724183
Mistral-Prot,UMAP,seq_3108,0,6.198404,-0.4098275
Mistral-Prot,UMAP,seq_3109,0,1.1824766,-1.6047443
Mistral-Prot,UMAP,seq_3110,0,3.9926615,0.23492613
Mistral-Prot,UMAP,seq_3111,0,1.7830789,-1.1081539
Mistral-Prot,UMAP,seq_3112,0,5.6058464,-1.1000882
Mistral-Prot,UMAP,seq_3113,0,1.5658634,-0.9819995
Mistral-Prot,UMAP,seq_3114,0,-0.08236385,1.08253
Mistral-Prot,UMAP,seq_3115,0,7.053543,0.73518777
Mistral-Prot,UMAP,seq_3116,0,4.4038954,-0.635615
Mistral-Prot,UMAP,seq_3117,0,4.5221176,-2.9403012
Mistral-Prot,UMAP,seq_3118,0,4.167706,-2.2343056
Mistral-Prot,UMAP,seq_3119,0,3.111567,-1.197014
Mistral-Prot,UMAP,seq_3120,0,2.8896208,0.35614792
Mistral-Prot,UMAP,seq_3121,0,3.5733843,1.7030534
Mistral-Prot,UMAP,seq_3122,0,5.0781126,-1.8847783
Mistral-Prot,UMAP,seq_3123,0,2.8054495,-0.44045725
Mistral-Prot,UMAP,seq_3124,0,5.543998,-2.503305
Mistral-Prot,UMAP,seq_3125,0,3.5954676,-0.06402491
Mistral-Prot,UMAP,seq_3126,0,-0.6439735,-0.04413372
Mistral-Prot,UMAP,seq_3127,0,3.0694458,1.7287552
Mistral-Prot,UMAP,seq_3128,0,3.4877162,1.8060359
Mistral-Prot,UMAP,seq_3129,0,4.656286,-0.5329009
Mistral-Prot,UMAP,seq_3130,0,6.4819293,-0.7061327
Mistral-Prot,UMAP,seq_3131,0,6.571944,0.22211345
Mistral-Prot,UMAP,seq_3132,0,0.6327593,-0.26139575
Mistral-Prot,UMAP,seq_3133,0,2.7922325,-1.2367058
Mistral-Prot,UMAP,seq_3134,0,5.5708714,-1.2918252
Mistral-Prot,UMAP,seq_3135,0,1.1897117,0.8547039
Mistral-Prot,UMAP,seq_3136,0,3.4722219,-1.8793377
Mistral-Prot,UMAP,seq_3137,0,1.0356284,-0.43779644
Mistral-Prot,UMAP,seq_3138,0,4.3599114,2.2788336
Mistral-Prot,UMAP,seq_3139,0,2.2713766,0.17776707
Mistral-Prot,UMAP,seq_3140,0,2.677643,2.1641476
Mistral-Prot,UMAP,seq_3141,0,1.8822573,1.2169958
Mistral-Prot,UMAP,seq_3142,0,7.234581,-0.27937925
Mistral-Prot,UMAP,seq_3143,0,1.6053987,0.7398542
Mistral-Prot,UMAP,seq_3144,0,0.4167709,-0.3070442
Mistral-Prot,UMAP,seq_3145,0,2.7843695,0.72994053
Mistral-Prot,UMAP,seq_3146,0,5.3121514,-2.2717547
Mistral-Prot,UMAP,seq_3147,0,4.041932,1.6580621
Mistral-Prot,UMAP,seq_3148,0,5.303871,0.70835173
Mistral-Prot,UMAP,seq_3149,0,0.76568455,-1.3076029
Mistral-Prot,UMAP,seq_3150,0,1.3884158,1.4355183
Mistral-Prot,UMAP,seq_3151,0,1.1447271,-1.5799472
Mistral-Prot,UMAP,seq_3152,0,-0.4946437,0.8439865
Mistral-Prot,UMAP,seq_3153,0,3.0012348,2.3255193
Mistral-Prot,UMAP,seq_3154,0,4.230871,0.4951271
Mistral-Prot,UMAP,seq_3155,0,4.2016025,0.43692285
Mistral-Prot,UMAP,seq_3156,0,2.4040308,1.4757011
Mistral-Prot,UMAP,seq_3157,0,6.941086,-0.2478204
Mistral-Prot,UMAP,seq_3158,0,5.331647,0.5864799
Mistral-Prot,UMAP,seq_3159,0,2.3090649,-0.42158985
Mistral-Prot,UMAP,seq_3160,0,0.29590183,-1.1312877
Mistral-Prot,UMAP,seq_3161,0,5.3172007,-0.13569395
Mistral-Prot,UMAP,seq_3162,0,0.42113507,0.053209808
Mistral-Prot,UMAP,seq_3163,0,1.8022245,0.86403704
Mistral-Prot,UMAP,seq_3164,0,1.4679154,-1.6689875
Mistral-Prot,UMAP,seq_3165,0,5.5016146,1.2332834
Mistral-Prot,UMAP,seq_3166,0,2.6505828,2.9366953
Mistral-Prot,UMAP,seq_3167,0,2.8910856,-1.3378935
Mistral-Prot,UMAP,seq_3168,0,0.54163456,0.8544272
Mistral-Prot,UMAP,seq_3169,0,2.0497417,2.320519
Mistral-Prot,UMAP,seq_3170,0,-1.4395727,0.30802232
Mistral-Prot,UMAP,seq_3171,0,0.79037565,1.1049091
Mistral-Prot,UMAP,seq_3172,0,2.268169,0.630862
Mistral-Prot,UMAP,seq_3173,0,3.4671519,2.0348427
Mistral-Prot,UMAP,seq_3174,0,-0.42432693,0.67683184
Mistral-Prot,UMAP,seq_3175,0,4.0088286,2.8202024
Mistral-Prot,UMAP,seq_3176,0,3.2214646,0.7620495
Mistral-Prot,UMAP,seq_3177,0,3.6570108,0.5205549
Mistral-Prot,UMAP,seq_3178,0,3.2185388,0.7539546
Mistral-Prot,UMAP,seq_3179,0,0.17271835,-0.13649082
Mistral-Prot,UMAP,seq_3180,0,2.9592476,0.23578712
Mistral-Prot,UMAP,seq_3181,0,3.5643566,0.1643882
Mistral-Prot,UMAP,seq_3182,0,2.5595582,-0.5460889
Mistral-Prot,UMAP,seq_3183,0,4.846882,-0.3734083
Mistral-Prot,UMAP,seq_3184,0,2.9302201,-1.2192335
Mistral-Prot,UMAP,seq_3185,0,3.6268535,-0.9600895
Mistral-Prot,UMAP,seq_3186,0,4.889736,-0.09967138
Mistral-Prot,UMAP,seq_3187,0,0.24922441,1.3963926
Mistral-Prot,UMAP,seq_3188,0,-1.1959546,0.15807854
Mistral-Prot,UMAP,seq_3189,0,3.1280975,-0.27238864
Mistral-Prot,UMAP,seq_3190,0,3.5999393,2.710921
Mistral-Prot,UMAP,seq_3191,0,5.0362196,-1.3573242
Mistral-Prot,UMAP,seq_3192,0,3.9481397,0.56803435
Mistral-Prot,UMAP,seq_3193,0,3.9207413,1.5528709
Mistral-Prot,UMAP,seq_3194,0,5.1426506,-3.179107
Mistral-Prot,UMAP,seq_3195,0,-1.084368,0.15603894
Mistral-Prot,UMAP,seq_3196,0,-0.30781218,-0.19862823
Mistral-Prot,UMAP,seq_3197,0,6.044089,-0.22396058
Mistral-Prot,UMAP,seq_3198,0,0.46331623,-0.4753783
Mistral-Prot,UMAP,seq_3199,0,3.9845479,0.7098935
Mistral-Prot,UMAP,seq_3200,0,5.310881,1.5575413
Mistral-Prot,UMAP,seq_3201,0,-0.7550012,-0.6213758
Mistral-Prot,UMAP,seq_3202,0,7.1445775,2.1117678
Mistral-Prot,UMAP,seq_3203,0,1.3039365,-0.09796549
Mistral-Prot,UMAP,seq_3204,0,4.5760365,-2.9150405
Mistral-Prot,UMAP,seq_3205,0,6.52605,1.4778422
Mistral-Prot,UMAP,seq_3206,0,0.22322999,-0.31660172
Mistral-Prot,UMAP,seq_3207,0,5.599004,0.5612003
Mistral-Prot,UMAP,seq_3208,0,4.8637023,-0.5182998
Mistral-Prot,UMAP,seq_3209,0,5.5596585,0.7935844
Mistral-Prot,UMAP,seq_3210,0,4.3592057,3.322425
Mistral-Prot,UMAP,seq_3211,0,4.8256025,1.6354405
Mistral-Prot,UMAP,seq_3212,0,3.095391,-0.7822269
Mistral-Prot,UMAP,seq_3213,0,1.5889689,-1.0721146
Mistral-Prot,UMAP,seq_3214,0,5.260792,1.0543572
Mistral-Prot,UMAP,seq_3215,0,6.675744,-1.7072226
Mistral-Prot,UMAP,seq_3216,0,3.819178,-3.4733536
Mistral-Prot,UMAP,seq_3217,0,2.9144492,0.5066737
Mistral-Prot,UMAP,seq_3218,0,4.139173,-1.4937327
Mistral-Prot,UMAP,seq_3219,0,6.08888,-0.2773376
Mistral-Prot,UMAP,seq_3220,0,5.8785863,0.91456383
Mistral-Prot,UMAP,seq_3221,0,1.8032463,-1.1326687
Mistral-Prot,UMAP,seq_3222,0,-0.8651627,0.11441574
Mistral-Prot,UMAP,seq_3223,0,2.7888422,-0.9102413
Mistral-Prot,UMAP,seq_3224,0,3.531576,-0.26398313
Mistral-Prot,UMAP,seq_3225,0,-0.3833551,-0.09921699
Mistral-Prot,UMAP,seq_3226,0,3.3266156,-0.48407182
Mistral-Prot,UMAP,seq_3227,0,0.7392086,0.83122706
Mistral-Prot,UMAP,seq_3228,0,1.0081238,0.65991944
Mistral-Prot,UMAP,seq_3229,0,3.0949054,-0.90128267
Mistral-Prot,UMAP,seq_3230,0,5.293262,-1.2154353
Mistral-Prot,UMAP,seq_3231,0,3.4041288,0.36166906
Mistral-Prot,UMAP,seq_3232,0,2.6598122,-0.17482041
Mistral-Prot,UMAP,seq_3233,0,3.912226,1.7044698
Mistral-Prot,UMAP,seq_3234,0,3.3456612,0.14529848
Mistral-Prot,UMAP,seq_3235,0,6.7586503,-0.68947244
Mistral-Prot,UMAP,seq_3236,0,4.1964536,0.700916
Mistral-Prot,UMAP,seq_3237,0,0.39553648,-1.501967
Mistral-Prot,UMAP,seq_3238,0,0.28504032,0.24934277
Mistral-Prot,UMAP,seq_3239,0,2.9774644,1.0863403
Mistral-Prot,UMAP,seq_3240,0,3.7161808,0.28499725
Mistral-Prot,UMAP,seq_3241,0,5.8234453,-1.5572482
Mistral-Prot,UMAP,seq_3242,0,3.4449332,3.0330548
Mistral-Prot,UMAP,seq_3243,0,3.8757117,0.15027976
Mistral-Prot,UMAP,seq_3244,0,3.6243334,-0.6906651
Mistral-Prot,UMAP,seq_3245,0,0.8925038,-0.5472886
Mistral-Prot,UMAP,seq_3246,0,2.3051534,-1.0469118
Mistral-Prot,UMAP,seq_3247,0,-0.3395647,0.24154945
Mistral-Prot,UMAP,seq_3248,0,4.558228,2.2345746
Mistral-Prot,UMAP,seq_3249,0,1.5814131,-1.3839465
Mistral-Prot,UMAP,seq_3250,0,2.0077708,1.3521159
Mistral-Prot,UMAP,seq_3251,0,-0.75477415,0.09027921
Mistral-Prot,UMAP,seq_3252,0,3.1890433,-1.3227875
Mistral-Prot,UMAP,seq_3253,0,5.934455,0.14603959
Mistral-Prot,UMAP,seq_3254,0,4.4629006,1.296719
Mistral-Prot,UMAP,seq_3255,0,5.4306827,1.0483807
Mistral-Prot,UMAP,seq_3256,0,-0.95240015,0.06819492
Mistral-Prot,UMAP,seq_3257,0,2.5892348,-1.3644607
Mistral-Prot,UMAP,seq_3258,0,0.28081596,-0.30095422
Mistral-Prot,UMAP,seq_3259,0,3.8446596,-2.3156252
Mistral-Prot,UMAP,seq_3260,0,5.2127185,-3.0936472
Mistral-Prot,UMAP,seq_3261,0,0.7787842,-1.5614331
Mistral-Prot,UMAP,seq_3262,0,5.5520287,-0.2728954
Mistral-Prot,UMAP,seq_3263,0,0.26915538,0.011094384
Mistral-Prot,UMAP,seq_3264,0,3.4226944,-0.45979062
Mistral-Prot,UMAP,seq_3265,0,0.21506484,-0.8815997
Mistral-Prot,UMAP,seq_3266,0,2.292949,0.53505075
Mistral-Prot,UMAP,seq_3267,0,-0.0013127234,-0.9689201
Mistral-Prot,UMAP,seq_3268,0,0.31095928,-0.13350143
Mistral-Prot,UMAP,seq_3269,0,0.7784946,1.5806392
Mistral-Prot,UMAP,seq_3270,0,2.5452611,-0.47404313
Mistral-Prot,UMAP,seq_3271,0,-0.6912354,-0.07003654
Mistral-Prot,UMAP,seq_3272,0,3.110931,-2.0230377
Mistral-Prot,UMAP,seq_3273,0,3.328834,-1.9887465
Mistral-Prot,UMAP,seq_3274,0,0.9109405,-0.8762717
Mistral-Prot,UMAP,seq_3275,0,2.6199908,0.25939417
Mistral-Prot,UMAP,seq_3276,0,0.99818355,-1.3631513
Mistral-Prot,UMAP,seq_3277,0,3.8314748,-3.456936
Mistral-Prot,UMAP,seq_3278,0,0.76839143,-0.2114886
Mistral-Prot,UMAP,seq_3279,0,4.217673,-2.8182018
Mistral-Prot,UMAP,seq_3280,0,6.0434575,-2.3463497
Mistral-Prot,UMAP,seq_3281,0,1.7282249,1.1088802
Mistral-Prot,UMAP,seq_3282,0,3.1894734,-0.43505234
Mistral-Prot,UMAP,seq_3283,0,5.280401,-1.3428674
Mistral-Prot,UMAP,seq_3284,0,5.2106957,-3.1446116
Mistral-Prot,UMAP,seq_3285,0,3.223179,1.5285354
Mistral-Prot,UMAP,seq_3286,0,3.878665,-3.309691
Mistral-Prot,UMAP,seq_3287,0,3.7171745,-2.0015116
Mistral-Prot,UMAP,seq_3288,0,3.4278839,-0.5357183
Mistral-Prot,UMAP,seq_3289,0,3.2944465,0.94784385
Mistral-Prot,UMAP,seq_3290,0,1.0147183,0.3868051
Mistral-Prot,UMAP,seq_3291,0,0.60315436,1.0011349
Mistral-Prot,UMAP,seq_3292,0,0.10282039,-1.0602738
Mistral-Prot,UMAP,seq_3293,0,5.956423,-2.0549853
Mistral-Prot,UMAP,seq_3294,0,0.67377657,-0.12789294
Mistral-Prot,UMAP,seq_3295,0,1.0898336,-0.17176314
Mistral-Prot,UMAP,seq_3296,0,0.351043,0.03363698
Mistral-Prot,UMAP,seq_3297,0,1.4539746,1.1035428
Mistral-Prot,UMAP,seq_3298,0,2.6977336,-1.4626653
Mistral-Prot,UMAP,seq_3299,0,0.73127764,0.94129485
Mistral-Prot,UMAP,seq_3300,0,3.9201047,1.9449947
Mistral-Prot,UMAP,seq_3301,0,7.0241175,0.859356
Mistral-Prot,UMAP,seq_3302,0,6.4190564,-1.4973065
Mistral-Prot,UMAP,seq_3303,0,4.909015,-1.8493725
Mistral-Prot,UMAP,seq_3304,0,2.4630919,-1.4342587
Mistral-Prot,UMAP,seq_3305,0,3.5899544,-0.68944097
Mistral-Prot,UMAP,seq_3306,0,7.214554,-0.06404741
Mistral-Prot,UMAP,seq_3307,0,4.258325,1.7000331
Mistral-Prot,UMAP,seq_3308,0,3.2665162,-0.39608124
Mistral-Prot,UMAP,seq_3309,0,3.914703,1.1721836
Mistral-Prot,UMAP,seq_3310,0,0.022135256,1.4263531
Mistral-Prot,UMAP,seq_3311,0,2.6498744,1.1946723
Mistral-Prot,UMAP,seq_3312,0,4.052653,1.1729989
Mistral-Prot,UMAP,seq_3313,0,5.3666577,-0.20546523
Mistral-Prot,UMAP,seq_3314,0,2.5326207,1.6360854
Mistral-Prot,UMAP,seq_3315,0,2.3493018,1.100795
Mistral-Prot,UMAP,seq_3316,0,-0.5669035,0.34195486
Mistral-Prot,UMAP,seq_3317,0,5.378423,-2.6295657
Mistral-Prot,UMAP,seq_3318,0,5.015392,-2.760401
Mistral-Prot,UMAP,seq_3319,0,3.9885285,-2.0260038
Mistral-Prot,UMAP,seq_3320,0,5.42684,-1.9495431
Mistral-Prot,UMAP,seq_3321,0,6.060937,-1.8044355
Mistral-Prot,UMAP,seq_3322,0,6.835307,1.0879395
Mistral-Prot,UMAP,seq_3323,0,0.5086005,-0.187691
Mistral-Prot,UMAP,seq_3324,0,5.284739,-0.7381693
Mistral-Prot,UMAP,seq_3325,0,1.7787148,-0.43983033
Mistral-Prot,UMAP,seq_3326,0,4.0421367,-0.4899975
Mistral-Prot,UMAP,seq_3327,0,-1.2551656,0.5076954
Mistral-Prot,UMAP,seq_3328,0,-0.6765478,0.5661802
Mistral-Prot,UMAP,seq_3329,0,6.9722223,-0.14905077
Mistral-Prot,UMAP,seq_3330,0,2.604057,-1.3113728
Mistral-Prot,UMAP,seq_3331,0,4.483555,-3.1973162
Mistral-Prot,UMAP,seq_3332,0,3.1846879,-2.2017958
Mistral-Prot,UMAP,seq_3333,0,3.5240948,-0.37530172
Mistral-Prot,UMAP,seq_3334,0,5.2448277,0.83235264
Mistral-Prot,UMAP,seq_3335,0,5.294359,-2.1197715
Mistral-Prot,UMAP,seq_3336,0,5.48068,-1.9547555
Mistral-Prot,UMAP,seq_3337,0,5.518669,-1.7491777
Mistral-Prot,UMAP,seq_3338,0,2.8848882,-0.0097293155
Mistral-Prot,UMAP,seq_3339,0,5.1437244,-3.1730433
Mistral-Prot,UMAP,seq_3340,0,6.291126,-0.7228661
Mistral-Prot,UMAP,seq_3341,0,5.1898685,-3.175165
Mistral-Prot,UMAP,seq_3342,0,6.221813,-1.8137463
Mistral-Prot,UMAP,seq_3343,0,1.9491134,-0.4865846
Mistral-Prot,UMAP,seq_3344,0,0.49052146,0.13627751
Mistral-Prot,UMAP,seq_3345,0,4.2841387,1.3114371
Mistral-Prot,UMAP,seq_3346,0,-0.4168678,-0.047360685
Mistral-Prot,UMAP,seq_3347,0,2.3241997,-0.5862856
Mistral-Prot,UMAP,seq_3348,0,1.7256681,1.3799281
Mistral-Prot,UMAP,seq_3349,0,3.2748895,1.3620507
Mistral-Prot,UMAP,seq_3350,0,0.737578,-0.55903363
Mistral-Prot,UMAP,seq_3351,0,5.6701837,-1.5806023
Mistral-Prot,UMAP,seq_3352,0,5.9355316,-1.9212639
Mistral-Prot,UMAP,seq_3353,0,3.585427,0.6124155
Mistral-Prot,UMAP,seq_3354,0,6.3934536,-0.6091744
Mistral-Prot,UMAP,seq_3355,0,5.5391445,0.28060314
Mistral-Prot,UMAP,seq_3356,0,3.3845704,-1.408697
Mistral-Prot,UMAP,seq_3357,0,4.132382,1.6528169
Mistral-Prot,UMAP,seq_3358,0,3.8153536,-2.0370584
Mistral-Prot,UMAP,seq_3359,0,2.0139453,0.54167193
Mistral-Prot,UMAP,seq_3360,0,4.666515,-1.6434306
Mistral-Prot,UMAP,seq_3361,0,1.5884093,1.8213619
Mistral-Prot,UMAP,seq_3362,0,4.106094,1.6239377
Mistral-Prot,UMAP,seq_3363,0,6.5048604,-0.107174166
Mistral-Prot,UMAP,seq_3364,0,2.9369724,0.261081
Mistral-Prot,UMAP,seq_3365,0,3.2253432,-1.3247865
Mistral-Prot,UMAP,seq_3366,0,0.604259,-0.99819416
Mistral-Prot,UMAP,seq_3367,0,-0.4098985,-0.39997208
Mistral-Prot,UMAP,seq_3368,0,3.0785515,-0.94616777
Mistral-Prot,UMAP,seq_3369,0,-0.7848697,-0.22056755
Mistral-Prot,UMAP,seq_3370,0,-1.2713505,0.22229362
Mistral-Prot,UMAP,seq_3371,0,0.14227365,0.043191236
Mistral-Prot,UMAP,seq_3372,0,4.3585124,-3.1314898
Mistral-Prot,UMAP,seq_3373,0,3.5535984,-2.5969796
Mistral-Prot,UMAP,seq_3374,0,4.5364976,1.2755673
Mistral-Prot,UMAP,seq_3375,0,2.7373416,-0.77299434
Mistral-Prot,UMAP,seq_3376,0,5.229652,-0.04297485
Mistral-Prot,UMAP,seq_3377,0,-0.08792545,0.12876226
Mistral-Prot,UMAP,seq_3378,0,6.0424504,-0.17357098
Mistral-Prot,UMAP,seq_3379,0,5.193807,-1.7540882
Mistral-Prot,UMAP,seq_3380,0,2.044344,-0.15913995
Mistral-Prot,UMAP,seq_3381,0,0.28083682,-1.1187453
Mistral-Prot,UMAP,seq_3382,0,3.7039216,-1.6228273
Mistral-Prot,UMAP,seq_3383,0,4.6532183,-0.15861875
Mistral-Prot,UMAP,seq_3384,0,5.0823092,1.673187
Mistral-Prot,UMAP,seq_3385,0,3.0638106,-1.5830412
Mistral-Prot,UMAP,seq_3386,0,6.058902,-2.2526512
Mistral-Prot,UMAP,seq_3387,0,3.5955062,-3.0226753
Mistral-Prot,UMAP,seq_3388,0,4.3847313,0.8918866
Mistral-Prot,UMAP,seq_3389,0,4.6044436,-1.391354
Mistral-Prot,UMAP,seq_3390,0,3.401407,-0.88822466
Mistral-Prot,UMAP,seq_3391,0,1.591272,-0.76082426
Mistral-Prot,UMAP,seq_3392,0,6.786532,-1.5377854
Mistral-Prot,UMAP,seq_3393,0,6.5736594,-1.4335271
Mistral-Prot,UMAP,seq_3394,0,0.6107083,-0.23046733
Mistral-Prot,UMAP,seq_3395,0,5.1340113,-0.6774812
Mistral-Prot,UMAP,seq_3396,0,2.3245149,-0.24305223
Mistral-Prot,UMAP,seq_3397,0,-0.22219267,-0.93492514
Mistral-Prot,UMAP,seq_3398,0,7.016827,-1.5984004
Mistral-Prot,UMAP,seq_3399,0,6.57837,-1.0606188
Mistral-Prot,UMAP,seq_3400,0,-1.0667821,0.11381046
Mistral-Prot,UMAP,seq_3401,0,3.7181716,-3.5052304
Mistral-Prot,UMAP,seq_3402,0,6.3594513,-0.64237434
Mistral-Prot,UMAP,seq_3403,0,3.7293842,1.9454277
Mistral-Prot,UMAP,seq_3404,0,5.3190575,-1.3048064
Mistral-Prot,UMAP,seq_3405,0,2.4083133,1.0259674
Mistral-Prot,UMAP,seq_3406,0,6.8555937,1.2880104
Mistral-Prot,UMAP,seq_3407,0,4.137689,-1.3843998
Mistral-Prot,UMAP,seq_3408,0,1.9109302,-0.1792053
Mistral-Prot,UMAP,seq_3409,0,4.187025,-3.1831362
Mistral-Prot,UMAP,seq_3410,0,2.9966705,-1.2826637
Mistral-Prot,UMAP,seq_3411,0,0.4629989,-1.0643997
Mistral-Prot,UMAP,seq_3412,0,3.6677046,-1.0393082
Mistral-Prot,UMAP,seq_3413,0,0.94715166,-0.52485603
Mistral-Prot,UMAP,seq_3414,0,3.5387986,-2.2744281
Mistral-Prot,UMAP,seq_3415,0,3.9599445,1.352456
Mistral-Prot,UMAP,seq_3416,0,-0.41452542,0.9911805
Mistral-Prot,UMAP,seq_3417,0,0.5053179,0.83418447
Mistral-Prot,UMAP,seq_3418,0,3.273574,-2.3188276
Mistral-Prot,UMAP,seq_3419,0,3.9476116,-3.264079
Mistral-Prot,UMAP,seq_3420,0,5.871941,-0.56889856
Mistral-Prot,UMAP,seq_3421,0,4.2931437,-2.489968
Mistral-Prot,UMAP,seq_3422,0,2.793121,0.66701096
Mistral-Prot,UMAP,seq_3423,0,5.386208,0.5586938
Mistral-Prot,UMAP,seq_3424,0,1.4778255,0.4931714
Mistral-Prot,UMAP,seq_3425,0,6.6428447,-0.93173033
Mistral-Prot,UMAP,seq_3426,0,2.8896472,0.2986639
Mistral-Prot,UMAP,seq_3427,0,2.7821681,2.3371801
Mistral-Prot,UMAP,seq_3428,0,3.0928752,-1.0027996
Mistral-Prot,UMAP,seq_3429,0,5.128458,-0.08966625
Mistral-Prot,UMAP,seq_3430,0,4.100257,-0.8680832
Mistral-Prot,UMAP,seq_3431,0,3.4638658,2.9121082
Mistral-Prot,UMAP,seq_3432,0,6.994977,-1.5973868
Mistral-Prot,UMAP,seq_3433,0,5.005377,1.9677955
Mistral-Prot,UMAP,seq_3434,0,4.458394,0.35837144
Mistral-Prot,UMAP,seq_3435,0,3.1602437,1.2101604
Mistral-Prot,UMAP,seq_3436,0,6.027424,0.06631023
Mistral-Prot,UMAP,seq_3437,0,5.4118624,-1.0707858
Mistral-Prot,UMAP,seq_3438,0,5.2488046,0.68917626
Mistral-Prot,UMAP,seq_3439,0,3.6582959,0.6378001
Mistral-Prot,UMAP,seq_3440,0,5.5457363,-2.980328
Mistral-Prot,UMAP,seq_3441,0,7.4076304,-0.2717608
Mistral-Prot,UMAP,seq_3442,0,5.903146,0.7433981
Mistral-Prot,UMAP,seq_3443,0,6.01152,0.21878348
Mistral-Prot,UMAP,seq_3444,0,5.5947504,-2.9894962
Mistral-Prot,UMAP,seq_3445,0,-0.5216319,-0.053563915
Mistral-Prot,UMAP,seq_3446,0,1.429713,0.96099263
Mistral-Prot,UMAP,seq_3447,0,4.188301,-3.1301963
Mistral-Prot,UMAP,seq_3448,0,3.501414,0.34415975
Mistral-Prot,UMAP,seq_3449,0,6.0997567,-2.477621
Mistral-Prot,UMAP,seq_3450,0,6.5792627,-1.079133
Mistral-Prot,UMAP,seq_3451,0,2.405165,2.279423
Mistral-Prot,UMAP,seq_3452,0,2.8716373,-1.1749259
Mistral-Prot,UMAP,seq_3453,0,1.8226888,1.0622176
Mistral-Prot,UMAP,seq_3454,0,0.70914555,0.4191738
Mistral-Prot,UMAP,seq_3455,0,5.167001,-0.41945818
Mistral-Prot,UMAP,seq_3456,0,5.6510997,-1.8140142
Mistral-Prot,UMAP,seq_3457,0,5.6400294,-0.39270374
Mistral-Prot,UMAP,seq_3458,0,1.9101053,1.7444342
Mistral-Prot,UMAP,seq_3459,0,1.684568,-0.38513076
Mistral-Prot,UMAP,seq_3460,0,5.4379115,-2.0349972
Mistral-Prot,UMAP,seq_3461,0,2.768392,0.12118643
Mistral-Prot,UMAP,seq_3462,0,3.3552146,2.8102748
Mistral-Prot,UMAP,seq_3463,0,2.942417,-1.174749
Mistral-Prot,UMAP,seq_3464,0,5.1397486,2.3973258
Mistral-Prot,UMAP,seq_3465,0,0.74369293,-0.2629915
Mistral-Prot,UMAP,seq_3466,0,4.236983,0.7354822
Mistral-Prot,UMAP,seq_3467,0,4.852301,0.38814366
Mistral-Prot,UMAP,seq_3468,0,5.3856425,1.491441
Mistral-Prot,UMAP,seq_3469,0,0.7464102,1.3309171
Mistral-Prot,UMAP,seq_3470,0,5.339061,-1.0172404
Mistral-Prot,UMAP,seq_3471,0,-0.32670832,0.3153974
Mistral-Prot,UMAP,seq_3472,0,3.3771324,0.5548497
Mistral-Prot,UMAP,seq_3473,0,-0.22633716,0.6971345
Mistral-Prot,UMAP,seq_3474,0,5.652666,-2.2390685
Mistral-Prot,UMAP,seq_3475,0,0.75606084,1.7924625
Mistral-Prot,UMAP,seq_3476,0,1.5439994,-0.13316475
Mistral-Prot,UMAP,seq_3477,0,1.9672298,-0.04349939
Mistral-Prot,UMAP,seq_3478,0,6.652906,0.7322982
Mistral-Prot,UMAP,seq_3479,0,0.42062283,0.45484254
Mistral-Prot,UMAP,seq_3480,0,7.1206484,-0.034803033
Mistral-Prot,UMAP,seq_3481,0,4.1201916,2.7263837
Mistral-Prot,UMAP,seq_3482,0,-0.12536485,0.94295454
Mistral-Prot,UMAP,seq_3483,0,3.2978075,-1.5260348
Mistral-Prot,UMAP,seq_3484,0,6.4457226,-0.4333116
Mistral-Prot,UMAP,seq_3485,0,6.0382986,-0.2981395
Mistral-Prot,UMAP,seq_3486,0,6.547803,-0.42925486
Mistral-Prot,UMAP,seq_3487,0,3.9571218,-0.6716348
Mistral-Prot,UMAP,seq_3488,0,3.1549563,0.959628
Mistral-Prot,UMAP,seq_3489,0,4.2395186,-2.5157852
Mistral-Prot,UMAP,seq_3490,0,0.65506643,1.2358865
Mistral-Prot,UMAP,seq_3491,0,5.248934,-2.085292
Mistral-Prot,UMAP,seq_3492,0,0.18443154,1.5436591
Mistral-Prot,UMAP,seq_3493,0,5.872553,-2.208921
Mistral-Prot,UMAP,seq_3494,0,2.8832824,-0.5436209
Mistral-Prot,UMAP,seq_3495,0,3.8690836,-2.6072054
Mistral-Prot,UMAP,seq_3496,0,2.7183256,0.7748011
Mistral-Prot,UMAP,seq_3497,0,0.38508958,0.075893894
Mistral-Prot,UMAP,seq_3498,0,3.280803,0.31562448
Mistral-Prot,UMAP,seq_3499,0,5.686414,-0.30049258
Mistral-Prot,UMAP,seq_3500,0,7.001695,0.012896712
Mistral-Prot,UMAP,seq_3501,0,3.571212,1.0039963
Mistral-Prot,UMAP,seq_3502,0,-0.62016356,0.84359014
Mistral-Prot,UMAP,seq_3503,0,1.7590727,-0.7442213
Mistral-Prot,UMAP,seq_3504,0,5.556055,0.27121434
Mistral-Prot,UMAP,seq_3505,0,6.1973047,-1.564609
Mistral-Prot,UMAP,seq_3506,0,3.9924293,0.11382016
Mistral-Prot,UMAP,seq_3507,0,6.622127,-0.028285807
Mistral-Prot,UMAP,seq_3508,0,-0.38724107,1.0750115
Mistral-Prot,UMAP,seq_3509,0,3.816805,2.08884
Mistral-Prot,UMAP,seq_3510,0,-0.6347435,0.30596414
Mistral-Prot,UMAP,seq_3511,0,0.022712098,-0.66707253
Mistral-Prot,UMAP,seq_3512,0,5.727842,-0.04557593
Mistral-Prot,UMAP,seq_3513,0,6.758984,-0.34254324
Mistral-Prot,UMAP,seq_3514,0,6.6180706,-0.93797034
Mistral-Prot,UMAP,seq_3515,0,2.731433,-1.4014456
Mistral-Prot,UMAP,seq_3516,0,5.452846,-1.1432471
Mistral-Prot,UMAP,seq_3517,0,1.6262332,0.72547615
Mistral-Prot,UMAP,seq_3518,0,1.7218001,0.9094691
Mistral-Prot,UMAP,seq_3519,0,4.597581,-2.549209
Mistral-Prot,UMAP,seq_3520,0,4.6237855,0.21360336
Mistral-Prot,UMAP,seq_3521,0,1.5568784,-1.0577579
Mistral-Prot,UMAP,seq_3522,0,5.423291,-2.4880857
Mistral-Prot,UMAP,seq_3523,0,4.4421263,2.261927
Mistral-Prot,UMAP,seq_3524,0,3.579175,3.313384
Mistral-Prot,UMAP,seq_3525,0,1.2951275,1.3042433
Mistral-Prot,UMAP,seq_3526,0,5.8704433,-2.8125985
Mistral-Prot,UMAP,seq_3527,0,6.3856134,0.45610943
Mistral-Prot,UMAP,seq_3528,0,2.5681937,1.766431
Mistral-Prot,UMAP,seq_3529,0,0.7684928,-0.03865444
Mistral-Prot,UMAP,seq_3530,0,5.9786735,-1.088879
Mistral-Prot,UMAP,seq_3531,0,6.1851263,-0.18585052
Mistral-Prot,UMAP,seq_3532,0,3.922993,-3.247734
Mistral-Prot,UMAP,seq_3533,0,3.5827954,-0.45735788
Mistral-Prot,UMAP,seq_3534,0,1.5310222,0.77135396
Mistral-Prot,UMAP,seq_3535,0,6.423608,-2.267776
Mistral-Prot,UMAP,seq_3536,0,-1.1292403,0.3787477
Mistral-Prot,UMAP,seq_3537,0,3.5554206,-1.9931102
Mistral-Prot,UMAP,seq_3538,0,3.7888021,-2.7221093
Mistral-Prot,UMAP,seq_3539,0,2.7309735,1.6502769
Mistral-Prot,UMAP,seq_3540,0,3.7523766,0.3334145
Mistral-Prot,UMAP,seq_3541,0,3.4431214,-1.0287951
Mistral-Prot,UMAP,seq_3542,0,5.1068993,-0.34434596
Mistral-Prot,UMAP,seq_3543,0,5.805888,-0.50461084
Mistral-Prot,UMAP,seq_3544,0,3.2846565,-2.0834413
Mistral-Prot,UMAP,seq_3545,0,5.5059514,-1.6246535
Mistral-Prot,UMAP,seq_3546,0,2.7543235,1.6830624
Mistral-Prot,UMAP,seq_3547,0,3.46244,-0.7862539
Mistral-Prot,UMAP,seq_3548,0,0.76035976,0.97394633
Mistral-Prot,UMAP,seq_3549,0,5.2135577,-2.4064147
Mistral-Prot,UMAP,seq_3550,0,1.3717777,1.5111822
Mistral-Prot,UMAP,seq_3551,0,3.2550952,0.5674054
Mistral-Prot,UMAP,seq_3552,0,3.5064611,-2.9047217
Mistral-Prot,UMAP,seq_3553,0,6.8065457,-1.3048503
Mistral-Prot,UMAP,seq_3554,0,3.8693564,2.0815754
Mistral-Prot,UMAP,seq_3555,0,6.9951644,-0.123106994
Mistral-Prot,UMAP,seq_3556,0,3.4798882,-2.7612557
Mistral-Prot,UMAP,seq_3557,0,1.8593124,2.045162
Mistral-Prot,UMAP,seq_3558,0,5.805791,-2.1027775
Mistral-Prot,UMAP,seq_3559,0,6.656479,-0.96412367
Mistral-Prot,UMAP,seq_3560,0,5.124527,-1.1682978
Mistral-Prot,UMAP,seq_3561,0,5.8243713,1.1989335
Mistral-Prot,UMAP,seq_3562,0,4.2524815,-3.3243558
Mistral-Prot,UMAP,seq_3563,0,5.87908,-1.5498512
Mistral-Prot,UMAP,seq_3564,0,3.8609467,0.31566277
Mistral-Prot,UMAP,seq_3565,0,2.95061,-1.4381509
Mistral-Prot,UMAP,seq_3566,0,3.5461323,0.53473234
Mistral-Prot,UMAP,seq_3567,0,2.7142215,1.0135312
Mistral-Prot,UMAP,seq_3568,0,2.3784535,0.15114936
Mistral-Prot,UMAP,seq_3569,0,4.225703,-0.66655123
Mistral-Prot,UMAP,seq_3570,0,-0.18612538,-1.4281061
Mistral-Prot,UMAP,seq_3571,0,2.9343767,0.31828243
Mistral-Prot,UMAP,seq_3572,0,4.1803784,-3.2721298
Mistral-Prot,UMAP,seq_3573,0,3.2154162,0.34588176
Mistral-Prot,UMAP,seq_3574,0,3.7471113,-0.3356038
Mistral-Prot,UMAP,seq_3575,0,1.4233195,-0.27331063
Mistral-Prot,UMAP,seq_3576,0,1.5702478,0.7443176
Mistral-Prot,UMAP,seq_3577,0,2.4386766,1.5646795
Mistral-Prot,UMAP,seq_3578,0,4.4785266,-2.5213816
Mistral-Prot,UMAP,seq_3579,0,5.4887295,1.1509908
Mistral-Prot,UMAP,seq_3580,0,3.7354274,-3.4895215
Mistral-Prot,UMAP,seq_3581,0,3.6635776,-3.513472
Mistral-Prot,UMAP,seq_3582,0,5.7833996,-2.8182042
Mistral-Prot,UMAP,seq_3583,0,3.7322412,-2.0566022
Mistral-Prot,UMAP,seq_3584,0,5.0754795,-1.2206796
Mistral-Prot,UMAP,seq_3585,0,1.3086331,1.939384
Mistral-Prot,UMAP,seq_3586,0,4.0692387,1.6335622
Mistral-Prot,UMAP,seq_3587,0,3.2979698,0.55247617
Mistral-Prot,UMAP,seq_3588,0,4.0365224,0.4517977
Mistral-Prot,UMAP,seq_3589,0,2.9673738,0.54402965
Mistral-Prot,UMAP,seq_3590,0,-0.3254859,0.44289246
Mistral-Prot,UMAP,seq_3591,0,3.3095999,-2.20482
Mistral-Prot,UMAP,seq_3592,0,3.451067,2.9456413
Mistral-Prot,UMAP,seq_3593,0,4.514187,1.1749456
Mistral-Prot,UMAP,seq_3594,0,2.6225169,-1.5372986
Mistral-Prot,UMAP,seq_3595,0,4.7056794,-2.9255927
Mistral-Prot,UMAP,seq_3596,0,0.21595237,1.3498634
Mistral-Prot,UMAP,seq_3597,0,5.918937,1.1652509
Mistral-Prot,UMAP,seq_3598,0,1.2256165,-0.058223464
Mistral-Prot,UMAP,seq_3599,0,6.7222724,-1.0936123
Mistral-Prot,UMAP,seq_3600,0,6.4669924,-2.1328394
Mistral-Prot,UMAP,seq_3601,0,5.0505505,1.295571
Mistral-Prot,UMAP,seq_3602,0,4.0405903,1.2256167
Mistral-Prot,UMAP,seq_3603,0,3.3157568,0.003294114
Mistral-Prot,UMAP,seq_3604,0,5.1488214,0.4770001
Mistral-Prot,UMAP,seq_3605,0,6.485479,0.023173837
Mistral-Prot,UMAP,seq_3606,0,4.0075955,-2.9664528
Mistral-Prot,UMAP,seq_3607,0,6.3041286,-1.7591132
Mistral-Prot,UMAP,seq_3608,0,4.028977,-0.68805647
Mistral-Prot,UMAP,seq_3609,0,4.803573,-1.1280892
Mistral-Prot,UMAP,seq_3610,0,6.184087,-0.9392612
Mistral-Prot,UMAP,seq_3611,0,3.9842646,1.1440517
Mistral-Prot,UMAP,seq_3612,0,4.3487854,1.0467657
Mistral-Prot,UMAP,seq_3613,0,1.2403952,-1.5548549
Mistral-Prot,UMAP,seq_3614,0,0.15397021,0.5565114
Mistral-Prot,UMAP,seq_3615,0,6.8521943,-1.4129996
Mistral-Prot,UMAP,seq_3616,0,3.8105702,3.630353
Mistral-Prot,UMAP,seq_3617,0,6.0453606,0.8342678
Mistral-Prot,UMAP,seq_3618,0,4.0425873,0.99819875
Mistral-Prot,UMAP,seq_3619,0,3.014998,0.35382754
Mistral-Prot,UMAP,seq_3620,0,1.3498185,0.8070623
Mistral-Prot,UMAP,seq_3621,0,4.5524006,-0.90430474
Mistral-Prot,UMAP,seq_3622,0,0.5920268,0.9869901
Mistral-Prot,UMAP,seq_3623,0,2.636219,1.8378868
Mistral-Prot,UMAP,seq_3624,0,1.6278516,-1.0708481
Mistral-Prot,UMAP,seq_3625,0,6.485344,-2.1660066
Mistral-Prot,UMAP,seq_3626,0,0.3851502,1.0483104
Mistral-Prot,UMAP,seq_3627,0,0.5263638,-1.1347466
Mistral-Prot,UMAP,seq_3628,0,4.8625317,-2.6911833
Mistral-Prot,UMAP,seq_3629,0,2.051512,1.3758055
Mistral-Prot,UMAP,seq_3630,0,4.2392135,1.1720977
Mistral-Prot,UMAP,seq_3631,0,0.3402753,1.0369959
Mistral-Prot,UMAP,seq_3632,0,7.24094,0.47514054
Mistral-Prot,UMAP,seq_3633,0,-0.037475795,1.3681347
Mistral-Prot,UMAP,seq_3634,0,2.9930623,-1.5137358
Mistral-Prot,UMAP,seq_3635,0,2.2890527,0.10774638
Mistral-Prot,UMAP,seq_3636,0,0.41545415,1.5410695
Mistral-Prot,UMAP,seq_3637,0,4.862636,0.83411306
Mistral-Prot,UMAP,seq_3638,0,5.045429,-0.105524905
Mistral-Prot,UMAP,seq_3639,0,0.8770862,-1.0737152
Mistral-Prot,UMAP,seq_3640,0,5.0128984,0.41390693
Mistral-Prot,UMAP,seq_3641,0,5.699616,-2.937942
Mistral-Prot,UMAP,seq_3642,0,1.5249738,-0.51323766
Mistral-Prot,UMAP,seq_3643,0,5.952109,-1.125759
Mistral-Prot,UMAP,seq_3644,0,3.7786355,-3.4935765
Mistral-Prot,UMAP,seq_3645,0,4.9976306,-0.31339544
Mistral-Prot,UMAP,seq_3646,0,5.5509243,-0.24842314
Mistral-Prot,UMAP,seq_3647,0,-0.27211243,-0.0701715
Mistral-Prot,UMAP,seq_3648,0,3.2863257,0.8873277
Mistral-Prot,UMAP,seq_3649,0,1.0918432,-1.6557728
Mistral-Prot,UMAP,seq_3650,0,6.3216534,-2.2545257
Mistral-Prot,UMAP,seq_3651,0,0.48388132,0.1410384
Mistral-Prot,UMAP,seq_3652,0,7.3866034,-0.13155171
Mistral-Prot,UMAP,seq_3653,0,-0.7664796,-0.04137884
Mistral-Prot,UMAP,seq_3654,0,3.622546,-1.0427666
Mistral-Prot,UMAP,seq_3655,0,5.0228763,-3.1910422
Mistral-Prot,UMAP,seq_3656,0,0.70345527,-1.4739946
Mistral-Prot,UMAP,seq_3657,0,-0.5279438,-0.0066091656
Mistral-Prot,UMAP,seq_3658,0,6.12222,1.4754939
Mistral-Prot,UMAP,seq_3659,0,-0.7864134,0.003597105
Mistral-Prot,UMAP,seq_3660,0,4.478338,0.27196237
Mistral-Prot,UMAP,seq_3661,0,4.8384485,0.348698
Mistral-Prot,UMAP,seq_3662,0,5.1162014,-1.4984133
Mistral-Prot,UMAP,seq_3663,0,1.077008,0.97287875
Mistral-Prot,UMAP,seq_3664,0,-0.7311049,0.5127919
Mistral-Prot,UMAP,seq_3665,0,6.6628838,-0.98376256
Mistral-Prot,UMAP,seq_3666,0,1.9681122,2.2741406
Mistral-Prot,UMAP,seq_3667,0,4.508321,1.9412552
Mistral-Prot,UMAP,seq_3668,0,1.9397203,2.22883
Mistral-Prot,UMAP,seq_3669,0,5.2587023,-0.96605027
Mistral-Prot,UMAP,seq_3670,0,0.77183217,-1.3524591
Mistral-Prot,UMAP,seq_3671,0,-0.8558951,0.31948093
Mistral-Prot,UMAP,seq_3672,0,2.1592546,1.0680768
Mistral-Prot,UMAP,seq_3673,0,5.5517488,-2.0119686
Mistral-Prot,UMAP,seq_3674,0,3.2482305,0.7044818
Mistral-Prot,UMAP,seq_3675,0,6.3805065,0.6636811
Mistral-Prot,UMAP,seq_3676,0,4.358079,0.3377489
Mistral-Prot,UMAP,seq_3677,0,1.5500576,-1.6938165
Mistral-Prot,UMAP,seq_3678,0,3.5546808,0.5378885
Mistral-Prot,UMAP,seq_3679,0,-1.0820023,0.14375396
Mistral-Prot,UMAP,seq_3680,0,5.884369,0.5813973
Mistral-Prot,UMAP,seq_3681,0,1.476272,0.9621529
Mistral-Prot,UMAP,seq_3682,0,3.347061,1.9164762
Mistral-Prot,UMAP,seq_3683,0,6.435631,-1.9960409
Mistral-Prot,UMAP,seq_3684,0,2.1551547,2.3536873
Mistral-Prot,UMAP,seq_3685,0,0.11351316,-1.3790998
Mistral-Prot,UMAP,seq_3686,0,4.9290457,1.2316539
Mistral-Prot,UMAP,seq_3687,0,6.1253,0.7506258
Mistral-Prot,UMAP,seq_3688,0,4.047612,3.7074132
Mistral-Prot,UMAP,seq_3689,0,4.136968,-0.8870419
Mistral-Prot,UMAP,seq_3690,0,1.4011613,-0.12889375
Mistral-Prot,UMAP,seq_3691,0,-0.49381515,0.37290066
Mistral-Prot,UMAP,seq_3692,0,3.026163,-0.8167073
Mistral-Prot,UMAP,seq_3693,0,-0.8797139,0.48753735
Mistral-Prot,UMAP,seq_3694,0,3.9399705,-1.0183606
Mistral-Prot,UMAP,seq_3695,0,0.518721,-1.1783348
Mistral-Prot,UMAP,seq_3696,0,2.1623855,1.6374441
Mistral-Prot,UMAP,seq_3697,0,0.3713245,0.9334679
Mistral-Prot,UMAP,seq_3698,0,3.7719584,-0.80229783
Mistral-Prot,UMAP,seq_3699,0,2.7006571,2.5384426
Mistral-Prot,UMAP,seq_3700,0,5.7774887,-0.3017712
Mistral-Prot,UMAP,seq_3701,0,5.2792897,-0.8543595
Mistral-Prot,UMAP,seq_3702,0,1.9682988,2.3703492
Mistral-Prot,UMAP,seq_3703,0,3.8609552,1.2285812
Mistral-Prot,UMAP,seq_3704,0,6.503572,0.8497825
Mistral-Prot,UMAP,seq_3705,0,3.043343,-0.34049445
Mistral-Prot,UMAP,seq_3706,0,3.0889893,-1.3798594
Mistral-Prot,UMAP,seq_3707,0,0.72145903,-0.5383176
Mistral-Prot,UMAP,seq_3708,0,0.9816687,1.8614461
Mistral-Prot,UMAP,seq_3709,0,6.0436015,1.678298
Mistral-Prot,UMAP,seq_3710,0,0.60708034,-0.2586774
Mistral-Prot,UMAP,seq_3711,0,0.90960085,1.1124094
Mistral-Prot,UMAP,seq_3712,0,4.451261,0.97483724
Mistral-Prot,UMAP,seq_3713,0,3.0489361,-1.6360592
Mistral-Prot,UMAP,seq_3714,0,1.2553375,0.8529379
Mistral-Prot,UMAP,seq_3715,0,3.7557232,-0.1470257
Mistral-Prot,UMAP,seq_3716,0,3.9194617,1.952649
Mistral-Prot,UMAP,seq_3717,0,3.3954384,1.1303747
Mistral-Prot,UMAP,seq_3718,0,3.5750997,-0.09388299
Mistral-Prot,UMAP,seq_3719,0,3.9272683,-1.3727192
Mistral-Prot,UMAP,seq_3720,0,0.21332027,-0.03484757
Mistral-Prot,UMAP,seq_3721,0,-0.7372198,0.2866206
Mistral-Prot,UMAP,seq_3722,0,0.81786114,-0.48633093
Mistral-Prot,UMAP,seq_3723,0,5.7884912,-0.7701367
Mistral-Prot,UMAP,seq_3724,0,6.7935805,0.06482409
Mistral-Prot,UMAP,seq_3725,0,1.254673,2.0405643
Mistral-Prot,UMAP,seq_3726,0,3.00835,3.579927
Mistral-Prot,UMAP,seq_3727,0,4.6207047,0.18358669
Mistral-Prot,UMAP,seq_3728,0,4.700396,-0.78496313
Mistral-Prot,UMAP,seq_3729,0,5.05627,0.53795755
Mistral-Prot,UMAP,seq_3730,0,3.9257104,-0.119975775
Mistral-Prot,UMAP,seq_3731,0,6.844377,-0.03369741
Mistral-Prot,UMAP,seq_3732,0,-0.7313729,0.43515888
Mistral-Prot,UMAP,seq_3733,0,6.133256,-1.4369123
Mistral-Prot,UMAP,seq_3734,0,3.2823627,1.1425092
Mistral-Prot,UMAP,seq_3735,0,0.6077347,-0.11978905
Mistral-Prot,UMAP,seq_3736,0,4.800654,-1.3789954
Mistral-Prot,UMAP,seq_3737,0,4.588993,-1.3591627
Mistral-Prot,UMAP,seq_3738,0,0.61190933,-1.1320509
Mistral-Prot,UMAP,seq_3739,0,6.1357837,0.66354847
Mistral-Prot,UMAP,seq_3740,0,4.287811,-0.07490638
Mistral-Prot,UMAP,seq_3741,0,4.242558,-0.38272902
Mistral-Prot,UMAP,seq_3742,0,4.6671305,2.2716691
Mistral-Prot,UMAP,seq_3743,0,1.7626063,1.1644543
Mistral-Prot,UMAP,seq_3744,0,-0.573107,0.125485
Mistral-Prot,UMAP,seq_3745,0,5.142265,-0.06141671
Mistral-Prot,UMAP,seq_3746,0,-0.7639486,0.6356958
Mistral-Prot,UMAP,seq_3747,0,-0.8818449,-0.2974784
Mistral-Prot,UMAP,seq_3748,0,1.8517725,1.793583
Mistral-Prot,UMAP,seq_3749,0,5.670932,-0.48177287
Mistral-Prot,UMAP,seq_3750,0,-1.0725852,0.42148533
Mistral-Prot,UMAP,seq_3751,0,-0.909545,-0.043796074
Mistral-Prot,UMAP,seq_3752,0,5.654571,-2.5101748
Mistral-Prot,UMAP,seq_3753,0,3.3396947,0.21776326
Mistral-Prot,UMAP,seq_3754,0,4.9732113,0.56397545
Mistral-Prot,UMAP,seq_3755,0,0.825664,-0.06325364
Mistral-Prot,UMAP,seq_3756,0,3.0489538,-1.6423411
Mistral-Prot,UMAP,seq_3757,0,-0.57315207,0.7391568
Mistral-Prot,UMAP,seq_3758,0,3.2972221,-2.1298108
Mistral-Prot,UMAP,seq_3759,0,4.9928465,-0.014235121
Mistral-Prot,UMAP,seq_3760,0,7.0564356,-0.5443209
Mistral-Prot,UMAP,seq_3761,0,4.375051,1.6212008
Mistral-Prot,UMAP,seq_3762,0,6.414734,-0.9811488
Mistral-Prot,UMAP,seq_3763,0,0.7486271,0.62154365
Mistral-Prot,UMAP,seq_3764,0,3.136326,-0.0019500237
Mistral-Prot,UMAP,seq_3765,0,-1.3304104,0.1424264
Mistral-Prot,UMAP,seq_3766,0,6.887866,0.69633
Mistral-Prot,UMAP,seq_3767,0,0.9722552,1.8960749
Mistral-Prot,UMAP,seq_3768,0,-1.2497292,0.111008264
Mistral-Prot,UMAP,seq_3769,0,0.4814992,0.55565
Mistral-Prot,UMAP,seq_3770,0,-0.037505273,0.21535991
Mistral-Prot,UMAP,seq_3771,0,4.919958,1.4097006
Mistral-Prot,UMAP,seq_3772,0,3.0358894,1.8625032
Mistral-Prot,UMAP,seq_3773,0,4.4105906,2.902985
Mistral-Prot,UMAP,seq_3774,0,-0.049006216,-0.10805464
Mistral-Prot,UMAP,seq_3775,0,6.544764,1.4700078
Mistral-Prot,UMAP,seq_3776,0,3.4837966,-2.3093197
Mistral-Prot,UMAP,seq_3777,0,3.4471104,0.685923
Mistral-Prot,UMAP,seq_3778,0,-0.14742254,0.5049974
Mistral-Prot,UMAP,seq_3779,0,1.2684294,1.4155638
Mistral-Prot,UMAP,seq_3780,0,4.1737113,1.504437
Mistral-Prot,UMAP,seq_3781,0,5.1095967,-0.34179947
Mistral-Prot,UMAP,seq_3782,0,1.7084067,-0.7730773
Mistral-Prot,UMAP,seq_3783,0,-1.4044818,0.20591043
Mistral-Prot,UMAP,seq_3784,0,1.9927645,-0.9710615
Mistral-Prot,UMAP,seq_3785,0,1.5361803,0.20981862
Mistral-Prot,UMAP,seq_3786,0,4.78657,-2.4896479
Mistral-Prot,UMAP,seq_3787,0,0.40135205,-1.3775942
Mistral-Prot,UMAP,seq_3788,0,2.4220507,-0.6350694
Mistral-Prot,UMAP,seq_3789,0,8.092973,2.0768008
Mistral-Prot,UMAP,seq_3790,0,2.4933267,-0.0019372292
Mistral-Prot,UMAP,seq_3791,0,3.2211323,2.0058403
Mistral-Prot,UMAP,seq_3792,0,7.4168744,0.27705115
Mistral-Prot,UMAP,seq_3793,0,1.108253,0.2352635
Mistral-Prot,UMAP,seq_3794,0,1.049514,0.7300708
Mistral-Prot,UMAP,seq_3795,0,0.7444639,0.9863108
Mistral-Prot,UMAP,seq_3796,0,5.057319,1.1218052
Mistral-Prot,UMAP,seq_3797,0,3.1066563,4.0583153
Mistral-Prot,UMAP,seq_3798,0,1.7123781,1.4617882
Mistral-Prot,UMAP,seq_3799,0,4.6384635,-0.4431968
Mistral-Prot,UMAP,seq_3800,0,0.68549585,-0.033722743
Mistral-Prot,UMAP,seq_3801,0,1.2722058,-0.29095414
Mistral-Prot,UMAP,seq_3802,0,1.4237177,0.72726583
Mistral-Prot,UMAP,seq_3803,0,1.3529477,0.23284411
Mistral-Prot,UMAP,seq_3804,0,3.0043507,1.9474497
Mistral-Prot,UMAP,seq_3805,0,-0.24260667,-1.3617151
Mistral-Prot,UMAP,seq_3806,0,3.6633344,1.9682254
Mistral-Prot,UMAP,seq_3807,0,0.612725,-0.5553933
Mistral-Prot,UMAP,seq_3808,0,5.077802,-2.0923653
Mistral-Prot,UMAP,seq_3809,0,4.6703453,-0.9356168
Mistral-Prot,UMAP,seq_3810,0,5.750769,-2.8230395
Mistral-Prot,UMAP,seq_3811,0,4.890062,-0.042534124
Mistral-Prot,UMAP,seq_3812,0,2.7325146,-0.5979127
Mistral-Prot,UMAP,seq_3813,0,2.7474482,2.197632
Mistral-Prot,UMAP,seq_3814,0,5.195796,-0.093357496
Mistral-Prot,UMAP,seq_3815,0,4.0246263,-3.3710308
Mistral-Prot,UMAP,seq_3816,0,5.4722204,-2.2756119
Mistral-Prot,UMAP,seq_3817,0,0.29024482,0.07965419
Mistral-Prot,UMAP,seq_3818,0,1.4812394,1.2086346
Mistral-Prot,UMAP,seq_3819,0,-0.24125484,1.3395337
Mistral-Prot,UMAP,seq_3820,0,-0.78593636,-0.015121993
Mistral-Prot,UMAP,seq_3821,0,4.104782,1.4757631
Mistral-Prot,UMAP,seq_3822,0,4.1926966,-0.8717361
Mistral-Prot,UMAP,seq_3823,0,5.14576,-0.24626166
Mistral-Prot,UMAP,seq_3824,0,-0.19798641,-1.4297719
Mistral-Prot,UMAP,seq_3825,0,1.2724669,-1.043671
Mistral-Prot,UMAP,seq_3826,0,3.8137043,1.4369181
Mistral-Prot,UMAP,seq_3827,0,-0.16332762,-0.16849828
Mistral-Prot,UMAP,seq_3828,0,3.2173183,-1.0863614
Mistral-Prot,UMAP,seq_3829,0,1.9331486,-0.867734
Mistral-Prot,UMAP,seq_3830,0,2.5170486,-1.0700284
Mistral-Prot,UMAP,seq_3831,0,3.6940482,1.636238
Mistral-Prot,UMAP,seq_3832,0,0.56344455,-1.3863817
Mistral-Prot,UMAP,seq_3833,0,5.6918583,1.5149266
Mistral-Prot,UMAP,seq_3834,0,4.2293487,3.4295096
Mistral-Prot,UMAP,seq_3835,0,1.8586925,1.8145858
Mistral-Prot,UMAP,seq_3836,0,4.546213,-2.0324152
Mistral-Prot,UMAP,seq_3837,0,3.1765676,0.12549241
Mistral-Prot,UMAP,seq_3838,0,6.1641483,0.21837126
Mistral-Prot,UMAP,seq_3839,0,4.2003694,0.038457286
Mistral-Prot,UMAP,seq_3840,0,4.924834,-0.6024731
Mistral-Prot,UMAP,seq_3841,0,1.7536885,1.4669375
Mistral-Prot,UMAP,seq_3842,0,5.520031,-1.7649847
Mistral-Prot,UMAP,seq_3843,0,-0.06924375,-1.6439234
Mistral-Prot,UMAP,seq_3844,0,4.6461334,-1.3872188
Mistral-Prot,UMAP,seq_3845,0,5.5200973,-1.0456957
Mistral-Prot,UMAP,seq_3846,0,4.6533465,-0.97311515
Mistral-Prot,UMAP,seq_3847,0,2.0641656,0.120181836
Mistral-Prot,UMAP,seq_3848,0,-1.0742098,0.04447539
Mistral-Prot,UMAP,seq_3849,0,4.3094025,2.1329787
Mistral-Prot,UMAP,seq_3850,0,4.277466,-2.3577259
Mistral-Prot,UMAP,seq_3851,0,3.722419,-0.47893643
Mistral-Prot,UMAP,seq_3852,0,6.5805473,0.92352295
Mistral-Prot,UMAP,seq_3853,0,-0.7635243,-0.055141192
Mistral-Prot,UMAP,seq_3854,0,-0.1255813,-1.204126
Mistral-Prot,UMAP,seq_3855,0,-0.1414689,1.2100592
Mistral-Prot,UMAP,seq_3856,0,3.278333,0.4385225
Mistral-Prot,UMAP,seq_3857,0,-0.3008125,0.5660369
Mistral-Prot,UMAP,seq_3858,0,-0.072829284,0.90055054
Mistral-Prot,UMAP,seq_3859,0,3.8302906,-3.2440538
Mistral-Prot,UMAP,seq_3860,0,3.794551,-3.1066418
Mistral-Prot,UMAP,seq_3861,0,3.8510756,-3.2491531
Mistral-Prot,UMAP,seq_3862,0,5.4271646,0.89960563
Mistral-Prot,UMAP,seq_3863,0,1.8575779,0.82132477
Mistral-Prot,UMAP,seq_3864,0,0.22563048,-0.08978524
Mistral-Prot,UMAP,seq_3865,0,5.865305,-0.17492859
Mistral-Prot,UMAP,seq_3866,0,1.1481375,-1.0517256
Mistral-Prot,UMAP,seq_3867,0,4.843131,1.3961251
Mistral-Prot,UMAP,seq_3868,0,5.8873835,-2.3030863
Mistral-Prot,UMAP,seq_3869,0,3.8642693,-2.5542076
Mistral-Prot,UMAP,seq_3870,0,0.1933947,0.057161923
Mistral-Prot,UMAP,seq_3871,0,2.056743,-1.1089798
Mistral-Prot,UMAP,seq_3872,0,6.7013597,-1.0812155
Mistral-Prot,UMAP,seq_3873,0,2.2456787,-0.62051255
Mistral-Prot,UMAP,seq_3874,0,7.0109024,0.60641813
Mistral-Prot,UMAP,seq_3875,0,6.71767,-0.6899526
Mistral-Prot,UMAP,seq_3876,0,1.3857977,0.35793355
Mistral-Prot,UMAP,seq_3877,0,4.9647365,0.06620343
Mistral-Prot,UMAP,seq_3878,0,3.8139908,3.415242
Mistral-Prot,UMAP,seq_3879,0,2.972972,-0.10939549
Mistral-Prot,UMAP,seq_3880,0,0.12277549,0.47417867
Mistral-Prot,UMAP,seq_3881,0,0.5852009,-0.8425513
Mistral-Prot,UMAP,seq_3882,0,2.823989,1.6668981
Mistral-Prot,UMAP,seq_3883,0,6.002075,-1.107544
Mistral-Prot,UMAP,seq_3884,0,6.1746707,-1.675765
Mistral-Prot,UMAP,seq_3885,0,4.593663,-0.73937124
Mistral-Prot,UMAP,seq_3886,0,2.159422,-0.7298988
Mistral-Prot,UMAP,seq_3887,0,5.914966,1.2866324
Mistral-Prot,UMAP,seq_3888,0,4.3142385,0.012261148
Mistral-Prot,UMAP,seq_3889,0,2.0632021,1.3880988
Mistral-Prot,UMAP,seq_3890,0,1.1198367,-0.7688403
Mistral-Prot,UMAP,seq_3891,0,3.1938634,0.42905185
Mistral-Prot,UMAP,seq_3892,0,3.527474,-2.9767718
Mistral-Prot,UMAP,seq_3893,0,7.450605,0.24223292
Mistral-Prot,UMAP,seq_3894,0,0.47452813,1.3043457
Mistral-Prot,UMAP,seq_3895,0,2.2726686,-0.8962675
Mistral-Prot,UMAP,seq_3896,0,2.4184716,-0.49834496
Mistral-Prot,UMAP,seq_3897,0,8.131354,2.063117
Mistral-Prot,UMAP,seq_3898,0,3.4317272,0.7395503
Mistral-Prot,UMAP,seq_3899,0,0.691382,-0.97229636
Mistral-Prot,UMAP,seq_3900,0,4.9779744,0.3328378
Mistral-Prot,UMAP,seq_3901,0,1.89688,-0.15235761
Mistral-Prot,UMAP,seq_3902,0,3.084041,0.21118723
Mistral-Prot,UMAP,seq_3903,0,2.5956433,1.1938367
Mistral-Prot,UMAP,seq_3904,0,-0.79314125,0.3892051
Mistral-Prot,UMAP,seq_3905,0,1.130184,1.0456026
Mistral-Prot,UMAP,seq_3906,0,6.852396,-0.43386218
Mistral-Prot,UMAP,seq_3907,0,4.891636,-1.3413618
Mistral-Prot,UMAP,seq_3908,0,3.5231106,-2.014846
Mistral-Prot,UMAP,seq_3909,0,3.519005,-2.0020266
Mistral-Prot,UMAP,seq_3910,0,4.934714,2.8716362
Mistral-Prot,UMAP,seq_3911,0,2.4269452,-1.2751815
Mistral-Prot,UMAP,seq_3912,0,5.855382,-0.5669117
Mistral-Prot,UMAP,seq_3913,0,6.7016864,-1.4849557
Mistral-Prot,UMAP,seq_3914,0,5.0786242,-2.0996985
Mistral-Prot,UMAP,seq_3915,0,5.212084,-2.5472693
Mistral-Prot,UMAP,seq_3916,0,4.1940513,-1.6532444
Mistral-Prot,UMAP,seq_3917,0,7.1073527,0.17414363
Mistral-Prot,UMAP,seq_3918,0,2.6298106,-1.4131374
Mistral-Prot,UMAP,seq_3919,0,-1.3784833,0.16140032
Mistral-Prot,UMAP,seq_3920,0,1.9464636,2.1547925
Mistral-Prot,UMAP,seq_3921,0,3.777898,-1.1376382
Mistral-Prot,UMAP,seq_3922,0,3.4188101,-1.9201206
Mistral-Prot,UMAP,seq_3923,0,6.5532465,-1.0722328
Mistral-Prot,UMAP,seq_3924,0,4.0876,0.3611272
Mistral-Prot,UMAP,seq_3925,0,0.73232764,-0.77704847
Mistral-Prot,UMAP,seq_3926,0,4.4419675,0.64704406
Mistral-Prot,UMAP,seq_3927,0,4.758286,2.3925014
Mistral-Prot,UMAP,seq_3928,0,2.378056,2.233396
Mistral-Prot,UMAP,seq_3929,0,2.958336,0.32072508
Mistral-Prot,UMAP,seq_3930,0,7.383074,-0.13121463
Mistral-Prot,UMAP,seq_3931,0,7.5089645,0.0119829
Mistral-Prot,UMAP,seq_3932,0,7.1348352,-0.13838221
Mistral-Prot,UMAP,seq_3933,0,1.6304072,1.6195709
Mistral-Prot,UMAP,seq_3934,0,3.1599996,0.42997098
Mistral-Prot,UMAP,seq_3935,0,1.8240292,-0.77819806
Mistral-Prot,UMAP,seq_3936,0,4.989851,1.9961796
Mistral-Prot,UMAP,seq_3937,0,6.5222025,1.0808465
Mistral-Prot,UMAP,seq_3938,0,1.7593145,1.4548457
Mistral-Prot,UMAP,seq_3939,0,2.1075854,-1.0646732
Mistral-Prot,UMAP,seq_3940,0,-0.5643801,0.23050898
Mistral-Prot,UMAP,seq_3941,0,0.78599626,-0.07211942
Mistral-Prot,UMAP,seq_3942,0,3.9243162,0.5590657
Mistral-Prot,UMAP,seq_3943,0,1.4122399,-1.3444589
Mistral-Prot,UMAP,seq_3944,0,2.4980512,-1.4681791
Mistral-Prot,UMAP,seq_3945,0,6.9658995,-0.30029726
Mistral-Prot,UMAP,seq_3946,0,6.1509423,1.56805
Mistral-Prot,UMAP,seq_3947,0,6.9297338,0.86579376
Mistral-Prot,UMAP,seq_3948,0,3.7269864,-1.1535606
Mistral-Prot,UMAP,seq_3949,0,-0.46691343,0.0813776
Mistral-Prot,UMAP,seq_3950,0,2.5209134,1.6795801
Mistral-Prot,UMAP,seq_3951,0,-0.6727059,0.54127145
Mistral-Prot,UMAP,seq_3952,0,6.136477,0.9131678
Mistral-Prot,UMAP,seq_3953,0,0.87640494,0.934796
Mistral-Prot,UMAP,seq_3954,0,2.9887085,-0.82691824
Mistral-Prot,UMAP,seq_3955,0,4.9514894,1.5899994
Mistral-Prot,UMAP,seq_3956,0,2.3270776,-0.7306797
Mistral-Prot,UMAP,seq_3957,0,3.4461377,1.2072077
Mistral-Prot,UMAP,seq_3958,0,2.7018087,1.8148503
Mistral-Prot,UMAP,seq_3959,0,4.5163584,0.7808945
Mistral-Prot,UMAP,seq_3960,0,1.558883,0.75214505
Mistral-Prot,UMAP,seq_3961,0,0.4772767,0.020115132
Mistral-Prot,UMAP,seq_3962,0,0.13241343,0.015546571
Mistral-Prot,UMAP,seq_3963,0,2.7861073,0.03682093
Mistral-Prot,UMAP,seq_3964,0,4.0289106,3.6745048
Mistral-Prot,UMAP,seq_3965,0,3.7133646,2.824679
Mistral-Prot,UMAP,seq_3966,0,3.8736312,0.2150507
Mistral-Prot,UMAP,seq_3967,0,7.279563,-0.008653988
Mistral-Prot,UMAP,seq_3968,0,3.288861,-0.09710149
Mistral-Prot,UMAP,seq_3969,0,4.708865,-2.372521
Mistral-Prot,UMAP,seq_3970,0,7.4736114,0.19045715
Mistral-Prot,UMAP,seq_3971,0,0.36484325,0.88729554
Mistral-Prot,UMAP,seq_3972,0,1.6986774,1.3275068
Mistral-Prot,UMAP,seq_3973,0,3.2536025,-0.26493922
Mistral-Prot,UMAP,seq_3974,0,3.7375503,3.4971845
Mistral-Prot,UMAP,seq_3975,0,0.97139925,-0.46562892
Mistral-Prot,UMAP,seq_3976,0,4.5218782,-0.04672844
Mistral-Prot,UMAP,seq_3977,0,3.2606826,3.126266
Mistral-Prot,UMAP,seq_3978,0,3.5749588,3.2325518
Mistral-Prot,UMAP,seq_3979,0,4.2722034,-0.42720762
Mistral-Prot,UMAP,seq_3980,0,5.9417048,-0.75467247
Mistral-Prot,UMAP,seq_3981,0,3.2951767,-0.8111699
Mistral-Prot,UMAP,seq_3982,0,4.632187,1.2112392
Mistral-Prot,UMAP,seq_3983,0,6.459871,0.424526
Mistral-Prot,UMAP,seq_3984,0,6.367215,-1.3007665
Mistral-Prot,UMAP,seq_3985,0,4.2761655,0.07074656
Mistral-Prot,UMAP,seq_3986,0,-0.16222374,-0.8191949
Mistral-Prot,UMAP,seq_3987,0,5.3482666,0.64473486
Mistral-Prot,UMAP,seq_3988,0,6.6276646,-0.74424905
Mistral-Prot,UMAP,seq_3989,0,1.686674,-0.81595236
Mistral-Prot,UMAP,seq_3990,0,2.434248,2.355922
Mistral-Prot,UMAP,seq_3991,0,-1.0626835,0.112429745
Mistral-Prot,UMAP,seq_3992,0,3.1986697,0.5677221
Mistral-Prot,UMAP,seq_3993,0,4.2217135,2.6695538
Mistral-Prot,UMAP,seq_3994,0,2.7873263,0.19872072
Mistral-Prot,UMAP,seq_3995,0,2.5744567,-0.5034769
Mistral-Prot,UMAP,seq_3996,0,3.2365732,1.3219851
Mistral-Prot,UMAP,seq_3997,0,3.3959389,2.654728
Mistral-Prot,UMAP,seq_3998,0,0.39690536,-0.18237618
Mistral-Prot,UMAP,seq_3999,0,0.3476465,1.3422709
Mistral-Prot,UMAP,seq_4000,0,4.398347,0.6174163
Mistral-Prot,UMAP,seq_4001,0,3.998935,3.682844
Mistral-Prot,UMAP,seq_4002,0,4.9040294,-2.5929155
Mistral-Prot,UMAP,seq_4003,0,-0.1291644,1.3283752
Mistral-Prot,UMAP,seq_4004,0,3.0504432,3.126452
Mistral-Prot,UMAP,seq_4005,0,4.5269947,1.4650904
Mistral-Prot,UMAP,seq_4006,0,0.679609,-1.4934748
Mistral-Prot,UMAP,seq_4007,0,-0.67126286,0.18393959
Mistral-Prot,UMAP,seq_4008,0,-0.6629037,0.32405612
Mistral-Prot,UMAP,seq_4009,0,2.8605034,3.428288
Mistral-Prot,UMAP,seq_4010,0,7.0065913,-1.4769398
Mistral-Prot,UMAP,seq_4011,0,7.088515,-1.5402129
Mistral-Prot,UMAP,seq_4012,0,1.7938632,1.3156576
Mistral-Prot,UMAP,seq_4013,0,3.6779428,-1.4183428
Mistral-Prot,UMAP,seq_4014,0,-0.2950795,0.19699717
Mistral-Prot,UMAP,seq_4015,0,1.8314499,1.7861671
Mistral-Prot,UMAP,seq_4016,0,0.53308874,-0.06438848
Mistral-Prot,UMAP,seq_4017,0,3.6363573,2.557648
Mistral-Prot,UMAP,seq_4018,0,2.1575887,-0.0059704278
Mistral-Prot,UMAP,seq_4019,0,6.9576306,0.5667348
Mistral-Prot,UMAP,seq_4020,0,2.9883943,4.0566616
Mistral-Prot,UMAP,seq_4021,0,1.2025442,0.9306953
Mistral-Prot,UMAP,seq_4022,0,0.24307646,0.99232906
Mistral-Prot,UMAP,seq_4023,0,1.2644804,1.8504351
Mistral-Prot,UMAP,seq_4024,0,4.460117,1.3307513
Mistral-Prot,UMAP,seq_4025,0,6.538733,0.497231
Mistral-Prot,UMAP,seq_4026,0,3.421443,0.12810126
Mistral-Prot,UMAP,seq_4027,0,5.6300087,-0.13383739
Mistral-Prot,UMAP,seq_4028,0,6.7389145,0.14642712
Mistral-Prot,UMAP,seq_4029,0,3.6424315,-0.8356802
Mistral-Prot,UMAP,seq_4030,0,1.6211637,0.28001368
Mistral-Prot,UMAP,seq_4031,0,4.727135,3.0628586
Mistral-Prot,UMAP,seq_4032,0,-0.81464875,1.1096026
Mistral-Prot,UMAP,seq_4033,0,3.0602198,2.3253098
Mistral-Prot,UMAP,seq_4034,0,2.1328776,2.4002519
Mistral-Prot,UMAP,seq_4035,0,4.0385,0.8857492
Mistral-Prot,UMAP,seq_4036,0,1.4351513,1.1173171
Mistral-Prot,UMAP,seq_4037,0,3.365824,-0.058377367
Mistral-Prot,UMAP,seq_4038,0,4.8652854,1.7782487
Mistral-Prot,UMAP,seq_4039,0,5.071558,0.32212266
Mistral-Prot,UMAP,seq_4040,0,0.77399063,1.0448599
Mistral-Prot,UMAP,seq_4041,0,5.5539856,0.3747355
Mistral-Prot,UMAP,seq_4042,0,1.2034444,0.7616441
Mistral-Prot,UMAP,seq_4043,0,5.655773,0.0841807
Mistral-Prot,UMAP,seq_4044,0,2.0183694,-0.8098305
Mistral-Prot,UMAP,seq_4045,0,1.8014555,0.64115316
Mistral-Prot,UMAP,seq_4046,0,0.25976717,0.7078633
Mistral-Prot,UMAP,seq_4047,0,6.1510353,1.2499369
Mistral-Prot,UMAP,seq_4048,0,3.5775876,2.4985354
Mistral-Prot,UMAP,seq_4049,0,-1.02719,-0.0123917
Mistral-Prot,UMAP,seq_4050,0,7.1839104,0.3512975
Mistral-Prot,UMAP,seq_4051,0,4.572232,2.049822
Mistral-Prot,UMAP,seq_4052,0,3.5455542,-1.1157225
Mistral-Prot,UMAP,seq_4053,0,3.449931,-0.06686696
Mistral-Prot,UMAP,seq_4054,0,3.0758417,0.83566517
Mistral-Prot,UMAP,seq_4055,0,1.3431821,-0.36713144
Mistral-Prot,UMAP,seq_4056,0,2.2285194,-0.7216613
Mistral-Prot,UMAP,seq_4057,0,3.1302497,-0.6042757
Mistral-Prot,UMAP,seq_4058,0,3.1324432,1.1825092
Mistral-Prot,UMAP,seq_4059,0,3.7888386,1.9966216
Mistral-Prot,UMAP,seq_4060,0,2.3578713,1.6018239
Mistral-Prot,UMAP,seq_4061,0,2.279986,-1.3129491
Mistral-Prot,UMAP,seq_4062,0,6.3373284,0.7698439
Mistral-Prot,UMAP,seq_4063,0,4.919595,0.67946154
Mistral-Prot,UMAP,seq_4064,0,2.5105894,1.1740981
Mistral-Prot,UMAP,seq_4065,0,4.554071,-0.3154064
Mistral-Prot,UMAP,seq_4066,0,6.537632,1.0709245
Mistral-Prot,UMAP,seq_4067,0,6.775735,-0.52397335
Mistral-Prot,UMAP,seq_4068,0,4.2988725,1.4747449
Mistral-Prot,UMAP,seq_4069,0,2.7271607,2.5397031
Mistral-Prot,UMAP,seq_4070,0,6.385958,0.5412625
Mistral-Prot,UMAP,seq_4071,0,6.0588727,1.826159
Mistral-Prot,UMAP,seq_4072,0,3.64162,1.1186668
Mistral-Prot,UMAP,seq_4073,0,-0.080500886,1.0306469
Mistral-Prot,UMAP,seq_4074,0,1.0206231,1.188731
Mistral-Prot,UMAP,seq_4075,0,3.5218158,3.2551713
Mistral-Prot,UMAP,seq_4076,0,0.3147907,1.4311218
Mistral-Prot,UMAP,seq_4077,0,2.8767452,2.7713022
Mistral-Prot,UMAP,seq_4078,0,6.3868623,0.1812159
Mistral-Prot,UMAP,seq_4079,0,6.748595,0.6801068
Mistral-Prot,UMAP,seq_4080,0,3.8630219,0.43181795
Mistral-Prot,UMAP,seq_4081,0,5.4852114,1.6243584
Mistral-Prot,UMAP,seq_4082,0,2.2216656,0.25752294
Mistral-Prot,UMAP,seq_4083,0,3.0446231,0.9756597
Mistral-Prot,UMAP,seq_4084,0,4.207722,3.6306002
Mistral-Prot,UMAP,seq_4085,0,0.9606015,1.0688837
Mistral-Prot,UMAP,seq_4086,0,4.2537203,1.2548774
Mistral-Prot,UMAP,seq_4087,0,5.012991,0.95229286
Mistral-Prot,UMAP,seq_4088,0,2.000136,0.94950336
Mistral-Prot,UMAP,seq_4089,0,7.1519804,-0.05048581
Mistral-Prot,UMAP,seq_4090,0,2.121643,0.9056547
Mistral-Prot,UMAP,seq_4091,0,2.6371293,2.440755
Mistral-Prot,UMAP,seq_4092,0,3.1653395,0.7000197
Mistral-Prot,UMAP,seq_4093,0,5.281101,-1.2384012
Mistral-Prot,UMAP,seq_4094,0,7.0601697,0.94415724
Mistral-Prot,UMAP,seq_4095,0,3.7078702,2.5584848
Mistral-Prot,UMAP,seq_4096,0,5.6382675,1.482645
Mistral-Prot,UMAP,seq_4097,0,-1.2719609,0.17595567
Mistral-Prot,UMAP,seq_4098,0,4.1861334,0.624747
Mistral-Prot,UMAP,seq_4099,0,1.5022105,1.6865097
Mistral-Prot,UMAP,seq_4100,0,5.063809,1.9447876
Mistral-Prot,UMAP,seq_4101,0,4.712413,-0.65882343
Mistral-Prot,UMAP,seq_4102,0,7.533532,0.06199499
Mistral-Prot,UMAP,seq_4103,0,5.692731,1.9150225
Mistral-Prot,UMAP,seq_4104,0,0.2155159,0.5441458
Mistral-Prot,UMAP,seq_4105,0,3.5008423,3.3237972
Mistral-Prot,UMAP,seq_4106,0,3.7115004,0.4781982
Mistral-Prot,UMAP,seq_4107,0,4.9409842,0.8145897
Mistral-Prot,UMAP,seq_4108,0,4.5760617,1.0671952
Mistral-Prot,UMAP,seq_4109,0,6.2418857,-0.1341604
Mistral-Prot,UMAP,seq_4110,0,3.5385647,-0.8438055
Mistral-Prot,UMAP,seq_4111,0,2.570075,1.6034261
Mistral-Prot,UMAP,seq_4112,0,0.48526812,0.24006063
Mistral-Prot,UMAP,seq_4113,0,7.3505287,0.2743465
Mistral-Prot,UMAP,seq_4114,0,4.9113846,0.36108053
Mistral-Prot,UMAP,seq_4115,0,4.944507,-0.19500192
Mistral-Prot,UMAP,seq_4116,0,4.9383683,-0.8850129
Mistral-Prot,UMAP,seq_4117,0,-1.1384044,0.23676735
Mistral-Prot,UMAP,seq_4118,0,0.84341276,-0.66418886
Mistral-Prot,UMAP,seq_4119,0,3.8419073,-1.7489393
Mistral-Prot,UMAP,seq_4120,0,1.6416711,-0.3888077
Mistral-Prot,UMAP,seq_4121,0,5.344327,0.98377734
Mistral-Prot,UMAP,seq_4122,0,7.403762,-0.15269025
Mistral-Prot,UMAP,seq_4123,0,5.307329,-1.1483806
Mistral-Prot,UMAP,seq_4124,0,7.584916,1.5580236
Mistral-Prot,UMAP,seq_4125,0,4.380603,3.1916094
Mistral-Prot,UMAP,seq_4126,0,1.757177,1.3423845
Mistral-Prot,UMAP,seq_4127,0,1.7727907,-0.5769795
Mistral-Prot,UMAP,seq_4128,0,4.0221167,3.6814077
Mistral-Prot,UMAP,seq_4129,0,3.9672258,1.123648
Mistral-Prot,UMAP,seq_4130,0,3.3487215,1.7567339
Mistral-Prot,UMAP,seq_4131,0,3.4493897,0.40167677
Mistral-Prot,UMAP,seq_4132,0,1.3153392,-0.29444686
Mistral-Prot,UMAP,seq_4133,0,4.151254,2.7329054
Mistral-Prot,UMAP,seq_4134,0,2.3387647,0.11851618
Mistral-Prot,UMAP,seq_4135,0,0.44690648,0.94245243
Mistral-Prot,UMAP,seq_4136,0,5.7834625,0.7706721
Mistral-Prot,UMAP,seq_4137,0,1.5609605,-0.6319172
Mistral-Prot,UMAP,seq_4138,0,0.7612685,-0.2189656
Mistral-Prot,UMAP,seq_4139,0,0.9309935,1.303927
Mistral-Prot,UMAP,seq_4140,0,4.63409,2.3902857
Mistral-Prot,UMAP,seq_4141,0,1.6944904,2.0205245
Mistral-Prot,UMAP,seq_4142,0,4.0100346,1.2793181
Mistral-Prot,UMAP,seq_4143,0,2.3835988,0.55279636
Mistral-Prot,UMAP,seq_4144,0,-0.8802825,0.22942287
Mistral-Prot,UMAP,seq_4145,0,1.4501755,1.2499835
Mistral-Prot,UMAP,seq_4146,0,2.4120493,2.2928255
Mistral-Prot,UMAP,seq_4147,0,3.7700415,-0.886243
Mistral-Prot,UMAP,seq_4148,0,1.0730735,0.83121383
Mistral-Prot,UMAP,seq_4149,0,5.028817,0.010637986
Mistral-Prot,UMAP,seq_4150,0,3.1585927,3.01267
Mistral-Prot,UMAP,seq_4151,0,5.6664977,0.882486
Mistral-Prot,UMAP,seq_4152,0,5.159034,0.6179121
Mistral-Prot,UMAP,seq_4153,0,0.63862705,-0.11681989
Mistral-Prot,UMAP,seq_4154,0,-0.27894354,0.28617916
Mistral-Prot,UMAP,seq_4155,0,3.3762517,-0.18651092
Mistral-Prot,UMAP,seq_4156,0,2.5271058,-1.1848431
Mistral-Prot,UMAP,seq_4157,0,4.4022365,3.6316316
Mistral-Prot,UMAP,seq_4158,0,5.543239,-0.046932515
Mistral-Prot,UMAP,seq_4159,0,2.771764,0.9269068
Mistral-Prot,UMAP,seq_4160,0,5.60523,1.1379437
Mistral-Prot,UMAP,seq_4161,0,4.0963817,-1.0416696
Mistral-Prot,UMAP,seq_4162,0,1.5344182,1.0053556
Mistral-Prot,UMAP,seq_4163,0,4.9237432,1.0737648
Mistral-Prot,UMAP,seq_4164,0,3.9046917,3.6624396
Mistral-Prot,UMAP,seq_4165,0,2.8068326,1.6823602
Mistral-Prot,UMAP,seq_4166,0,6.1258364,1.8784641
Mistral-Prot,UMAP,seq_4167,0,4.117797,3.7114804
Mistral-Prot,UMAP,seq_4168,0,2.42148,3.1597126
Mistral-Prot,UMAP,seq_4169,0,4.7901015,1.6248832
Mistral-Prot,UMAP,seq_4170,0,0.20166373,0.67700857
Mistral-Prot,UMAP,seq_4171,0,3.617371,1.1717771
Mistral-Prot,UMAP,seq_4172,0,5.0924172,-1.2930005
Mistral-Prot,UMAP,seq_4173,0,5.062087,2.7949426
Mistral-Prot,UMAP,seq_4174,0,2.006237,1.9790924
Mistral-Prot,UMAP,seq_4175,0,5.7206836,-0.08891261
Mistral-Prot,UMAP,seq_4176,0,4.761944,2.1412702
Mistral-Prot,UMAP,seq_4177,0,4.8041105,0.32851774
Mistral-Prot,UMAP,seq_4178,0,3.5318112,1.8486768
Mistral-Prot,UMAP,seq_4179,0,3.2855744,1.6263602
Mistral-Prot,UMAP,seq_4180,0,2.0005498,-0.8902362
Mistral-Prot,UMAP,seq_4181,0,0.5844965,0.8381181
Mistral-Prot,UMAP,seq_4182,0,5.758303,2.0209987
Mistral-Prot,UMAP,seq_4183,0,5.316033,1.7346948
Mistral-Prot,UMAP,seq_4184,0,4.1969285,3.5753782
Mistral-Prot,UMAP,seq_4185,0,5.9283657,1.4030684
Mistral-Prot,UMAP,seq_4186,0,5.374933,-0.89982986
Mistral-Prot,UMAP,seq_4187,0,7.197905,0.4178442
Mistral-Prot,UMAP,seq_4188,0,5.7964005,1.4293886
Mistral-Prot,UMAP,seq_4189,0,4.431875,1.4105185
Mistral-Prot,UMAP,seq_4190,0,2.7691576,-0.4372499
Mistral-Prot,UMAP,seq_4191,0,1.7973139,0.25709945
Mistral-Prot,UMAP,seq_4192,0,6.309851,0.74885917
Mistral-Prot,UMAP,seq_4193,0,1.0686888,0.6784871
